<?xml version = '1.0' encoding = 'UTF-8'?>
<Table class="oracle.dbtools.crest.model.design.relational.Table" directorySegmentName="seg_0" id="0129CD44-1400-73FA-6BF7-1E1DDD6569FC" name="SIEDU_PARAMETRO_EVALUACION">
<createdBy>itc</createdBy>
<createdTime>2016-03-10 11:14:31 UTC</createdTime>
<commentInRDBMS>Tabla de Parámetros de Evaluación. Contiene Preguntas, Aspectos, Factores, de acuerdo a la columna tipo que viene del domino correspondiente</commentInRDBMS>
<generatorID>Generado por el Usuario</generatorID>
<ownerDesignName>ERD_POLICIA</ownerDesignName>
<allowColumnReorder>false</allowColumnReorder>
<existDependencyGenerateInDDl>true</existDependencyGenerateInDDl>
<columns itemClass="oracle.dbtools.crest.model.design.relational.Column">
<Column name="peval_peval" id="3A608AD0-E923-37A4-61B4-1B91C8947929">
<createdBy>itc</createdBy>
<createdTime>2016-03-10 11:15:04 UTC</createdTime>
<commentInRDBMS>Identificador del Parámetro de Evaluación</commentInRDBMS>
<generatorID>Generado por el Usuario</generatorID>
<ownerDesignName>ERD_POLICIA</ownerDesignName>
<useDomainConstraints>false</useDomainConstraints>
<use>1</use>
<logicalDatatype>LOGDT019</logicalDatatype>
<dataTypePrecision>8</dataTypePrecision>
<autoIncrementCycle>false</autoIncrementCycle>
</Column>
<Column name="peval_descri" id="041EA127-5E74-1F10-0314-51EAE449B0CC">
<createdBy>Manuel</createdBy>
<createdTime>2016-03-18 02:10:49 UTC</createdTime>
<comment>Descripción del Parámetro de Evaluación</comment>
<commentInRDBMS>Descripción del Parámetro de Evaluación</commentInRDBMS>
<generatorID>Generado por el Usuario</generatorID>
<ownerDesignName>ERD_POLICIA</ownerDesignName>
<useDomainConstraints>false</useDomainConstraints>
<use>1</use>
<logicalDatatype>LOGDT024</logicalDatatype>
<dataTypeSize>200</dataTypeSize>
<autoIncrementCycle>false</autoIncrementCycle>
</Column>
<Column name="peval_dom_tipo" id="5812189D-1A45-1867-823B-9536446182C9">
<createdBy>itc</createdBy>
<createdTime>2016-04-21 18:00:01 UTC</createdTime>
<commentInRDBMS>Tipo de Registro (DOMINIO PENDIENTE), Preguntas, Aspectos, Factores.</commentInRDBMS>
<generatorID>Generado por el Usuario</generatorID>
<ownerDesignName>ERD_POLICIA</ownerDesignName>
<useDomainConstraints>false</useDomainConstraints>
<use>1</use>
<logicalDatatype>LOGDT019</logicalDatatype>
<dataTypePrecision>4</dataTypePrecision>
<delegate>A3C90245-99FA-BF1F-B007-6D350ACB94DA</delegate>
<previousColumn>false</previousColumn>
<autoIncrementCycle>false</autoIncrementCycle>
<associations>
<colAssociation fkAssociation="B652C572-3AFC-4082-3948-ABA35E50304F" referredColumn="A3C90245-99FA-BF1F-B007-6D350ACB94DA"/>
</associations>
</Column>
</columns>
<indexes itemClass="oracle.dbtools.crest.model.design.relational.Index">
<ind_PK_UK id="0EFD21DF-48C0-C208-73CB-294C07BBF0E8" name="PEND_PARAMETRO_EVALUACION_PK">
<createdBy>itc</createdBy>
<createdTime>2016-03-10 11:15:23 UTC</createdTime>
<generatorID>Generado por el Usuario</generatorID>
<ownerDesignName>ERD_POLICIA</ownerDesignName>
<pk>true</pk>
<indexState>Primary Constraint</indexState>
<isSurrogateKey>false</isSurrogateKey>
<indexColumnUsage>
<colUsage columnID="3A608AD0-E923-37A4-61B4-1B91C8947929"/>
</indexColumnUsage>
</ind_PK_UK>
<ind_PK_UK id="2CF6EE1C-8CA2-161C-2D79-0C9C7082EE2C" name="SIEDU_PARAMETRO_EVALUACION_UK">
<createdBy>Manuel</createdBy>
<createdTime>2016-05-28 23:39:38 UTC</createdTime>
<generatorID>Generado por el Usuario</generatorID>
<ownerDesignName>ERD_POLICIA</ownerDesignName>
<indexState>Unique Constraint</indexState>
<isSurrogateKey>false</isSurrogateKey>
<indexColumnUsage>
<colUsage columnID="041EA127-5E74-1F10-0314-51EAE449B0CC"/>
</indexColumnUsage>
</ind_PK_UK>
<ind_PK_UK id="A41278E7-B97F-556C-23BB-E37D4245E7E5" name="SIEDU_PARAM_EVAL_DOM_TIPO_FK">
<createdBy>itc</createdBy>
<createdTime>2016-04-21 18:12:16 UTC</createdTime>
<generatorID>Generado por el Usuario</generatorID>
<ownerDesignName>ERD_POLICIA</ownerDesignName>
<indexState>Foreign Key</indexState>
<isSurrogateKey>false</isSurrogateKey>
<indexColumnUsage>
<colUsage columnID="5812189D-1A45-1867-823B-9536446182C9"/>
</indexColumnUsage>
</ind_PK_UK>
</indexes>
</Table>