<?xml version = '1.0' encoding = 'UTF-8'?>
<Table class="oracle.dbtools.crest.model.design.relational.Table" directorySegmentName="seg_0" id="01F4D26F-75C4-21B8-5693-29C6CC137DAD" name="SIEDU_FORMA_ESCUELA_COHORTE">
<sourceDDLFile>siedu_foema_Escuela_cohorte.sql</sourceDDLFile>
<createdBy>Manuel</createdBy>
<createdTime>2016-01-24 16:31:39 UTC</createdTime>
<commentInRDBMS>Definición de cohortes por Escuela para el registro de PAE Formación</commentInRDBMS>
<generatorID>Generado por el Usuario</generatorID>
<ownerDesignName>ERD_POLICIA</ownerDesignName>
<importedID>B8B8A222-B3EE-764A-389B-6DF03B2D527A</importedID>
<allowColumnReorder>false</allowColumnReorder>
<existDependencyGenerateInDDl>true</existDependencyGenerateInDDl>
<columns itemClass="oracle.dbtools.crest.model.design.relational.Column">
<Column name="freh_form" id="3C748635-3354-1211-15F5-8D4EEC8CADC4">
<createdBy>Manuel</createdBy>
<createdTime>2016-01-24 16:31:39 UTC</createdTime>
<commentInRDBMS>Identificador del registro de PAE Formación</commentInRDBMS>
<generatorID>Generado por el Usuario</generatorID>
<ownerDesignName>ERD_POLICIA</ownerDesignName>
<importedID>94395120-5333-E83D-CA47-099F64445BD3</importedID>
<useDomainConstraints>false</useDomainConstraints>
<use>1</use>
<logicalDatatype>LOGDT019</logicalDatatype>
<dataTypePrecision>6</dataTypePrecision>
<delegate>4D7497F6-0A9E-3584-28A6-5A53F75AB2C8</delegate>
<autoIncrementCycle>false</autoIncrementCycle>
<associations>
<colAssociation fkAssociation="475CEF54-5FD8-A466-CAD2-A803AEC51788" referredColumn="4D7497F6-0A9E-3584-28A6-5A53F75AB2C8"/>
</associations>
</Column>
<Column name="freh_fuerza" id="46341F3E-7072-5784-AA99-27CE4EDDCF7F">
<sourceDDLFile>siedu_foema_Escuela_cohorte.sql</sourceDDLFile>
<createdBy>Manuel</createdBy>
<createdTime>2016-01-24 16:31:39 UTC</createdTime>
<commentInRDBMS>Identificador de Fuerza</commentInRDBMS>
<generatorID>Generado por el Usuario</generatorID>
<ownerDesignName>ERD_POLICIA</ownerDesignName>
<importedID>8A22C99D-63D0-D802-A423-8B2276D52CE6</importedID>
<useDomainConstraints>false</useDomainConstraints>
<use>1</use>
<logicalDatatype>LOGDT019</logicalDatatype>
<dataTypePrecision>1</dataTypePrecision>
<delegate>9DC6FD44-15E5-6368-E30B-69D930BB91CC</delegate>
<autoIncrementCycle>false</autoIncrementCycle>
<associations>
<colAssociation fkAssociation="475CEF54-5FD8-A466-CAD2-A803AEC51788" referredColumn="9DC6FD44-15E5-6368-E30B-69D930BB91CC"/>
</associations>
</Column>
<Column name="freh_escu" id="0FFC78E1-387B-D956-B18B-F8DB295AF610">
<sourceDDLFile>siedu_foema_Escuela_cohorte.sql</sourceDDLFile>
<createdBy>Manuel</createdBy>
<createdTime>2016-01-24 16:31:39 UTC</createdTime>
<commentInRDBMS>Identificador de la Escuela. Unidades_Dependencia (ESCUELA)</commentInRDBMS>
<generatorID>Generado por el Usuario</generatorID>
<ownerDesignName>ERD_POLICIA</ownerDesignName>
<importedID>A7CE1709-E663-2DD6-28FB-EEAE98A31E02</importedID>
<useDomainConstraints>false</useDomainConstraints>
<use>1</use>
<logicalDatatype>LOGDT019</logicalDatatype>
<delegate>2FB5E18F-BE70-8D0E-8728-565DE064A66E</delegate>
<autoIncrementCycle>false</autoIncrementCycle>
<associations>
<colAssociation fkAssociation="475CEF54-5FD8-A466-CAD2-A803AEC51788" referredColumn="2FB5E18F-BE70-8D0E-8728-565DE064A66E"/>
</associations>
</Column>
<Column name="freh_coho" id="62292950-7944-7FDA-C2D5-F6217A93C084">
<sourceDDLFile>siedu_foema_Escuela_cohorte.sql</sourceDDLFile>
<createdBy>Manuel</createdBy>
<createdTime>2016-01-24 16:31:39 UTC</createdTime>
<commentInRDBMS>Secuencial identificador de la cohorte de la Escuela en el registro de PAE Formación.</commentInRDBMS>
<generatorID>Generado por el Usuario</generatorID>
<ownerDesignName>ERD_POLICIA</ownerDesignName>
<importedID>C2185A67-8EE4-8BD3-2143-EDEDC68088C4</importedID>
<useDomainConstraints>false</useDomainConstraints>
<use>1</use>
<logicalDatatype>LOGDT019</logicalDatatype>
<dataTypePrecision>2</dataTypePrecision>
<autoIncrementCycle>false</autoIncrementCycle>
</Column>
<Column name="freh_coho_consecu" id="BE2A94DA-D162-54B4-66A4-D41B92D251BA">
<sourceDDLFile>siedu_foema_Escuela_cohorte.sql</sourceDDLFile>
<createdBy>Manuel</createdBy>
<createdTime>2016-01-24 16:31:39 UTC</createdTime>
<commentInRDBMS>Consecutivo para la cohorte en la escuela.  Único por Escuela.</commentInRDBMS>
<generatorID>Generado por el Usuario</generatorID>
<ownerDesignName>ERD_POLICIA</ownerDesignName>
<importedID>CB74FB9B-ABD4-A46D-6858-F53B05AA1C61</importedID>
<nullsAllowed>true</nullsAllowed>
<useDomainConstraints>false</useDomainConstraints>
<use>1</use>
<logicalDatatype>LOGDT019</logicalDatatype>
<dataTypePrecision>4</dataTypePrecision>
<autoIncrementCycle>false</autoIncrementCycle>
</Column>
<Column name="freh_fecha_ini" id="B0EF27FB-79E2-2B5B-9918-A3D59AC609D2">
<sourceDDLFile>siedu_foema_Escuela_cohorte.sql</sourceDDLFile>
<createdBy>Manuel</createdBy>
<createdTime>2016-01-24 16:31:39 UTC</createdTime>
<commentInRDBMS>Fecha de inicio de la cohorte</commentInRDBMS>
<generatorID>Generado por el Usuario</generatorID>
<ownerDesignName>ERD_POLICIA</ownerDesignName>
<importedID>A57AF9A6-AA75-E0B6-B176-B5FB15B22204</importedID>
<useDomainConstraints>false</useDomainConstraints>
<use>1</use>
<logicalDatatype>LOGDT007</logicalDatatype>
<autoIncrementCycle>false</autoIncrementCycle>
</Column>
<Column name="freh_fecha_fin" id="D71E25E9-6D22-47BE-1FCF-F64E5A03B1F2">
<sourceDDLFile>siedu_foema_Escuela_cohorte.sql</sourceDDLFile>
<createdBy>Manuel</createdBy>
<createdTime>2016-01-24 16:31:39 UTC</createdTime>
<commentInRDBMS>Fecha fin de la cohorte</commentInRDBMS>
<generatorID>Generado por el Usuario</generatorID>
<ownerDesignName>ERD_POLICIA</ownerDesignName>
<importedID>4BD0297F-FA37-B4F2-8EEB-1D7AE6504933</importedID>
<useDomainConstraints>false</useDomainConstraints>
<use>1</use>
<logicalDatatype>LOGDT007</logicalDatatype>
<autoIncrementCycle>false</autoIncrementCycle>
</Column>
<Column name="freh_nro_estu" id="9DC8F41C-1952-7D89-0593-4F0EC98290F0">
<sourceDDLFile>siedu_foema_Escuela_cohorte.sql</sourceDDLFile>
<createdBy>Manuel</createdBy>
<createdTime>2016-01-24 16:31:39 UTC</createdTime>
<commentInRDBMS>Número de participantes definido para la cohorte.</commentInRDBMS>
<generatorID>Generado por el Usuario</generatorID>
<ownerDesignName>ERD_POLICIA</ownerDesignName>
<importedID>E1BAE188-FFB1-DBEA-0DEA-7299238EF096</importedID>
<nullsAllowed>true</nullsAllowed>
<useDomainConstraints>false</useDomainConstraints>
<use>1</use>
<logicalDatatype>LOGDT019</logicalDatatype>
<dataTypePrecision>4</dataTypePrecision>
<autoIncrementCycle>false</autoIncrementCycle>
</Column>
<Column name="freh_dom_modal" id="7E546570-F62B-DE0C-673A-C271E2AD4B3E">
<sourceDDLFile>siedu_foema_Escuela_cohorte.sql</sourceDDLFile>
<createdBy>Manuel</createdBy>
<createdTime>2016-01-24 16:31:39 UTC</createdTime>
<commentInRDBMS>Modalidad de la Cohorte de formación de la escuela. Modalidad ( DOMINIO METODOLOGIA )</commentInRDBMS>
<generatorID>Generado por el Usuario</generatorID>
<ownerDesignName>ERD_POLICIA</ownerDesignName>
<importedID>FB8FBE74-4228-BA8D-F961-C04A0A785D48</importedID>
<nullsAllowed>true</nullsAllowed>
<useDomainConstraints>false</useDomainConstraints>
<use>1</use>
<logicalDatatype>LOGDT019</logicalDatatype>
<dataTypePrecision>4</dataTypePrecision>
<autoIncrementCycle>false</autoIncrementCycle>
</Column>
</columns>
<indexes itemClass="oracle.dbtools.crest.model.design.relational.Index">
<ind_PK_UK id="0AD8453A-5B6F-E9FB-B2C0-4B5057AE8839" name="FORMACION_ESCUELA_COHORTE_PK">
<sourceDDLFile>siedu_foema_Escuela_cohorte.sql</sourceDDLFile>
<createdBy>Manuel</createdBy>
<createdTime>2016-01-24 16:31:39 UTC</createdTime>
<generatorID>Generado por el Usuario</generatorID>
<ownerDesignName>ERD_POLICIA</ownerDesignName>
<importedID>F589D5F0-052A-F5AE-47D9-AF53911C0506</importedID>
<pk>true</pk>
<indexState>Primary Constraint</indexState>
<isSurrogateKey>false</isSurrogateKey>
<indexColumnUsage>
<colUsage columnID="62292950-7944-7FDA-C2D5-F6217A93C084"/>
<colUsage columnID="46341F3E-7072-5784-AA99-27CE4EDDCF7F"/>
<colUsage columnID="0FFC78E1-387B-D956-B18B-F8DB295AF610"/>
<colUsage columnID="3C748635-3354-1211-15F5-8D4EEC8CADC4"/>
</indexColumnUsage>
</ind_PK_UK>
<ind_PK_UK id="0613BABF-7C06-7EA2-C6A1-51860222FD21" name="ESCUELA_COHORTE_UK">
<sourceDDLFile>siedu_foema_Escuela_cohorte.sql</sourceDDLFile>
<createdBy>Manuel</createdBy>
<createdTime>2016-01-24 16:31:39 UTC</createdTime>
<generatorID>Generado por el Usuario</generatorID>
<ownerDesignName>ERD_POLICIA</ownerDesignName>
<importedID>4D06097E-B559-CBB6-07DF-E442D71A6C70</importedID>
<indexState>Unique Constraint</indexState>
<isSurrogateKey>false</isSurrogateKey>
<indexColumnUsage>
<colUsage columnID="3C748635-3354-1211-15F5-8D4EEC8CADC4"/>
<colUsage columnID="46341F3E-7072-5784-AA99-27CE4EDDCF7F"/>
<colUsage columnID="0FFC78E1-387B-D956-B18B-F8DB295AF610"/>
<colUsage columnID="BE2A94DA-D162-54B4-66A4-D41B92D251BA"/>
</indexColumnUsage>
</ind_PK_UK>
<ind_PK_UK id="E50315AF-3BD3-D416-34DF-5719C74F86FE" name="FRM_ESCLA_COHRTE_FORM_ESCLA_FK">
<createdBy>Manuel</createdBy>
<createdTime>2016-01-24 16:31:39 UTC</createdTime>
<generatorID>Generado por el Usuario</generatorID>
<ownerDesignName>ERD_POLICIA</ownerDesignName>
<indexState>Foreign Key</indexState>
<isSurrogateKey>false</isSurrogateKey>
<indexColumnUsage>
<colUsage columnID="3C748635-3354-1211-15F5-8D4EEC8CADC4"/>
<colUsage columnID="46341F3E-7072-5784-AA99-27CE4EDDCF7F"/>
<colUsage columnID="0FFC78E1-387B-D956-B18B-F8DB295AF610"/>
</indexColumnUsage>
</ind_PK_UK>
</indexes>
</Table>