<?xml version = '1.0' encoding = 'UTF-8'?>
<Table class="oracle.dbtools.crest.model.design.relational.Table" directorySegmentName="seg_0" id="08045D6A-4EEC-EFC4-1963-4F5E07649CB8" name="SIEDU_PARTICIPANTE_EVENTO">
<createdBy>Manuel</createdBy>
<createdTime>2016-03-04 04:38:42 UTC</createdTime>
<commentInRDBMS>Tabla de que relaciona a las Personas Participantes del Evento</commentInRDBMS>
<generatorID>Generado por el Usuario</generatorID>
<ownerDesignName>ERD_POLICIA</ownerDesignName>
<allowColumnReorder>false</allowColumnReorder>
<existDependencyGenerateInDDl>true</existDependencyGenerateInDDl>
<columns itemClass="oracle.dbtools.crest.model.design.relational.Column">
<Column name="pare_pare" id="56B0220B-E93B-F29A-AC4C-C0731C7E47CF">
<createdBy>Manuel</createdBy>
<createdTime>2016-03-04 04:39:39 UTC</createdTime>
<commentInRDBMS>Secuencial identificador del registro</commentInRDBMS>
<generatorID>Generado por el Usuario</generatorID>
<ownerDesignName>ERD_POLICIA</ownerDesignName>
<useDomainConstraints>false</useDomainConstraints>
<use>1</use>
<logicalDatatype>LOGDT019</logicalDatatype>
<dataTypePrecision>8</dataTypePrecision>
<autoIncrementCycle>false</autoIncrementCycle>
</Column>
<Column name="pare_evee" id="9EAB693C-5229-AA9D-E0D1-9986929A981D">
<createdBy>Manuel</createdBy>
<createdTime>2016-03-04 04:40:25 UTC</createdTime>
<commentInRDBMS>Identificador del Evento Escuela</commentInRDBMS>
<generatorID>Generado por el Usuario</generatorID>
<ownerDesignName>ERD_POLICIA</ownerDesignName>
<useDomainConstraints>false</useDomainConstraints>
<use>1</use>
<logicalDatatype>LOGDT019</logicalDatatype>
<dataTypePrecision>6</dataTypePrecision>
<delegate>98B51B8C-8599-502F-63A9-A41AD463BB12</delegate>
<previousColumn>false</previousColumn>
<autoIncrementCycle>false</autoIncrementCycle>
<associations>
<colAssociation fkAssociation="257149EF-14D7-A68D-7AEA-0223B82875FE" referredColumn="98B51B8C-8599-502F-63A9-A41AD463BB12"/>
</associations>
</Column>
<Column name="pare_pers" id="530ADA81-9339-01B4-F969-AFF7A219F6E6">
<createdBy>Manuel</createdBy>
<createdTime>2016-03-06 22:11:28 UTC</createdTime>
<commentInRDBMS>Identificador de Persona del Participante</commentInRDBMS>
<generatorID>Generado por el Usuario</generatorID>
<ownerDesignName>ERD_POLICIA</ownerDesignName>
<useDomainConstraints>false</useDomainConstraints>
<use>1</use>
<logicalDatatype>LOGDT019</logicalDatatype>
<dataTypePrecision>10</dataTypePrecision>
<delegate>5655400A-4792-C20D-17CF-6697E579D26D</delegate>
<previousColumn>false</previousColumn>
<autoIncrementCycle>false</autoIncrementCycle>
<associations>
<colAssociation fkAssociation="4B166503-2096-1746-781E-A3B0BFB977B2" referredColumn="5655400A-4792-C20D-17CF-6697E579D26D"/>
</associations>
</Column>
<Column name="pare_estado" id="37956AD6-C97C-38CA-2024-AB44D476D064">
<createdBy>Manuel</createdBy>
<createdTime>2016-03-04 04:47:43 UTC</createdTime>
<commentInRDBMS>Estado de la participación del empleado al Evento. P-Pendiente, A-Aprobado, N-No Aprobado, D-Desertado</commentInRDBMS>
<generatorID>Generado por el Usuario</generatorID>
<ownerDesignName>ERD_POLICIA</ownerDesignName>
<nullsAllowed>true</nullsAllowed>
<useDomainConstraints>false</useDomainConstraints>
<use>1</use>
<logicalDatatype>LOGDT024</logicalDatatype>
<dataTypeSize>1</dataTypeSize>
<autoIncrementCycle>false</autoIncrementCycle>
</Column>
<Column name="pare_edad" id="61C7EE60-A658-8E50-CD4A-35847057B146">
<createdBy>Manuel</createdBy>
<createdTime>2016-03-08 03:55:20 UTC</createdTime>
<commentInRDBMS>Edad del participante al momento del Evento</commentInRDBMS>
<generatorID>Generado por el Usuario</generatorID>
<ownerDesignName>ERD_POLICIA</ownerDesignName>
<useDomainConstraints>false</useDomainConstraints>
<use>1</use>
<logicalDatatype>LOGDT019</logicalDatatype>
<dataTypePrecision>2</dataTypePrecision>
<autoIncrementCycle>false</autoIncrementCycle>
</Column>
<Column name="pare_cumple_perfil" id="D845B5D7-7453-0365-06FD-271D83A8675A">
<createdBy>Manuel</createdBy>
<createdTime>2016-03-08 03:55:20 UTC</createdTime>
<commentInRDBMS>Indica el cumplimiento del perfil S-Si, N-No</commentInRDBMS>
<generatorID>Generado por el Usuario</generatorID>
<ownerDesignName>ERD_POLICIA</ownerDesignName>
<useDomainConstraints>false</useDomainConstraints>
<use>1</use>
<logicalDatatype>LOGDT024</logicalDatatype>
<dataTypeSize>1</dataTypeSize>
<autoIncrementCycle>false</autoIncrementCycle>
</Column>
<Column name="pare_tiempo_servicio" id="C6C1AFC1-EF13-EC2B-B4D9-1BE011483711">
<createdBy>Manuel</createdBy>
<createdTime>2016-03-08 03:55:20 UTC</createdTime>
<commentInRDBMS>Tiempo de servicio en años al momento de participar en el evento</commentInRDBMS>
<generatorID>Generado por el Usuario</generatorID>
<ownerDesignName>ERD_POLICIA</ownerDesignName>
<useDomainConstraints>false</useDomainConstraints>
<use>1</use>
<logicalDatatype>LOGDT019</logicalDatatype>
<dataTypePrecision>2</dataTypePrecision>
<autoIncrementCycle>false</autoIncrementCycle>
</Column>
<Column name="pare_ude_fuerza" id="FA4F3E52-72BF-11CE-8032-A7B4EAD3459A">
<createdBy>Manuel</createdBy>
<createdTime>2016-03-08 03:59:48 UTC</createdTime>
<commentInRDBMS>Fuerza donde labora el participante al momento del Evento</commentInRDBMS>
<generatorID>Generado por el Usuario</generatorID>
<ownerDesignName>ERD_POLICIA</ownerDesignName>
<useDomainConstraints>false</useDomainConstraints>
<use>1</use>
<logicalDatatype>LOGDT019</logicalDatatype>
<dataTypePrecision>1</dataTypePrecision>
<delegate>4076A69F-141B-8A12-719F-841011B5F436</delegate>
<previousColumn>false</previousColumn>
<autoIncrementCycle>false</autoIncrementCycle>
<associations>
<colAssociation fkAssociation="6C9D34DA-F046-6DE6-3180-E62D4E8FA291" referredColumn="4076A69F-141B-8A12-719F-841011B5F436"/>
<colAssociation fkAssociation="4717C76F-1B75-3673-5371-F8A9954A4F9C" referredColumn="B764DAD6-1855-4EAD-8A37-FCAD767947B5"/>
</associations>
</Column>
<Column name="pare_ude_udepe" id="F2E84680-04F5-B982-A9BE-E9533563ED48">
<createdBy>Manuel</createdBy>
<createdTime>2016-03-08 03:59:48 UTC</createdTime>
<commentInRDBMS>Dependencia donde labora el participante al momento del Evento</commentInRDBMS>
<generatorID>Generado por el Usuario</generatorID>
<ownerDesignName>ERD_POLICIA</ownerDesignName>
<useDomainConstraints>false</useDomainConstraints>
<use>1</use>
<logicalDatatype>LOGDT019</logicalDatatype>
<delegate>F6F05773-92EE-8132-AD3D-C0BD5E5218D8</delegate>
<previousColumn>false</previousColumn>
<autoIncrementCycle>false</autoIncrementCycle>
<associations>
<colAssociation fkAssociation="4717C76F-1B75-3673-5371-F8A9954A4F9C" referredColumn="F6F05773-92EE-8132-AD3D-C0BD5E5218D8"/>
</associations>
</Column>
<Column name="pare_cargo" id="35899D21-62DD-14F5-A9DC-6507B4E013F0">
<createdBy>Manuel</createdBy>
<createdTime>2016-03-08 04:19:40 UTC</createdTime>
<commentInRDBMS>Cargo del participante al momento del Evento</commentInRDBMS>
<generatorID>Generado por el Usuario</generatorID>
<ownerDesignName>ERD_POLICIA</ownerDesignName>
<useDomainConstraints>false</useDomainConstraints>
<use>1</use>
<logicalDatatype>LOGDT019</logicalDatatype>
<delegate>A2210E6E-F6AC-1EDA-77E1-38800581E097</delegate>
<previousColumn>false</previousColumn>
<autoIncrementCycle>false</autoIncrementCycle>
<associations>
<colAssociation fkAssociation="6C9D34DA-F046-6DE6-3180-E62D4E8FA291" referredColumn="A2210E6E-F6AC-1EDA-77E1-38800581E097"/>
</associations>
</Column>
<Column name="pare_grados_numerico" id="E104492F-4362-DE9E-8951-E5B489F4D0AA">
<createdBy>Manuel</createdBy>
<createdTime>2016-03-08 03:55:20 UTC</createdTime>
<generatorID>Generado por el Usuario</generatorID>
<ownerDesignName>ERD_POLICIA</ownerDesignName>
<useDomainConstraints>false</useDomainConstraints>
<use>1</use>
<logicalDatatype>LOGDT019</logicalDatatype>
<dataTypePrecision>6</dataTypePrecision>
<autoIncrementCycle>false</autoIncrementCycle>
</Column>
<Column name="pare_grados_id_categoria" id="D14DDF57-115D-0A2C-4D82-B9E462AF23F7">
<createdBy>Manuel</createdBy>
<createdTime>2016-03-08 03:55:20 UTC</createdTime>
<generatorID>Generado por el Usuario</generatorID>
<ownerDesignName>ERD_POLICIA</ownerDesignName>
<useDomainConstraints>false</useDomainConstraints>
<use>1</use>
<logicalDatatype>LOGDT019</logicalDatatype>
<dataTypePrecision>6</dataTypePrecision>
<autoIncrementCycle>false</autoIncrementCycle>
</Column>
</columns>
<indexes itemClass="oracle.dbtools.crest.model.design.relational.Index">
<ind_PK_UK id="08B8ECB8-BC07-4701-8CAC-F514FA2D907E" name="SIEDU_PARTICIPANTE_EVENTO_V2_PK">
<createdBy>Manuel</createdBy>
<createdTime>2016-03-04 04:39:39 UTC</createdTime>
<generatorID>Generado por el Usuario</generatorID>
<ownerDesignName>ERD_POLICIA</ownerDesignName>
<pk>true</pk>
<indexState>Primary Constraint</indexState>
<isSurrogateKey>false</isSurrogateKey>
<indexColumnUsage>
<colUsage columnID="56B0220B-E93B-F29A-AC4C-C0731C7E47CF"/>
</indexColumnUsage>
</ind_PK_UK>
<ind_PK_UK id="B4A8117F-7BFB-BD75-FBCB-DDB1A9031A63" name="SIEDU_PARTICIPA_EVEN_ESCU_FK">
<createdBy>Manuel</createdBy>
<createdTime>2016-03-04 04:40:25 UTC</createdTime>
<generatorID>Generado por el Usuario</generatorID>
<ownerDesignName>ERD_POLICIA</ownerDesignName>
<indexState>Foreign Key</indexState>
<isSurrogateKey>false</isSurrogateKey>
<indexColumnUsage>
<colUsage columnID="9EAB693C-5229-AA9D-E0D1-9986929A981D"/>
</indexColumnUsage>
</ind_PK_UK>
<ind_PK_UK id="C8BC4045-A446-3364-20C3-949FBB97A984" name="SIEDU_PARTICIPA_EVEN_PERS_FK">
<createdBy>Manuel</createdBy>
<createdTime>2016-03-06 22:11:28 UTC</createdTime>
<generatorID>Generado por el Usuario</generatorID>
<ownerDesignName>ERD_POLICIA</ownerDesignName>
<indexState>Foreign Key</indexState>
<isSurrogateKey>false</isSurrogateKey>
<indexColumnUsage>
<colUsage columnID="530ADA81-9339-01B4-F969-AFF7A219F6E6"/>
</indexColumnUsage>
</ind_PK_UK>
<ind_PK_UK id="5A3F03F3-0ED6-1609-6027-C9A259D6A7CC" name="SIEDU_PARTI_EVEN_UDE_FK">
<createdBy>Manuel</createdBy>
<createdTime>2016-03-08 03:59:48 UTC</createdTime>
<generatorID>Generado por el Usuario</generatorID>
<ownerDesignName>ERD_POLICIA</ownerDesignName>
<indexState>Foreign Key</indexState>
<isSurrogateKey>false</isSurrogateKey>
<indexColumnUsage>
<colUsage columnID="FA4F3E52-72BF-11CE-8032-A7B4EAD3459A"/>
<colUsage columnID="F2E84680-04F5-B982-A9BE-E9533563ED48"/>
</indexColumnUsage>
</ind_PK_UK>
<ind_PK_UK id="2127C4D2-55E7-7EF2-F19F-DB51D7982146" name="SIEDU_PARTI_EVEN_CARGOS_FK">
<createdBy>Manuel</createdBy>
<createdTime>2016-03-08 04:19:40 UTC</createdTime>
<generatorID>Generado por el Usuario</generatorID>
<ownerDesignName>ERD_POLICIA</ownerDesignName>
<indexState>Foreign Key</indexState>
<isSurrogateKey>false</isSurrogateKey>
<indexColumnUsage>
<colUsage columnID="FA4F3E52-72BF-11CE-8032-A7B4EAD3459A"/>
<colUsage columnID="35899D21-62DD-14F5-A9DC-6507B4E013F0"/>
</indexColumnUsage>
</ind_PK_UK>
</indexes>
<tableCheckConstraints itemClass="oracle.dbtools.crest.model.design.constraint.TableLevelConstraint">
<tableCheckConstraint name="SIEDU_PARTICIP_EVEN_ESTADO_CK" directorySegmentName="seg_1" id="A074C6B3-E13F-8B68-E9E4-D7A9DD312D63">
<createdBy>Manuel</createdBy>
<createdTime>2016-03-04 04:49:19 UTC</createdTime>
<generatorID>Generado por el Usuario</generatorID>
<ownerDesignName>ERD_POLICIA</ownerDesignName>
<rule>pare_estado in ( &apos;P&apos;, &apos;A&apos;, &apos;N&apos;,&apos;D&apos; )</rule>
</tableCheckConstraint>
<tableCheckConstraint name="SIEDU_PART_EVE_CUMPLE_PRFL_CK" directorySegmentName="seg_2" id="4D3399EE-A32C-2EB8-9AD2-D1CA884D328D">
<createdBy>Manuel</createdBy>
<createdTime>2016-03-10 01:50:25 UTC</createdTime>
<generatorID>Generado por el Usuario</generatorID>
<ownerDesignName>ERD_POLICIA</ownerDesignName>
<rule>pare_cumple_perfil in (&apos;S&apos;, &apos;N&apos;)</rule>
</tableCheckConstraint>
</tableCheckConstraints>
</Table>