<?xml version = '1.0' encoding = 'UTF-8'?>
<Table class="oracle.dbtools.crest.model.design.relational.Table" directorySegmentName="seg_0" id="09CDFDD6-D7F1-5A6A-38C7-33F536168A83" name="SIEDU_COMPETENCIA_EVENTO">
<sourceConnName>POLICIA</sourceConnName>
<sourceObjSchema>USR_DISIGAC2</sourceObjSchema>
<sourceObjName>SIEDU_COMPETENCIA_EVENTO</sourceObjName>
<createdBy>Manuel</createdBy>
<createdTime>2016-01-07 04:30:56 UTC</createdTime>
<generatorID>Generado por el Usuario</generatorID>
<ownerDesignName>ERD_POLICIA</ownerDesignName>
<schemaObject>ED8B0381-61E9-98DB-D254-F5EC1AB94C4F</schemaObject>
<allowColumnReorder>false</allowColumnReorder>
<existDependencyGenerateInDDl>true</existDependencyGenerateInDDl>
<columns itemClass="oracle.dbtools.crest.model.design.relational.Column">
<Column name="SIEDU_DETALL_EVENT_ID_DETALL" id="1B74FD17-39D1-E6DA-165F-54C233721F72">
<sourceConnName>POLICIA</sourceConnName>
<sourceObjSchema>SIEDU_COMPETENCIA_EVENTO</sourceObjSchema>
<sourceObjName>SIEDU_DETALL_EVENT_ID_DETALL</sourceObjName>
<createdBy>Manuel</createdBy>
<createdTime>2016-01-07 04:31:27 UTC</createdTime>
<generatorID>Generado por el Usuario</generatorID>
<ownerDesignName>ERD_POLICIA</ownerDesignName>
<useDomainConstraints>false</useDomainConstraints>
<use>1</use>
<logicalDatatype>LOGDT019</logicalDatatype>
<dataTypePrecision>6</dataTypePrecision>
<autoIncrementCycle>false</autoIncrementCycle>
</Column>
<Column name="DOMINIO_ID_COMPETENCIA" id="FA964325-BED0-3440-7DC0-86B764FD8796">
<sourceConnName>POLICIA</sourceConnName>
<sourceObjSchema>SIEDU_COMPETENCIA_EVENTO</sourceObjSchema>
<sourceObjName>DOMINIO_ID_COMPETENCIA</sourceObjName>
<createdBy>Manuel</createdBy>
<createdTime>2016-01-07 04:31:27 UTC</createdTime>
<generatorID>Generado por el Usuario</generatorID>
<ownerDesignName>ERD_POLICIA</ownerDesignName>
<useDomainConstraints>false</useDomainConstraints>
<use>1</use>
<logicalDatatype>LOGDT019</logicalDatatype>
<dataTypePrecision>4</dataTypePrecision>
<delegate>A3C90245-99FA-BF1F-B007-6D350ACB94DA</delegate>
<autoIncrementCycle>false</autoIncrementCycle>
<associations>
<colAssociation fkAssociation="1088615E-DE6A-A07A-E152-5EAA697324A1" referredColumn="A3C90245-99FA-BF1F-B007-6D350ACB94DA"/>
</associations>
</Column>
<Column name="FECHA_CREACION" id="D997A10A-B6ED-279D-AFBC-27A8EB78A5A3">
<sourceConnName>POLICIA</sourceConnName>
<sourceObjSchema>SIEDU_COMPETENCIA_EVENTO</sourceObjSchema>
<sourceObjName>FECHA_CREACION</sourceObjName>
<createdBy>Manuel</createdBy>
<createdTime>2016-01-07 04:31:27 UTC</createdTime>
<generatorID>Generado por el Usuario</generatorID>
<ownerDesignName>ERD_POLICIA</ownerDesignName>
<useDomainConstraints>false</useDomainConstraints>
<use>1</use>
<logicalDatatype>LOGDT007</logicalDatatype>
<dataTypeSize>7</dataTypeSize>
<autoIncrementCycle>false</autoIncrementCycle>
</Column>
<Column name="USUARIO_CREACION" id="584439D7-4F2C-F9BD-9E66-40A2C437B69A">
<sourceConnName>POLICIA</sourceConnName>
<sourceObjSchema>SIEDU_COMPETENCIA_EVENTO</sourceObjSchema>
<sourceObjName>USUARIO_CREACION</sourceObjName>
<createdBy>Manuel</createdBy>
<createdTime>2016-01-07 04:31:27 UTC</createdTime>
<generatorID>Generado por el Usuario</generatorID>
<ownerDesignName>ERD_POLICIA</ownerDesignName>
<useDomainConstraints>false</useDomainConstraints>
<use>1</use>
<logicalDatatype>LOGDT024</logicalDatatype>
<dataTypeSize>30 BYTE</dataTypeSize>
<autoIncrementCycle>false</autoIncrementCycle>
</Column>
<Column name="MAQUINA_CREACION" id="C10CEBA4-86C4-76A4-AE3A-BCF8671BC003">
<sourceConnName>POLICIA</sourceConnName>
<sourceObjSchema>SIEDU_COMPETENCIA_EVENTO</sourceObjSchema>
<sourceObjName>MAQUINA_CREACION</sourceObjName>
<createdBy>Manuel</createdBy>
<createdTime>2016-01-07 04:31:27 UTC</createdTime>
<generatorID>Generado por el Usuario</generatorID>
<ownerDesignName>ERD_POLICIA</ownerDesignName>
<useDomainConstraints>false</useDomainConstraints>
<use>1</use>
<logicalDatatype>LOGDT024</logicalDatatype>
<dataTypeSize>100 BYTE</dataTypeSize>
<autoIncrementCycle>false</autoIncrementCycle>
</Column>
<Column name="ID_COMPETENCIA_EVENTO" id="3AAF59CD-2F1D-BD06-4409-508608E4C6FE">
<sourceConnName>POLICIA</sourceConnName>
<sourceObjSchema>SIEDU_COMPETENCIA_EVENTO</sourceObjSchema>
<sourceObjName>ID_COMPETENCIA_EVENTO</sourceObjName>
<createdBy>Manuel</createdBy>
<createdTime>2016-01-07 04:31:27 UTC</createdTime>
<generatorID>Generado por el Usuario</generatorID>
<ownerDesignName>ERD_POLICIA</ownerDesignName>
<useDomainConstraints>false</useDomainConstraints>
<use>1</use>
<logicalDatatype>LOGDT019</logicalDatatype>
<dataTypePrecision>6</dataTypePrecision>
<autoIncrementCycle>false</autoIncrementCycle>
</Column>
</columns>
<indexes itemClass="oracle.dbtools.crest.model.design.relational.Index">
<ind_PK_UK id="54F3602E-3E26-D50F-C2D7-F992810280C5" name="SIEDU_COMPETENCIA_EVENTO_PK">
<sourceConnName>POLICIA</sourceConnName>
<sourceObjSchema>USR_DISIGAC2</sourceObjSchema>
<sourceObjName>SIEDU_COMPETENCIA_EVENTO_PK</sourceObjName>
<createdBy>Manuel</createdBy>
<createdTime>2016-01-07 04:31:38 UTC</createdTime>
<generatorID>Generado por el Usuario</generatorID>
<ownerDesignName>ERD_POLICIA</ownerDesignName>
<pk>true</pk>
<indexState>Primary Constraint</indexState>
<isSurrogateKey>false</isSurrogateKey>
<indexColumnUsage>
<colUsage columnID="3AAF59CD-2F1D-BD06-4409-508608E4C6FE"/>
</indexColumnUsage>
</ind_PK_UK>
<ind_PK_UK id="AF9725DD-E472-58FB-787A-E9A98B559E8F" name="SIEDU_COMPETENCIA_EVENTO_UK">
<sourceConnName>POLICIA</sourceConnName>
<sourceObjSchema>USR_DISIGAC2</sourceObjSchema>
<sourceObjName>SIEDU_COMPETENCIA_EVENTO_UK</sourceObjName>
<createdBy>Manuel</createdBy>
<createdTime>2016-01-07 04:31:38 UTC</createdTime>
<generatorID>Generado por el Usuario</generatorID>
<ownerDesignName>ERD_POLICIA</ownerDesignName>
<indexState>Unique Constraint</indexState>
<isSurrogateKey>false</isSurrogateKey>
<indexColumnUsage>
<colUsage columnID="1B74FD17-39D1-E6DA-165F-54C233721F72"/>
<colUsage columnID="FA964325-BED0-3440-7DC0-86B764FD8796"/>
</indexColumnUsage>
</ind_PK_UK>
<ind_PK_UK id="11980E86-C060-7367-3FB9-68373F341CB0" name="SIEDU_COMPETENCIA_EVENTO_PK">
<sourceConnName>POLICIA</sourceConnName>
<sourceObjSchema>USR_DISIGAC2</sourceObjSchema>
<sourceObjName>SIEDU_COMPETENCIA_EVENTO_PK</sourceObjName>
<createdBy>Manuel</createdBy>
<createdTime>2016-01-07 04:31:33 UTC</createdTime>
<generatorID>Generado por el Usuario</generatorID>
<ownerDesignName>ERD_POLICIA</ownerDesignName>
<indexState>Unique Plain Index</indexState>
<schemaObject>ED8B0381-61E9-98DB-D254-F5EC1AB94C4F</schemaObject>
<isSurrogateKey>false</isSurrogateKey>
<indexColumnUsage>
<colUsage columnID="3AAF59CD-2F1D-BD06-4409-508608E4C6FE"/>
</indexColumnUsage>
</ind_PK_UK>
<ind_PK_UK id="48C8866F-3151-B4CC-13D2-E0CE8E341555" name="SIEDU_COMPETENCIA_EVENTO_UK">
<sourceConnName>POLICIA</sourceConnName>
<sourceObjSchema>USR_DISIGAC2</sourceObjSchema>
<sourceObjName>SIEDU_COMPETENCIA_EVENTO_UK</sourceObjName>
<createdBy>Manuel</createdBy>
<createdTime>2016-01-07 04:31:34 UTC</createdTime>
<generatorID>Generado por el Usuario</generatorID>
<ownerDesignName>ERD_POLICIA</ownerDesignName>
<indexState>Unique Plain Index</indexState>
<schemaObject>ED8B0381-61E9-98DB-D254-F5EC1AB94C4F</schemaObject>
<isSurrogateKey>false</isSurrogateKey>
<indexColumnUsage>
<colUsage columnID="1B74FD17-39D1-E6DA-165F-54C233721F72"/>
<colUsage columnID="FA964325-BED0-3440-7DC0-86B764FD8796"/>
</indexColumnUsage>
</ind_PK_UK>
<ind_PK_UK id="0566305A-542A-4EA9-9925-B9B960631EAA" name="SIEDU_DOMI_ID_COMP_FK">
<createdBy>Manuel</createdBy>
<createdTime>2016-01-07 04:31:46 UTC</createdTime>
<generatorID>Generado por el Usuario</generatorID>
<ownerDesignName>ERD_POLICIA</ownerDesignName>
<indexState>Foreign Key</indexState>
<isSurrogateKey>false</isSurrogateKey>
<indexColumnUsage>
<colUsage columnID="FA964325-BED0-3440-7DC0-86B764FD8796"/>
</indexColumnUsage>
</ind_PK_UK>
</indexes>
</Table>