<?xml version = '1.0' encoding = 'UTF-8'?>
<Table class="oracle.dbtools.crest.model.design.relational.Table" directorySegmentName="seg_0" id="0B9D9759-23CB-1067-F3B9-E72B45EAC175" name="SIEDU_PAE_FORMA_ESCUELA">
<createdBy>Manuel</createdBy>
<createdTime>2016-01-11 03:28:54 UTC</createdTime>
<commentInRDBMS>Tabla de registro de definición de Escuelas asociadas al registro de PAE Formación</commentInRDBMS>
<generatorID>Generado por el Usuario</generatorID>
<ownerDesignName>ERD_POLICIA</ownerDesignName>
<allowColumnReorder>false</allowColumnReorder>
<existDependencyGenerateInDDl>true</existDependencyGenerateInDDl>
<columns itemClass="oracle.dbtools.crest.model.design.relational.Column">
<Column name="frme_form" id="4D7497F6-0A9E-3584-28A6-5A53F75AB2C8">
<createdBy>Manuel</createdBy>
<createdTime>2016-01-11 03:29:49 UTC</createdTime>
<commentInRDBMS>Identificador del PAE Formación al cual se asocia la Escuela</commentInRDBMS>
<generatorID>Generado por el Usuario</generatorID>
<ownerDesignName>ERD_POLICIA</ownerDesignName>
<useDomainConstraints>false</useDomainConstraints>
<use>1</use>
<logicalDatatype>LOGDT019</logicalDatatype>
<dataTypePrecision>6</dataTypePrecision>
<delegate>C333F5AD-C4E4-C125-8EC9-893A13DD4E17</delegate>
<previousColumn>false</previousColumn>
<autoIncrementCycle>false</autoIncrementCycle>
<associations>
<colAssociation fkAssociation="D2413F1C-4CD3-4A35-6291-9F739F61124F" referredColumn="C333F5AD-C4E4-C125-8EC9-893A13DD4E17"/>
</associations>
</Column>
<Column name="frme_ude_fuerza" id="9DC6FD44-15E5-6368-E30B-69D930BB91CC">
<createdBy>Manuel</createdBy>
<createdTime>2016-01-11 03:43:05 UTC</createdTime>
<commentInRDBMS>Identificador de Fuerza</commentInRDBMS>
<generatorID>Generado por el Usuario</generatorID>
<ownerDesignName>ERD_POLICIA</ownerDesignName>
<useDomainConstraints>false</useDomainConstraints>
<use>1</use>
<logicalDatatype>LOGDT019</logicalDatatype>
<dataTypePrecision>1</dataTypePrecision>
<delegate>B764DAD6-1855-4EAD-8A37-FCAD767947B5</delegate>
<previousColumn>false</previousColumn>
<autoIncrementCycle>false</autoIncrementCycle>
<associations>
<colAssociation fkAssociation="117B24FB-ABF8-C0B4-47C3-B2CDA0C98035" referredColumn="B764DAD6-1855-4EAD-8A37-FCAD767947B5"/>
</associations>
</Column>
<Column name="frme_ude_escu" id="2FB5E18F-BE70-8D0E-8728-565DE064A66E">
<createdBy>Manuel</createdBy>
<createdTime>2016-01-11 03:43:05 UTC</createdTime>
<commentInRDBMS>Identificador de la Escuela. Unidades_Dependencia (ESCUELA)</commentInRDBMS>
<generatorID>Generado por el Usuario</generatorID>
<ownerDesignName>ERD_POLICIA</ownerDesignName>
<useDomainConstraints>false</useDomainConstraints>
<use>1</use>
<logicalDatatype>LOGDT019</logicalDatatype>
<delegate>F6F05773-92EE-8132-AD3D-C0BD5E5218D8</delegate>
<previousColumn>false</previousColumn>
<autoIncrementCycle>false</autoIncrementCycle>
<associations>
<colAssociation fkAssociation="117B24FB-ABF8-C0B4-47C3-B2CDA0C98035" referredColumn="F6F05773-92EE-8132-AD3D-C0BD5E5218D8"/>
</associations>
</Column>
</columns>
<indexes itemClass="oracle.dbtools.crest.model.design.relational.Index">
<ind_PK_UK id="D099A6E7-7BE8-4D6C-6FF5-9142A2C5E0D7" name="SIEDU_PAE_FORMACION_ESCUELA_PK">
<createdBy>Manuel</createdBy>
<createdTime>2016-01-11 03:33:42 UTC</createdTime>
<generatorID>Generado por el Usuario</generatorID>
<ownerDesignName>ERD_POLICIA</ownerDesignName>
<pk>true</pk>
<indexState>Primary Constraint</indexState>
<isSurrogateKey>false</isSurrogateKey>
<indexColumnUsage>
<colUsage columnID="4D7497F6-0A9E-3584-28A6-5A53F75AB2C8"/>
<colUsage columnID="9DC6FD44-15E5-6368-E30B-69D930BB91CC"/>
<colUsage columnID="2FB5E18F-BE70-8D0E-8728-565DE064A66E"/>
</indexColumnUsage>
</ind_PK_UK>
<ind_PK_UK id="57C4DCD7-D3FA-1ED0-95DF-58547E0FD50A" name="SIEDU_FORM_ESCUELAS_FORM_FK">
<createdBy>Manuel</createdBy>
<createdTime>2016-01-11 03:29:49 UTC</createdTime>
<generatorID>Generado por el Usuario</generatorID>
<ownerDesignName>ERD_POLICIA</ownerDesignName>
<indexState>Foreign Key</indexState>
<isSurrogateKey>false</isSurrogateKey>
<indexColumnUsage>
<colUsage columnID="4D7497F6-0A9E-3584-28A6-5A53F75AB2C8"/>
</indexColumnUsage>
</ind_PK_UK>
<ind_PK_UK id="2D750C76-82C6-8482-0E91-36F3A092D2AA" name="SIEDU_FORM_ESCLA_UNID_DEPEN_FK">
<createdBy>Manuel</createdBy>
<createdTime>2016-01-11 03:43:05 UTC</createdTime>
<generatorID>Generado por el Usuario</generatorID>
<ownerDesignName>ERD_POLICIA</ownerDesignName>
<indexState>Foreign Key</indexState>
<isSurrogateKey>false</isSurrogateKey>
<indexColumnUsage>
<colUsage columnID="9DC6FD44-15E5-6368-E30B-69D930BB91CC"/>
<colUsage columnID="2FB5E18F-BE70-8D0E-8728-565DE064A66E"/>
</indexColumnUsage>
</ind_PK_UK>
</indexes>
</Table>