<?xml version = '1.0' encoding = 'UTF-8'?>
<Table class="oracle.dbtools.crest.model.design.relational.Table" directorySegmentName="seg_0" id="0CA26401-2633-B8C1-2DC9-9B66FCE61B82" name="LUGARES_GEOGRAFICOS">
<sourceConnName>POLICIA</sourceConnName>
<sourceObjSchema>USR_REHU</sourceObjSchema>
<sourceObjName>LUGARES_GEOGRAFICOS</sourceObjName>
<createdBy>Manuel</createdBy>
<createdTime>2016-03-06 21:35:18 UTC</createdTime>
<commentInRDBMS>Tabla para almacenar Lugares Geograficos</commentInRDBMS>
<generatorID>Generado por el Usuario</generatorID>
<ownerDesignName>ERD_POLICIA</ownerDesignName>
<importedID>CC988AAD-52D3-3C1E-4AEE-11036F398858</importedID>
<schemaObject>08A89F83-F1B6-076C-845F-07354A8D2081</schemaObject>
<allowColumnReorder>false</allowColumnReorder>
<existDependencyGenerateInDDl>true</existDependencyGenerateInDDl>
<columns itemClass="oracle.dbtools.crest.model.design.relational.Column">
<Column name="CODIGO" id="2F20858E-F3D1-33F7-798F-E1DB17FCDA96">
<sourceConnName>POLICIA</sourceConnName>
<sourceObjSchema>LUGARES_GEOGRAFICOS</sourceObjSchema>
<sourceObjName>CODIGO</sourceObjName>
<createdBy>Manuel</createdBy>
<createdTime>2016-03-06 21:35:19 UTC</createdTime>
<commentInRDBMS>Consecutivo Lugar Geografico</commentInRDBMS>
<generatorID>Generado por el Usuario</generatorID>
<ownerDesignName>ERD_POLICIA</ownerDesignName>
<importedID>1E1223A7-DB2C-2B79-475D-F02FF275F94A</importedID>
<useDomainConstraints>false</useDomainConstraints>
<use>1</use>
<logicalDatatype>LOGDT019</logicalDatatype>
<dataTypePrecision>6</dataTypePrecision>
<autoIncrementCycle>false</autoIncrementCycle>
</Column>
<Column name="DESCRIPCION" id="2967EDE2-DEFA-F658-4C91-36493B76809B">
<sourceConnName>POLICIA</sourceConnName>
<sourceObjSchema>LUGARES_GEOGRAFICOS</sourceObjSchema>
<sourceObjName>DESCRIPCION</sourceObjName>
<createdBy>Manuel</createdBy>
<createdTime>2016-03-06 21:35:19 UTC</createdTime>
<commentInRDBMS>Descripcion del Registro Creado</commentInRDBMS>
<generatorID>Generado por el Usuario</generatorID>
<ownerDesignName>ERD_POLICIA</ownerDesignName>
<importedID>8ECB3984-2301-E01C-C6C6-455481E80FE9</importedID>
<useDomainConstraints>false</useDomainConstraints>
<use>1</use>
<logicalDatatype>LOGDT024</logicalDatatype>
<dataTypeSize>40 BYTE</dataTypeSize>
<autoIncrementCycle>false</autoIncrementCycle>
</Column>
<Column name="ABREVIATURA" id="4BB4F940-68CD-4FAA-C2C6-86DCB7C9AC89">
<sourceConnName>POLICIA</sourceConnName>
<sourceObjSchema>LUGARES_GEOGRAFICOS</sourceObjSchema>
<sourceObjName>ABREVIATURA</sourceObjName>
<createdBy>Manuel</createdBy>
<createdTime>2016-03-06 21:35:19 UTC</createdTime>
<commentInRDBMS>Nombre Corto del registro</commentInRDBMS>
<generatorID>Generado por el Usuario</generatorID>
<ownerDesignName>ERD_POLICIA</ownerDesignName>
<importedID>581894AF-6308-8EE3-9979-147460DE0230</importedID>
<nullsAllowed>true</nullsAllowed>
<useDomainConstraints>false</useDomainConstraints>
<use>1</use>
<logicalDatatype>LOGDT024</logicalDatatype>
<dataTypeSize>30 BYTE</dataTypeSize>
<autoIncrementCycle>false</autoIncrementCycle>
</Column>
<Column name="TIPO" id="E8F3CB69-098D-DF2B-1889-4BB73695C7BF">
<sourceConnName>POLICIA</sourceConnName>
<sourceObjSchema>LUGARES_GEOGRAFICOS</sourceObjSchema>
<sourceObjName>TIPO</sourceObjName>
<createdBy>Manuel</createdBy>
<createdTime>2016-03-06 21:35:19 UTC</createdTime>
<commentInRDBMS>Tipo Lugar Geografico</commentInRDBMS>
<generatorID>Generado por el Usuario</generatorID>
<ownerDesignName>ERD_POLICIA</ownerDesignName>
<importedID>D54A1B12-CA46-8EEE-06EB-4E96D5F11253</importedID>
<useDomainConstraints>false</useDomainConstraints>
<use>1</use>
<logicalDatatype>LOGDT024</logicalDatatype>
<dataTypeSize>3 BYTE</dataTypeSize>
<autoIncrementCycle>false</autoIncrementCycle>
</Column>
<Column name="INDICATIVO_TELEFONICO" id="6E9736DD-B81B-6ED3-B366-5DBC78724393">
<sourceConnName>POLICIA</sourceConnName>
<sourceObjSchema>LUGARES_GEOGRAFICOS</sourceObjSchema>
<sourceObjName>INDICATIVO_TELEFONICO</sourceObjName>
<createdBy>Manuel</createdBy>
<createdTime>2016-03-06 21:35:19 UTC</createdTime>
<commentInRDBMS>Indicativo Telefonico</commentInRDBMS>
<generatorID>Generado por el Usuario</generatorID>
<ownerDesignName>ERD_POLICIA</ownerDesignName>
<importedID>2CF96BA4-AC4C-F402-CBA2-00930096A104</importedID>
<nullsAllowed>true</nullsAllowed>
<useDomainConstraints>false</useDomainConstraints>
<use>1</use>
<logicalDatatype>LOGDT024</logicalDatatype>
<dataTypeSize>5 BYTE</dataTypeSize>
<autoIncrementCycle>false</autoIncrementCycle>
</Column>
<Column name="EXTERIOR" id="29B2276D-40B0-C4CC-5DBD-0A61B1292F49">
<sourceConnName>POLICIA</sourceConnName>
<sourceObjSchema>LUGARES_GEOGRAFICOS</sourceObjSchema>
<sourceObjName>EXTERIOR</sourceObjName>
<createdBy>Manuel</createdBy>
<createdTime>2016-03-06 21:35:19 UTC</createdTime>
<commentInRDBMS>Lugar Extranjero ( S/N)</commentInRDBMS>
<generatorID>Generado por el Usuario</generatorID>
<ownerDesignName>ERD_POLICIA</ownerDesignName>
<importedID>AAFB6A86-E5F4-B853-9D59-30767C279519</importedID>
<useDomainConstraints>false</useDomainConstraints>
<use>1</use>
<logicalDatatype>LOGDT025</logicalDatatype>
<dataTypeSize>2 BYTE</dataTypeSize>
<autoIncrementCycle>false</autoIncrementCycle>
</Column>
<Column name="ZONA" id="2045FF94-A04C-9291-E4F7-896614352977">
<sourceConnName>POLICIA</sourceConnName>
<sourceObjSchema>LUGARES_GEOGRAFICOS</sourceObjSchema>
<sourceObjName>ZONA</sourceObjName>
<createdBy>Manuel</createdBy>
<createdTime>2016-03-06 21:35:19 UTC</createdTime>
<generatorID>Generado por el Usuario</generatorID>
<ownerDesignName>ERD_POLICIA</ownerDesignName>
<importedID>B6597D5C-8A54-37ED-43BB-A7C4E8D02DBB</importedID>
<useDomainConstraints>false</useDomainConstraints>
<use>1</use>
<logicalDatatype>LOGDT025</logicalDatatype>
<dataTypeSize>2 BYTE</dataTypeSize>
<autoIncrementCycle>false</autoIncrementCycle>
</Column>
<Column name="CODIGO_DANE" id="FFF02D3A-66FC-4441-6193-ECC9C9DCC943">
<sourceConnName>POLICIA</sourceConnName>
<sourceObjSchema>LUGARES_GEOGRAFICOS</sourceObjSchema>
<sourceObjName>CODIGO_DANE</sourceObjName>
<createdBy>Manuel</createdBy>
<createdTime>2016-03-06 21:35:19 UTC</createdTime>
<commentInRDBMS>Codigo del Dane</commentInRDBMS>
<generatorID>Generado por el Usuario</generatorID>
<ownerDesignName>ERD_POLICIA</ownerDesignName>
<importedID>41C6EF3E-A0EC-8019-622D-74D17AED439F</importedID>
<nullsAllowed>true</nullsAllowed>
<useDomainConstraints>false</useDomainConstraints>
<use>1</use>
<logicalDatatype>LOGDT024</logicalDatatype>
<dataTypeSize>10 BYTE</dataTypeSize>
<autoIncrementCycle>false</autoIncrementCycle>
</Column>
<Column name="CODIGO_REGISTRADURIA" id="D04764B7-4223-02D3-E5FB-15E2184B5C8F">
<sourceConnName>POLICIA</sourceConnName>
<sourceObjSchema>LUGARES_GEOGRAFICOS</sourceObjSchema>
<sourceObjName>CODIGO_REGISTRADURIA</sourceObjName>
<createdBy>Manuel</createdBy>
<createdTime>2016-03-06 21:35:19 UTC</createdTime>
<commentInRDBMS>Codigo de la Registraduria</commentInRDBMS>
<generatorID>Generado por el Usuario</generatorID>
<ownerDesignName>ERD_POLICIA</ownerDesignName>
<importedID>FB489B34-B935-A9E0-1D15-7312D94C80E7</importedID>
<nullsAllowed>true</nullsAllowed>
<useDomainConstraints>false</useDomainConstraints>
<use>1</use>
<logicalDatatype>LOGDT024</logicalDatatype>
<dataTypeSize>9 BYTE</dataTypeSize>
<autoIncrementCycle>false</autoIncrementCycle>
</Column>
<Column name="LUGE_PAPA" id="C177B457-88F5-6965-AF52-70E2222D5C31">
<sourceConnName>POLICIA</sourceConnName>
<sourceObjSchema>LUGARES_GEOGRAFICOS</sourceObjSchema>
<sourceObjName>LUGE_PAPA</sourceObjName>
<createdBy>Manuel</createdBy>
<createdTime>2016-03-06 21:35:19 UTC</createdTime>
<generatorID>Generado por el Usuario</generatorID>
<ownerDesignName>ERD_POLICIA</ownerDesignName>
<importedID>43804FF4-A123-29E0-DCB9-33A0D7D13228</importedID>
<nullsAllowed>true</nullsAllowed>
<useDomainConstraints>false</useDomainConstraints>
<use>1</use>
<logicalDatatype>LOGDT019</logicalDatatype>
<dataTypePrecision>6</dataTypePrecision>
<delegate>2F20858E-F3D1-33F7-798F-E1DB17FCDA96</delegate>
<autoIncrementCycle>false</autoIncrementCycle>
<associations>
<colAssociation fkAssociation="9775A278-187B-D224-C359-89DB4488FFFC" referredColumn="2F20858E-F3D1-33F7-798F-E1DB17FCDA96"/>
</associations>
</Column>
<Column name="LUGE_CODIGO" id="06A6DAA7-93E4-7630-578A-1954E8835205">
<sourceConnName>POLICIA</sourceConnName>
<sourceObjSchema>LUGARES_GEOGRAFICOS</sourceObjSchema>
<sourceObjName>LUGE_CODIGO</sourceObjName>
<createdBy>Manuel</createdBy>
<createdTime>2016-03-06 21:35:19 UTC</createdTime>
<commentInRDBMS>Codigo del Lugar</commentInRDBMS>
<generatorID>Generado por el Usuario</generatorID>
<ownerDesignName>ERD_POLICIA</ownerDesignName>
<importedID>00DD1E85-B823-9D83-F6FA-91E36946C442</importedID>
<nullsAllowed>true</nullsAllowed>
<useDomainConstraints>false</useDomainConstraints>
<use>1</use>
<logicalDatatype>LOGDT019</logicalDatatype>
<dataTypePrecision>6</dataTypePrecision>
<delegate>2F20858E-F3D1-33F7-798F-E1DB17FCDA96</delegate>
<autoIncrementCycle>false</autoIncrementCycle>
<associations>
<colAssociation fkAssociation="3A80AAC4-4378-1D97-ACF5-FE04A8924278" referredColumn="2F20858E-F3D1-33F7-798F-E1DB17FCDA96"/>
</associations>
</Column>
<Column name="CREADO_POR" id="27A557BD-49FE-5C2B-30D9-16F1590C55CC">
<sourceConnName>POLICIA</sourceConnName>
<sourceObjSchema>LUGARES_GEOGRAFICOS</sourceObjSchema>
<sourceObjName>CREADO_POR</sourceObjName>
<createdBy>Manuel</createdBy>
<createdTime>2016-03-06 21:35:19 UTC</createdTime>
<commentInRDBMS>Usuario que crea el registro</commentInRDBMS>
<generatorID>Generado por el Usuario</generatorID>
<ownerDesignName>ERD_POLICIA</ownerDesignName>
<importedID>C968565F-DE5D-A04A-9E3B-AE907655A9AC</importedID>
<useDomainConstraints>false</useDomainConstraints>
<use>1</use>
<logicalDatatype>LOGDT024</logicalDatatype>
<dataTypeSize>30 BYTE</dataTypeSize>
<autoIncrementCycle>false</autoIncrementCycle>
</Column>
<Column name="FECHA_CREACION" id="6824B013-88B8-7AB7-D697-BEE00DA516F6">
<sourceConnName>POLICIA</sourceConnName>
<sourceObjSchema>LUGARES_GEOGRAFICOS</sourceObjSchema>
<sourceObjName>FECHA_CREACION</sourceObjName>
<createdBy>Manuel</createdBy>
<createdTime>2016-03-06 21:35:19 UTC</createdTime>
<commentInRDBMS>Fecha de creacion del registro</commentInRDBMS>
<generatorID>Generado por el Usuario</generatorID>
<ownerDesignName>ERD_POLICIA</ownerDesignName>
<importedID>0138A23F-2E61-86C7-CECB-B615AD3912E7</importedID>
<useDomainConstraints>false</useDomainConstraints>
<use>1</use>
<logicalDatatype>LOGDT007</logicalDatatype>
<dataTypeSize>7</dataTypeSize>
<autoIncrementCycle>false</autoIncrementCycle>
</Column>
<Column name="MAQUINA_CREACION" id="9EFC790D-1036-3E7A-4447-E2DD63F6D12D">
<sourceConnName>POLICIA</sourceConnName>
<sourceObjSchema>LUGARES_GEOGRAFICOS</sourceObjSchema>
<sourceObjName>MAQUINA_CREACION</sourceObjName>
<createdBy>Manuel</createdBy>
<createdTime>2016-03-06 21:35:19 UTC</createdTime>
<commentInRDBMS>Maquina que crea el Registro</commentInRDBMS>
<generatorID>Generado por el Usuario</generatorID>
<ownerDesignName>ERD_POLICIA</ownerDesignName>
<importedID>18383FC3-7318-77E6-E197-58A05E0DBCFA</importedID>
<useDomainConstraints>false</useDomainConstraints>
<use>1</use>
<logicalDatatype>LOGDT024</logicalDatatype>
<dataTypeSize>120 BYTE</dataTypeSize>
<autoIncrementCycle>false</autoIncrementCycle>
</Column>
<Column name="ACTUALIZADO_POR" id="DB112D23-C231-E2D9-0885-2441F722EB3F">
<sourceConnName>POLICIA</sourceConnName>
<sourceObjSchema>LUGARES_GEOGRAFICOS</sourceObjSchema>
<sourceObjName>ACTUALIZADO_POR</sourceObjName>
<createdBy>Manuel</createdBy>
<createdTime>2016-03-06 21:35:19 UTC</createdTime>
<commentInRDBMS> Maquina que actualiza el registro</commentInRDBMS>
<generatorID>Generado por el Usuario</generatorID>
<ownerDesignName>ERD_POLICIA</ownerDesignName>
<importedID>E323D2CF-A436-B188-00F5-CE7EB953FE7E</importedID>
<nullsAllowed>true</nullsAllowed>
<useDomainConstraints>false</useDomainConstraints>
<use>1</use>
<logicalDatatype>LOGDT024</logicalDatatype>
<dataTypeSize>30 BYTE</dataTypeSize>
<autoIncrementCycle>false</autoIncrementCycle>
</Column>
<Column name="FECHA_ACTUALIZA" id="C32ABE06-8318-A518-B8A0-A85A7E89E1DD">
<sourceConnName>POLICIA</sourceConnName>
<sourceObjSchema>LUGARES_GEOGRAFICOS</sourceObjSchema>
<sourceObjName>FECHA_ACTUALIZA</sourceObjName>
<createdBy>Manuel</createdBy>
<createdTime>2016-03-06 21:35:19 UTC</createdTime>
<commentInRDBMS>Fecha en que se actualiza el Registro</commentInRDBMS>
<generatorID>Generado por el Usuario</generatorID>
<ownerDesignName>ERD_POLICIA</ownerDesignName>
<importedID>54569CAA-F447-F65A-E50B-A253870E419E</importedID>
<nullsAllowed>true</nullsAllowed>
<useDomainConstraints>false</useDomainConstraints>
<use>1</use>
<logicalDatatype>LOGDT007</logicalDatatype>
<dataTypeSize>7</dataTypeSize>
<autoIncrementCycle>false</autoIncrementCycle>
</Column>
<Column name="MAQUINA_ACTUALIZA" id="D2BD5767-E091-A9FC-814D-9DDAE465124D">
<sourceConnName>POLICIA</sourceConnName>
<sourceObjSchema>LUGARES_GEOGRAFICOS</sourceObjSchema>
<sourceObjName>MAQUINA_ACTUALIZA</sourceObjName>
<createdBy>Manuel</createdBy>
<createdTime>2016-03-06 21:35:19 UTC</createdTime>
<commentInRDBMS>Maquina que actualiza el registro</commentInRDBMS>
<generatorID>Generado por el Usuario</generatorID>
<ownerDesignName>ERD_POLICIA</ownerDesignName>
<importedID>188BA045-A123-BA10-E533-9D4153331A98</importedID>
<nullsAllowed>true</nullsAllowed>
<useDomainConstraints>false</useDomainConstraints>
<use>1</use>
<logicalDatatype>LOGDT024</logicalDatatype>
<dataTypeSize>120 BYTE</dataTypeSize>
<autoIncrementCycle>false</autoIncrementCycle>
</Column>
<Column name="ORIG_SYSTEM_REF" id="D9C488CA-EEAB-5E04-AB4C-41412F6386BE">
<sourceConnName>POLICIA</sourceConnName>
<sourceObjSchema>LUGARES_GEOGRAFICOS</sourceObjSchema>
<sourceObjName>ORIG_SYSTEM_REF</sourceObjName>
<createdBy>Manuel</createdBy>
<createdTime>2016-03-06 21:35:19 UTC</createdTime>
<generatorID>Generado por el Usuario</generatorID>
<ownerDesignName>ERD_POLICIA</ownerDesignName>
<importedID>957C2E82-8353-C9C3-58E0-670D82B39704</importedID>
<nullsAllowed>true</nullsAllowed>
<useDomainConstraints>false</useDomainConstraints>
<use>1</use>
<logicalDatatype>LOGDT019</logicalDatatype>
<autoIncrementCycle>false</autoIncrementCycle>
</Column>
<Column name="MOTIVO_OPERACION" id="EAF6908C-3F64-81EB-2E71-1FB2ACBE24E5">
<sourceConnName>POLICIA</sourceConnName>
<sourceObjSchema>LUGARES_GEOGRAFICOS</sourceObjSchema>
<sourceObjName>MOTIVO_OPERACION</sourceObjName>
<createdBy>Manuel</createdBy>
<createdTime>2016-03-06 21:35:19 UTC</createdTime>
<commentInRDBMS>Justificacion del cambio realizado</commentInRDBMS>
<generatorID>Generado por el Usuario</generatorID>
<ownerDesignName>ERD_POLICIA</ownerDesignName>
<importedID>6E7D7AEC-2091-8E59-B18D-1E82337FC98E</importedID>
<nullsAllowed>true</nullsAllowed>
<useDomainConstraints>false</useDomainConstraints>
<use>1</use>
<logicalDatatype>LOGDT024</logicalDatatype>
<dataTypeSize>240 BYTE</dataTypeSize>
<autoIncrementCycle>false</autoIncrementCycle>
</Column>
<Column name="CLIMA_PROMEDIO" id="676CCA45-5D9D-A908-FDF7-4BAB07A93AA4">
<sourceConnName>POLICIA</sourceConnName>
<sourceObjSchema>LUGARES_GEOGRAFICOS</sourceObjSchema>
<sourceObjName>CLIMA_PROMEDIO</sourceObjName>
<createdBy>Manuel</createdBy>
<createdTime>2016-03-06 21:35:19 UTC</createdTime>
<commentInRDBMS>Clima promedio de la temperatura en la Ciudad.</commentInRDBMS>
<generatorID>Generado por el Usuario</generatorID>
<ownerDesignName>ERD_POLICIA</ownerDesignName>
<importedID>EE852676-1FF3-141F-FC5C-8357B4157544</importedID>
<nullsAllowed>true</nullsAllowed>
<useDomainConstraints>false</useDomainConstraints>
<use>1</use>
<logicalDatatype>LOGDT019</logicalDatatype>
<autoIncrementCycle>false</autoIncrementCycle>
</Column>
</columns>
<indexes itemClass="oracle.dbtools.crest.model.design.relational.Index">
<ind_PK_UK id="526C1BB2-2590-CF2E-7AEE-7735FFB4F35C" name="LUGE_PK">
<sourceConnName>POLICIA</sourceConnName>
<sourceObjSchema>USR_REHU</sourceObjSchema>
<sourceObjName>LUGE_PK</sourceObjName>
<createdBy>Manuel</createdBy>
<createdTime>2016-03-06 21:35:19 UTC</createdTime>
<generatorID>Generado por el Usuario</generatorID>
<ownerDesignName>ERD_POLICIA</ownerDesignName>
<importedID>C648CB9D-9190-85CF-AD06-C08B0FE2196F</importedID>
<pk>true</pk>
<indexState>Primary Constraint</indexState>
<isSurrogateKey>false</isSurrogateKey>
<indexColumnUsage>
<colUsage columnID="2F20858E-F3D1-33F7-798F-E1DB17FCDA96"/>
</indexColumnUsage>
</ind_PK_UK>
<ind_PK_UK id="524F6814-B699-DF89-26F9-9878C78662D0" name="LUGE_PK">
<sourceConnName>POLICIA</sourceConnName>
<sourceObjSchema>USR_REHU</sourceObjSchema>
<sourceObjName>LUGE_PK</sourceObjName>
<createdBy>Manuel</createdBy>
<createdTime>2016-03-06 21:35:19 UTC</createdTime>
<generatorID>Generado por el Usuario</generatorID>
<ownerDesignName>ERD_POLICIA</ownerDesignName>
<importedID>33275C77-23E1-431C-8DE6-C1504B93E01D</importedID>
<indexState>Unique Plain Index</indexState>
<schemaObject>08A89F83-F1B6-076C-845F-07354A8D2081</schemaObject>
<isSurrogateKey>false</isSurrogateKey>
<indexColumnUsage>
<colUsage columnID="2F20858E-F3D1-33F7-798F-E1DB17FCDA96"/>
</indexColumnUsage>
</ind_PK_UK>
<ind_PK_UK id="D96E52DD-3FCD-9A4D-69E4-EFCE48F72F09" name="LUGE_LUGE_FK_I">
<sourceConnName>POLICIA</sourceConnName>
<sourceObjSchema>USR_REHU</sourceObjSchema>
<sourceObjName>LUGE_LUGE_FK_I</sourceObjName>
<createdBy>Manuel</createdBy>
<createdTime>2016-03-06 21:35:19 UTC</createdTime>
<generatorID>Generado por el Usuario</generatorID>
<ownerDesignName>ERD_POLICIA</ownerDesignName>
<importedID>2AD67FCA-457E-324E-A50A-11F68AA6DDE2</importedID>
<schemaObject>08A89F83-F1B6-076C-845F-07354A8D2081</schemaObject>
<isSurrogateKey>false</isSurrogateKey>
<indexColumnUsage>
<colUsage columnID="C177B457-88F5-6965-AF52-70E2222D5C31"/>
</indexColumnUsage>
</ind_PK_UK>
<ind_PK_UK id="D635FA8D-B149-F101-4307-A8B0B1458684" name="LUGE_DPTO_FK_I">
<sourceConnName>POLICIA</sourceConnName>
<sourceObjSchema>USR_REHU</sourceObjSchema>
<sourceObjName>LUGE_DPTO_FK_I</sourceObjName>
<createdBy>Manuel</createdBy>
<createdTime>2016-03-06 21:35:19 UTC</createdTime>
<generatorID>Generado por el Usuario</generatorID>
<ownerDesignName>ERD_POLICIA</ownerDesignName>
<importedID>86274DBF-8636-474D-184F-D3A89FAB4201</importedID>
<schemaObject>08A89F83-F1B6-076C-845F-07354A8D2081</schemaObject>
<isSurrogateKey>false</isSurrogateKey>
<indexColumnUsage>
<colUsage columnID="06A6DAA7-93E4-7630-578A-1954E8835205"/>
</indexColumnUsage>
</ind_PK_UK>
<ind_PK_UK id="0750A940-9DF2-178E-D87D-E188337EAE0C" name="LUGE_TIPO_I">
<sourceConnName>POLICIA</sourceConnName>
<sourceObjSchema>USR_REHU</sourceObjSchema>
<sourceObjName>LUGE_TIPO_I</sourceObjName>
<createdBy>Manuel</createdBy>
<createdTime>2016-03-06 21:35:19 UTC</createdTime>
<generatorID>Generado por el Usuario</generatorID>
<ownerDesignName>ERD_POLICIA</ownerDesignName>
<importedID>6C4E3175-5A13-41D6-6378-34C1A87926F4</importedID>
<schemaObject>08A89F83-F1B6-076C-845F-07354A8D2081</schemaObject>
<isSurrogateKey>false</isSurrogateKey>
<indexColumnUsage>
<colUsage columnID="E8F3CB69-098D-DF2B-1889-4BB73695C7BF"/>
</indexColumnUsage>
</ind_PK_UK>
<ind_PK_UK id="B5F2C46A-B220-4D05-5BBE-85A579407366" name="LUGE_DESCRIPCION_I">
<sourceConnName>POLICIA</sourceConnName>
<sourceObjSchema>USR_REHU</sourceObjSchema>
<sourceObjName>LUGE_DESCRIPCION_I</sourceObjName>
<createdBy>Manuel</createdBy>
<createdTime>2016-03-06 21:35:19 UTC</createdTime>
<generatorID>Generado por el Usuario</generatorID>
<ownerDesignName>ERD_POLICIA</ownerDesignName>
<importedID>FAFEA3A6-5C1F-4564-A7C8-D5572887D343</importedID>
<schemaObject>08A89F83-F1B6-076C-845F-07354A8D2081</schemaObject>
<isSurrogateKey>false</isSurrogateKey>
<indexColumnUsage>
<colUsage columnID="2967EDE2-DEFA-F658-4C91-36493B76809B"/>
</indexColumnUsage>
</ind_PK_UK>
<ind_PK_UK id="91146E36-DAFD-E049-2FD2-B4FD762C2F19" name="LUGE_DPTO_FK">
<createdBy>Manuel</createdBy>
<createdTime>2016-03-06 21:35:19 UTC</createdTime>
<generatorID>Generado por el Usuario</generatorID>
<ownerDesignName>ERD_POLICIA</ownerDesignName>
<indexState>Foreign Key</indexState>
<isSurrogateKey>false</isSurrogateKey>
<indexColumnUsage>
<colUsage columnID="06A6DAA7-93E4-7630-578A-1954E8835205"/>
</indexColumnUsage>
</ind_PK_UK>
<ind_PK_UK id="01096242-068C-482E-4990-169BE50B0D1C" name="LUGE_LUGE_FK">
<createdBy>Manuel</createdBy>
<createdTime>2016-03-06 21:35:19 UTC</createdTime>
<generatorID>Generado por el Usuario</generatorID>
<ownerDesignName>ERD_POLICIA</ownerDesignName>
<indexState>Foreign Key</indexState>
<isSurrogateKey>false</isSurrogateKey>
<indexColumnUsage>
<colUsage columnID="C177B457-88F5-6965-AF52-70E2222D5C31"/>
</indexColumnUsage>
</ind_PK_UK>
</indexes>
<validTimeDimensions>
<validTimeDimension class="oracle.dbtools.crest.model.design.relational.ValidTimeDimension" name="SYS_STSWRNRKYMFQQ2D5GF2NJIQ6XG" directorySegmentName="seg_1" id="BD8088F3-0021-5122-BE7A-6E07DEE337AA">
<sourceConnName>POLICIA</sourceConnName>
<sourceObjSchema>LUGARES_GEOGRAFICOS</sourceObjSchema>
<sourceObjName>SYS_STSWRNRKYMFQQ2D5GF2NJIQ6XG</sourceObjName>
<createdBy>Manuel</createdBy>
<createdTime>2016-03-06 21:35:19 UTC</createdTime>
<generatorID>Generado por el Usuario</generatorID>
<ownerDesignName>ERD_POLICIA</ownerDesignName>
<importedID>C0C708CC-1B1A-95D6-37D1-DAB1902B950C</importedID>
</validTimeDimension>
<validTimeDimension class="oracle.dbtools.crest.model.design.relational.ValidTimeDimension" name="SYS_STSR3#C0E0S#6E592KOLNP23Z4" directorySegmentName="seg_1" id="969836B3-86AB-6913-3821-DE43DA444FE7">
<sourceConnName>POLICIA</sourceConnName>
<sourceObjSchema>LUGARES_GEOGRAFICOS</sourceObjSchema>
<sourceObjName>SYS_STSR3#C0E0S#6E592KOLNP23Z4</sourceObjName>
<createdBy>Manuel</createdBy>
<createdTime>2016-03-06 21:35:19 UTC</createdTime>
<generatorID>Generado por el Usuario</generatorID>
<ownerDesignName>ERD_POLICIA</ownerDesignName>
<importedID>8AE8839F-4B1B-E4FC-CB0B-6CD5A53FE484</importedID>
</validTimeDimension>
<validTimeDimension class="oracle.dbtools.crest.model.design.relational.ValidTimeDimension" name="SYS_STS0RZL_N0GU9MO#R7SOJZN8RQ" directorySegmentName="seg_1" id="1A0C8B71-B62A-CAC3-3DBD-80ACDE013E38">
<sourceConnName>POLICIA</sourceConnName>
<sourceObjSchema>LUGARES_GEOGRAFICOS</sourceObjSchema>
<sourceObjName>SYS_STS0RZL_N0GU9MO#R7SOJZN8RQ</sourceObjName>
<createdBy>Manuel</createdBy>
<createdTime>2016-03-06 21:35:19 UTC</createdTime>
<generatorID>Generado por el Usuario</generatorID>
<ownerDesignName>ERD_POLICIA</ownerDesignName>
<importedID>E24DE468-79A9-5E7D-D6F1-F4FAB687AE35</importedID>
</validTimeDimension>
<validTimeDimension class="oracle.dbtools.crest.model.design.relational.ValidTimeDimension" name="SYS_STSBW35OJ1S07EFQW3VUD71LL8" directorySegmentName="seg_1" id="23F1FB3B-B2A1-42C1-6FAB-1DA1D4DB18E2">
<sourceConnName>POLICIA</sourceConnName>
<sourceObjSchema>LUGARES_GEOGRAFICOS</sourceObjSchema>
<sourceObjName>SYS_STSBW35OJ1S07EFQW3VUD71LL8</sourceObjName>
<createdBy>Manuel</createdBy>
<createdTime>2016-03-06 21:35:19 UTC</createdTime>
<generatorID>Generado por el Usuario</generatorID>
<ownerDesignName>ERD_POLICIA</ownerDesignName>
<importedID>2C2CE5FD-4353-827A-392E-B501037FB535</importedID>
</validTimeDimension>
<validTimeDimension class="oracle.dbtools.crest.model.design.relational.ValidTimeDimension" name="SYS_STS_A$DS4KIJOVXOP_60N8GQAL" directorySegmentName="seg_1" id="A963740E-72F6-0E7F-8FEA-319B3C6D6EFB">
<sourceConnName>POLICIA</sourceConnName>
<sourceObjSchema>LUGARES_GEOGRAFICOS</sourceObjSchema>
<sourceObjName>SYS_STS_A$DS4KIJOVXOP_60N8GQAL</sourceObjName>
<createdBy>Manuel</createdBy>
<createdTime>2016-03-06 21:35:19 UTC</createdTime>
<generatorID>Generado por el Usuario</generatorID>
<ownerDesignName>ERD_POLICIA</ownerDesignName>
<importedID>CE04268B-5576-F751-CEB8-F939E33503E8</importedID>
</validTimeDimension>
<validTimeDimension class="oracle.dbtools.crest.model.design.relational.ValidTimeDimension" name="SYS_STSSN54H35VH$3841$#RK46R$0" directorySegmentName="seg_1" id="500BA4B5-395F-18AA-AB47-9F6AC1FC7A72">
<sourceConnName>POLICIA</sourceConnName>
<sourceObjSchema>LUGARES_GEOGRAFICOS</sourceObjSchema>
<sourceObjName>SYS_STSSN54H35VH$3841$#RK46R$0</sourceObjName>
<createdBy>Manuel</createdBy>
<createdTime>2016-03-06 21:35:19 UTC</createdTime>
<generatorID>Generado por el Usuario</generatorID>
<ownerDesignName>ERD_POLICIA</ownerDesignName>
<importedID>F386F5DE-893C-62F8-6D45-D33C509FF2B7</importedID>
</validTimeDimension>
<validTimeDimension class="oracle.dbtools.crest.model.design.relational.ValidTimeDimension" name="SYS_STSYT07X4S8OGXDZLN5B$3YEQB" directorySegmentName="seg_1" id="C09D9940-3E1B-6938-286B-F215431607B4">
<sourceConnName>POLICIA</sourceConnName>
<sourceObjSchema>LUGARES_GEOGRAFICOS</sourceObjSchema>
<sourceObjName>SYS_STSYT07X4S8OGXDZLN5B$3YEQB</sourceObjName>
<createdBy>Manuel</createdBy>
<createdTime>2016-03-06 21:35:19 UTC</createdTime>
<generatorID>Generado por el Usuario</generatorID>
<ownerDesignName>ERD_POLICIA</ownerDesignName>
<importedID>0CCC8530-5C90-34E6-13B5-16580D051E63</importedID>
</validTimeDimension>
<validTimeDimension class="oracle.dbtools.crest.model.design.relational.ValidTimeDimension" name="SYS_STS_#G7M66TU67SL_Q0_86KT1H" directorySegmentName="seg_1" id="729B295B-BF79-ADF2-4003-1D1C00EC2A99">
<sourceConnName>POLICIA</sourceConnName>
<sourceObjSchema>LUGARES_GEOGRAFICOS</sourceObjSchema>
<sourceObjName>SYS_STS_#G7M66TU67SL_Q0_86KT1H</sourceObjName>
<createdBy>Manuel</createdBy>
<createdTime>2016-03-06 21:35:19 UTC</createdTime>
<generatorID>Generado por el Usuario</generatorID>
<ownerDesignName>ERD_POLICIA</ownerDesignName>
<importedID>2CBA73F6-F486-2CE1-EE20-942F742C33F2</importedID>
</validTimeDimension>
<validTimeDimension class="oracle.dbtools.crest.model.design.relational.ValidTimeDimension" name="SYS_STSDH9DY093O$XR_B$LIIIY3GA" directorySegmentName="seg_1" id="A841F26E-7534-7A02-A0D7-ECAD8BC12F36">
<sourceConnName>POLICIA</sourceConnName>
<sourceObjSchema>LUGARES_GEOGRAFICOS</sourceObjSchema>
<sourceObjName>SYS_STSDH9DY093O$XR_B$LIIIY3GA</sourceObjName>
<createdBy>Manuel</createdBy>
<createdTime>2016-03-06 21:35:19 UTC</createdTime>
<generatorID>Generado por el Usuario</generatorID>
<ownerDesignName>ERD_POLICIA</ownerDesignName>
<importedID>7BC791D3-7054-05E6-9882-EAA8F336FDF9</importedID>
</validTimeDimension>
<validTimeDimension class="oracle.dbtools.crest.model.design.relational.ValidTimeDimension" name="SYS_STS0PCW4Q5ZUIBK2W7JH_1M7AE" directorySegmentName="seg_1" id="42C0A8D1-548A-3906-4110-559C6F78E950">
<sourceConnName>POLICIA</sourceConnName>
<sourceObjSchema>LUGARES_GEOGRAFICOS</sourceObjSchema>
<sourceObjName>SYS_STS0PCW4Q5ZUIBK2W7JH_1M7AE</sourceObjName>
<createdBy>Manuel</createdBy>
<createdTime>2016-03-06 21:35:19 UTC</createdTime>
<generatorID>Generado por el Usuario</generatorID>
<ownerDesignName>ERD_POLICIA</ownerDesignName>
<importedID>23C73A1E-B115-DA0D-726A-501B946B1FFF</importedID>
</validTimeDimension>
</validTimeDimensions>
</Table>