<?xml version = '1.0' encoding = 'UTF-8'?>
<Table class="oracle.dbtools.crest.model.design.relational.Table" directorySegmentName="seg_0" id="0D444E7A-1181-2B86-E815-6901F1CA4665" name="SIEDU_PROGRAMA">
<sourceConnName>POLICIA</sourceConnName>
<sourceObjSchema>USR_DISIGAC2</sourceObjSchema>
<sourceObjName>SIEDU_PROGRAMA</sourceObjName>
<createdBy>Manuel</createdBy>
<createdTime>2016-01-07 04:31:16 UTC</createdTime>
<generatorID>Generado por el Usuario</generatorID>
<ownerDesignName>ERD_POLICIA</ownerDesignName>
<schemaObject>ED8B0381-61E9-98DB-D254-F5EC1AB94C4F</schemaObject>
<allowColumnReorder>false</allowColumnReorder>
<existDependencyGenerateInDDl>true</existDependencyGenerateInDDl>
<columns itemClass="oracle.dbtools.crest.model.design.relational.Column">
<Column name="ID_PROGRAMA" id="FACE2725-D713-9517-83E5-4C913B91B18F">
<sourceConnName>POLICIA</sourceConnName>
<sourceObjSchema>SIEDU_PROGRAMA</sourceObjSchema>
<sourceObjName>ID_PROGRAMA</sourceObjName>
<createdBy>Manuel</createdBy>
<createdTime>2016-01-07 04:31:32 UTC</createdTime>
<generatorID>Generado por el Usuario</generatorID>
<ownerDesignName>ERD_POLICIA</ownerDesignName>
<useDomainConstraints>false</useDomainConstraints>
<use>1</use>
<logicalDatatype>LOGDT019</logicalDatatype>
<dataTypePrecision>6</dataTypePrecision>
<autoIncrementCycle>false</autoIncrementCycle>
</Column>
<Column name="CARRERAS_ID_CARRERA" id="AC80019F-8AA2-08E9-6348-BC563ADE14EA">
<sourceConnName>POLICIA</sourceConnName>
<sourceObjSchema>SIEDU_PROGRAMA</sourceObjSchema>
<sourceObjName>CARRERAS_ID_CARRERA</sourceObjName>
<createdBy>Manuel</createdBy>
<createdTime>2016-01-07 04:31:32 UTC</createdTime>
<generatorID>Generado por el Usuario</generatorID>
<ownerDesignName>ERD_POLICIA</ownerDesignName>
<useDomainConstraints>false</useDomainConstraints>
<use>1</use>
<logicalDatatype>LOGDT019</logicalDatatype>
<autoIncrementCycle>false</autoIncrementCycle>
</Column>
<Column name="CARRERAS_ID_FUERZA" id="D6D352C7-0C18-C0C3-24C1-B87DC3AC574B">
<sourceConnName>POLICIA</sourceConnName>
<sourceObjSchema>SIEDU_PROGRAMA</sourceObjSchema>
<sourceObjName>CARRERAS_ID_FUERZA</sourceObjName>
<createdBy>Manuel</createdBy>
<createdTime>2016-01-07 04:31:32 UTC</createdTime>
<generatorID>Generado por el Usuario</generatorID>
<ownerDesignName>ERD_POLICIA</ownerDesignName>
<useDomainConstraints>false</useDomainConstraints>
<use>1</use>
<logicalDatatype>LOGDT019</logicalDatatype>
<autoIncrementCycle>false</autoIncrementCycle>
</Column>
<Column name="DESARROLLO_ACADEMICO" id="5C6373B7-F19D-2588-163F-7087DBE9B95D">
<sourceConnName>POLICIA</sourceConnName>
<sourceObjSchema>SIEDU_PROGRAMA</sourceObjSchema>
<sourceObjName>DESARROLLO_ACADEMICO</sourceObjName>
<createdBy>Manuel</createdBy>
<createdTime>2016-01-07 04:31:32 UTC</createdTime>
<generatorID>Generado por el Usuario</generatorID>
<ownerDesignName>ERD_POLICIA</ownerDesignName>
<useDomainConstraints>false</useDomainConstraints>
<use>1</use>
<logicalDatatype>LOGDT019</logicalDatatype>
<dataTypePrecision>1</dataTypePrecision>
<autoIncrementCycle>false</autoIncrementCycle>
</Column>
<Column name="DOMINIO_ID_METODOLOGIA" id="0AF7AD95-D133-9A1C-C5E2-DBD42FF684FB">
<sourceConnName>POLICIA</sourceConnName>
<sourceObjSchema>SIEDU_PROGRAMA</sourceObjSchema>
<sourceObjName>DOMINIO_ID_METODOLOGIA</sourceObjName>
<createdBy>Manuel</createdBy>
<createdTime>2016-01-07 04:31:32 UTC</createdTime>
<generatorID>Generado por el Usuario</generatorID>
<ownerDesignName>ERD_POLICIA</ownerDesignName>
<useDomainConstraints>false</useDomainConstraints>
<use>1</use>
<logicalDatatype>LOGDT019</logicalDatatype>
<dataTypePrecision>4</dataTypePrecision>
<delegate>A3C90245-99FA-BF1F-B007-6D350ACB94DA</delegate>
<autoIncrementCycle>false</autoIncrementCycle>
<associations>
<colAssociation fkAssociation="B44C4493-DB02-743C-0897-357817F8BA73" referredColumn="A3C90245-99FA-BF1F-B007-6D350ACB94DA"/>
</associations>
</Column>
<Column name="EXTERNO" id="74A921BD-C08E-5B49-F14D-987A8C11FE38">
<sourceConnName>POLICIA</sourceConnName>
<sourceObjSchema>SIEDU_PROGRAMA</sourceObjSchema>
<sourceObjName>EXTERNO</sourceObjName>
<createdBy>Manuel</createdBy>
<createdTime>2016-01-07 04:31:32 UTC</createdTime>
<generatorID>Generado por el Usuario</generatorID>
<ownerDesignName>ERD_POLICIA</ownerDesignName>
<useDomainConstraints>false</useDomainConstraints>
<use>1</use>
<logicalDatatype>LOGDT019</logicalDatatype>
<dataTypePrecision>1</dataTypePrecision>
<autoIncrementCycle>false</autoIncrementCycle>
</Column>
<Column name="FECHA_CREACION" id="C95E687E-6502-DAC4-9558-CE9C5C263EA3">
<sourceConnName>POLICIA</sourceConnName>
<sourceObjSchema>SIEDU_PROGRAMA</sourceObjSchema>
<sourceObjName>FECHA_CREACION</sourceObjName>
<createdBy>Manuel</createdBy>
<createdTime>2016-01-07 04:31:32 UTC</createdTime>
<generatorID>Generado por el Usuario</generatorID>
<ownerDesignName>ERD_POLICIA</ownerDesignName>
<useDomainConstraints>false</useDomainConstraints>
<use>1</use>
<logicalDatatype>LOGDT007</logicalDatatype>
<dataTypeSize>7</dataTypeSize>
<autoIncrementCycle>false</autoIncrementCycle>
</Column>
<Column name="USUARIO_CREACION" id="A1F047A5-70D8-3D5B-27BD-F23563A35753">
<sourceConnName>POLICIA</sourceConnName>
<sourceObjSchema>SIEDU_PROGRAMA</sourceObjSchema>
<sourceObjName>USUARIO_CREACION</sourceObjName>
<createdBy>Manuel</createdBy>
<createdTime>2016-01-07 04:31:32 UTC</createdTime>
<generatorID>Generado por el Usuario</generatorID>
<ownerDesignName>ERD_POLICIA</ownerDesignName>
<useDomainConstraints>false</useDomainConstraints>
<use>1</use>
<logicalDatatype>LOGDT024</logicalDatatype>
<dataTypeSize>30 BYTE</dataTypeSize>
<autoIncrementCycle>false</autoIncrementCycle>
</Column>
<Column name="MAQUINA_CREACION" id="4AC76144-A8AE-E4B5-843F-85C7D4DE029C">
<sourceConnName>POLICIA</sourceConnName>
<sourceObjSchema>SIEDU_PROGRAMA</sourceObjSchema>
<sourceObjName>MAQUINA_CREACION</sourceObjName>
<createdBy>Manuel</createdBy>
<createdTime>2016-01-07 04:31:32 UTC</createdTime>
<generatorID>Generado por el Usuario</generatorID>
<ownerDesignName>ERD_POLICIA</ownerDesignName>
<useDomainConstraints>false</useDomainConstraints>
<use>1</use>
<logicalDatatype>LOGDT024</logicalDatatype>
<dataTypeSize>100 BYTE</dataTypeSize>
<autoIncrementCycle>false</autoIncrementCycle>
</Column>
</columns>
<indexes itemClass="oracle.dbtools.crest.model.design.relational.Index">
<ind_PK_UK id="FF39EAC2-1D16-FEEF-3814-E30B57D74556" name="SIEDU_PROGRAMA_PK">
<sourceConnName>POLICIA</sourceConnName>
<sourceObjSchema>USR_DISIGAC2</sourceObjSchema>
<sourceObjName>SIEDU_PROGRAMA_PK</sourceObjName>
<createdBy>Manuel</createdBy>
<createdTime>2016-01-07 04:31:43 UTC</createdTime>
<generatorID>Generado por el Usuario</generatorID>
<ownerDesignName>ERD_POLICIA</ownerDesignName>
<pk>true</pk>
<indexState>Primary Constraint</indexState>
<isSurrogateKey>false</isSurrogateKey>
<indexColumnUsage>
<colUsage columnID="FACE2725-D713-9517-83E5-4C913B91B18F"/>
</indexColumnUsage>
</ind_PK_UK>
<ind_PK_UK id="4B0545FA-8DE7-1F6D-70F2-EED11D781B2B" name="SIEDU_PROGRAMA_UK">
<sourceConnName>POLICIA</sourceConnName>
<sourceObjSchema>USR_DISIGAC2</sourceObjSchema>
<sourceObjName>SIEDU_PROGRAMA_UK</sourceObjName>
<createdBy>Manuel</createdBy>
<createdTime>2016-01-07 04:31:43 UTC</createdTime>
<generatorID>Generado por el Usuario</generatorID>
<ownerDesignName>ERD_POLICIA</ownerDesignName>
<indexState>Unique Constraint</indexState>
<isSurrogateKey>false</isSurrogateKey>
<indexColumnUsage>
<colUsage columnID="AC80019F-8AA2-08E9-6348-BC563ADE14EA"/>
<colUsage columnID="D6D352C7-0C18-C0C3-24C1-B87DC3AC574B"/>
<colUsage columnID="5C6373B7-F19D-2588-163F-7087DBE9B95D"/>
<colUsage columnID="0AF7AD95-D133-9A1C-C5E2-DBD42FF684FB"/>
</indexColumnUsage>
</ind_PK_UK>
<ind_PK_UK id="32DD0969-7933-5949-39DE-DB40C4A9BE59" name="SIEDU_PROGRAMA_PK">
<sourceConnName>POLICIA</sourceConnName>
<sourceObjSchema>USR_DISIGAC2</sourceObjSchema>
<sourceObjName>SIEDU_PROGRAMA_PK</sourceObjName>
<createdBy>Manuel</createdBy>
<createdTime>2016-01-07 04:31:34 UTC</createdTime>
<generatorID>Generado por el Usuario</generatorID>
<ownerDesignName>ERD_POLICIA</ownerDesignName>
<indexState>Unique Plain Index</indexState>
<schemaObject>ED8B0381-61E9-98DB-D254-F5EC1AB94C4F</schemaObject>
<isSurrogateKey>false</isSurrogateKey>
<indexColumnUsage>
<colUsage columnID="FACE2725-D713-9517-83E5-4C913B91B18F"/>
</indexColumnUsage>
</ind_PK_UK>
<ind_PK_UK id="518D5048-A204-7545-867E-0ABEB6B69FF8" name="SIEDU_PROGRAMA_UK">
<sourceConnName>POLICIA</sourceConnName>
<sourceObjSchema>USR_DISIGAC2</sourceObjSchema>
<sourceObjName>SIEDU_PROGRAMA_UK</sourceObjName>
<createdBy>Manuel</createdBy>
<createdTime>2016-01-07 04:31:34 UTC</createdTime>
<generatorID>Generado por el Usuario</generatorID>
<ownerDesignName>ERD_POLICIA</ownerDesignName>
<indexState>Unique Plain Index</indexState>
<schemaObject>ED8B0381-61E9-98DB-D254-F5EC1AB94C4F</schemaObject>
<isSurrogateKey>false</isSurrogateKey>
<indexColumnUsage>
<colUsage columnID="AC80019F-8AA2-08E9-6348-BC563ADE14EA"/>
<colUsage columnID="D6D352C7-0C18-C0C3-24C1-B87DC3AC574B"/>
<colUsage columnID="5C6373B7-F19D-2588-163F-7087DBE9B95D"/>
<colUsage columnID="0AF7AD95-D133-9A1C-C5E2-DBD42FF684FB"/>
</indexColumnUsage>
</ind_PK_UK>
<ind_PK_UK id="84527635-E922-237D-0433-A59F91423744" name="SIEDU_DOMINIO_METO_FK">
<createdBy>Manuel</createdBy>
<createdTime>2016-01-07 04:31:47 UTC</createdTime>
<generatorID>Generado por el Usuario</generatorID>
<ownerDesignName>ERD_POLICIA</ownerDesignName>
<indexState>Foreign Key</indexState>
<isSurrogateKey>false</isSurrogateKey>
<indexColumnUsage>
<colUsage columnID="0AF7AD95-D133-9A1C-C5E2-DBD42FF684FB"/>
</indexColumnUsage>
</ind_PK_UK>
</indexes>
</Table>