<?xml version = '1.0' encoding = 'UTF-8'?>
<Table class="oracle.dbtools.crest.model.design.relational.Table" directorySegmentName="seg_0" id="0DBB9C77-6EED-1EF2-7AB2-686300D29F8B" name="SIEDU_TEMA_EVENTO">
<sourceConnName>POLICIA</sourceConnName>
<sourceObjSchema>USR_DISIGAC2</sourceObjSchema>
<sourceObjName>SIEDU_TEMA_EVENTO</sourceObjName>
<createdBy>Manuel</createdBy>
<createdTime>2016-01-07 04:31:19 UTC</createdTime>
<generatorID>Generado por el Usuario</generatorID>
<ownerDesignName>ERD_POLICIA</ownerDesignName>
<schemaObject>ED8B0381-61E9-98DB-D254-F5EC1AB94C4F</schemaObject>
<allowColumnReorder>false</allowColumnReorder>
<existDependencyGenerateInDDl>true</existDependencyGenerateInDDl>
<columns itemClass="oracle.dbtools.crest.model.design.relational.Column">
<Column name="ID_TEMA_EVENTO" id="3C2B1A87-CF6F-1774-8DE3-BD2D8AF42465">
<sourceConnName>POLICIA</sourceConnName>
<sourceObjSchema>SIEDU_TEMA_EVENTO</sourceObjSchema>
<sourceObjName>ID_TEMA_EVENTO</sourceObjName>
<createdBy>Manuel</createdBy>
<createdTime>2016-01-07 04:31:32 UTC</createdTime>
<generatorID>Generado por el Usuario</generatorID>
<ownerDesignName>ERD_POLICIA</ownerDesignName>
<useDomainConstraints>false</useDomainConstraints>
<use>1</use>
<logicalDatatype>LOGDT019</logicalDatatype>
<dataTypePrecision>6</dataTypePrecision>
<autoIncrementCycle>false</autoIncrementCycle>
</Column>
<Column name="SIEDU_DETAL_EVEN_ID_DETAL" id="4AD674D8-C56E-A0D3-86DC-F1448099DC72">
<sourceConnName>POLICIA</sourceConnName>
<sourceObjSchema>SIEDU_TEMA_EVENTO</sourceObjSchema>
<sourceObjName>SIEDU_DETAL_EVEN_ID_DETAL</sourceObjName>
<createdBy>Manuel</createdBy>
<createdTime>2016-01-07 04:31:33 UTC</createdTime>
<generatorID>Generado por el Usuario</generatorID>
<ownerDesignName>ERD_POLICIA</ownerDesignName>
<useDomainConstraints>false</useDomainConstraints>
<use>1</use>
<logicalDatatype>LOGDT019</logicalDatatype>
<dataTypePrecision>6</dataTypePrecision>
<autoIncrementCycle>false</autoIncrementCycle>
</Column>
<Column name="TEMA" id="88FB3E3A-2E08-B631-713A-578C2B90C248">
<sourceConnName>POLICIA</sourceConnName>
<sourceObjSchema>SIEDU_TEMA_EVENTO</sourceObjSchema>
<sourceObjName>TEMA</sourceObjName>
<createdBy>Manuel</createdBy>
<createdTime>2016-01-07 04:31:33 UTC</createdTime>
<generatorID>Generado por el Usuario</generatorID>
<ownerDesignName>ERD_POLICIA</ownerDesignName>
<useDomainConstraints>false</useDomainConstraints>
<use>1</use>
<logicalDatatype>LOGDT024</logicalDatatype>
<dataTypeSize>200 BYTE</dataTypeSize>
<autoIncrementCycle>false</autoIncrementCycle>
</Column>
<Column name="HORAS_TEMA" id="F7E0E4E0-C2CE-3098-A875-D64F6869675E">
<sourceConnName>POLICIA</sourceConnName>
<sourceObjSchema>SIEDU_TEMA_EVENTO</sourceObjSchema>
<sourceObjName>HORAS_TEMA</sourceObjName>
<createdBy>Manuel</createdBy>
<createdTime>2016-01-07 04:31:33 UTC</createdTime>
<generatorID>Generado por el Usuario</generatorID>
<ownerDesignName>ERD_POLICIA</ownerDesignName>
<useDomainConstraints>false</useDomainConstraints>
<use>1</use>
<logicalDatatype>LOGDT019</logicalDatatype>
<dataTypePrecision>3</dataTypePrecision>
<autoIncrementCycle>false</autoIncrementCycle>
</Column>
<Column name="FECHA_CREACION" id="48C79893-0091-74FE-5C6C-173FD64B17C6">
<sourceConnName>POLICIA</sourceConnName>
<sourceObjSchema>SIEDU_TEMA_EVENTO</sourceObjSchema>
<sourceObjName>FECHA_CREACION</sourceObjName>
<createdBy>Manuel</createdBy>
<createdTime>2016-01-07 04:31:33 UTC</createdTime>
<generatorID>Generado por el Usuario</generatorID>
<ownerDesignName>ERD_POLICIA</ownerDesignName>
<useDomainConstraints>false</useDomainConstraints>
<use>1</use>
<logicalDatatype>LOGDT007</logicalDatatype>
<dataTypeSize>7</dataTypeSize>
<autoIncrementCycle>false</autoIncrementCycle>
</Column>
<Column name="USUARIO_CREACION" id="5974BE77-D6C5-93D4-36D8-789D4FE07C1C">
<sourceConnName>POLICIA</sourceConnName>
<sourceObjSchema>SIEDU_TEMA_EVENTO</sourceObjSchema>
<sourceObjName>USUARIO_CREACION</sourceObjName>
<createdBy>Manuel</createdBy>
<createdTime>2016-01-07 04:31:33 UTC</createdTime>
<generatorID>Generado por el Usuario</generatorID>
<ownerDesignName>ERD_POLICIA</ownerDesignName>
<useDomainConstraints>false</useDomainConstraints>
<use>1</use>
<logicalDatatype>LOGDT024</logicalDatatype>
<dataTypeSize>30 BYTE</dataTypeSize>
<autoIncrementCycle>false</autoIncrementCycle>
</Column>
<Column name="MAQUINA_CREACION" id="E26792C8-F84D-0F2B-349A-70FDF79BDFC6">
<sourceConnName>POLICIA</sourceConnName>
<sourceObjSchema>SIEDU_TEMA_EVENTO</sourceObjSchema>
<sourceObjName>MAQUINA_CREACION</sourceObjName>
<createdBy>Manuel</createdBy>
<createdTime>2016-01-07 04:31:33 UTC</createdTime>
<generatorID>Generado por el Usuario</generatorID>
<ownerDesignName>ERD_POLICIA</ownerDesignName>
<useDomainConstraints>false</useDomainConstraints>
<use>1</use>
<logicalDatatype>LOGDT024</logicalDatatype>
<dataTypeSize>100 BYTE</dataTypeSize>
<autoIncrementCycle>false</autoIncrementCycle>
</Column>
</columns>
<indexes itemClass="oracle.dbtools.crest.model.design.relational.Index">
<ind_PK_UK id="27626B7F-E549-9103-6761-FCD8961FF9EC" name="SIEDU_TEMA_EVENTO_PK">
<sourceConnName>POLICIA</sourceConnName>
<sourceObjSchema>USR_DISIGAC2</sourceObjSchema>
<sourceObjName>SIEDU_TEMA_EVENTO_PK</sourceObjName>
<createdBy>Manuel</createdBy>
<createdTime>2016-01-07 04:31:44 UTC</createdTime>
<generatorID>Generado por el Usuario</generatorID>
<ownerDesignName>ERD_POLICIA</ownerDesignName>
<pk>true</pk>
<indexState>Primary Constraint</indexState>
<isSurrogateKey>false</isSurrogateKey>
<indexColumnUsage>
<colUsage columnID="3C2B1A87-CF6F-1774-8DE3-BD2D8AF42465"/>
</indexColumnUsage>
</ind_PK_UK>
<ind_PK_UK id="300E8569-34C5-AF02-743A-008A60E8BC11" name="SIEDU_TEMA_EVEN_UK">
<sourceConnName>POLICIA</sourceConnName>
<sourceObjSchema>USR_DISIGAC2</sourceObjSchema>
<sourceObjName>SIEDU_TEMA_EVEN_UK</sourceObjName>
<createdBy>Manuel</createdBy>
<createdTime>2016-01-07 04:31:44 UTC</createdTime>
<generatorID>Generado por el Usuario</generatorID>
<ownerDesignName>ERD_POLICIA</ownerDesignName>
<indexState>Unique Constraint</indexState>
<isSurrogateKey>false</isSurrogateKey>
<indexColumnUsage>
<colUsage columnID="4AD674D8-C56E-A0D3-86DC-F1448099DC72"/>
<colUsage columnID="88FB3E3A-2E08-B631-713A-578C2B90C248"/>
</indexColumnUsage>
</ind_PK_UK>
<ind_PK_UK id="D714D218-77AD-AF5E-146F-8483BA927661" name="SIEDU_TEMA_EVENTO_PK">
<sourceConnName>POLICIA</sourceConnName>
<sourceObjSchema>USR_DISIGAC2</sourceObjSchema>
<sourceObjName>SIEDU_TEMA_EVENTO_PK</sourceObjName>
<createdBy>Manuel</createdBy>
<createdTime>2016-01-07 04:31:34 UTC</createdTime>
<generatorID>Generado por el Usuario</generatorID>
<ownerDesignName>ERD_POLICIA</ownerDesignName>
<indexState>Unique Plain Index</indexState>
<schemaObject>ED8B0381-61E9-98DB-D254-F5EC1AB94C4F</schemaObject>
<isSurrogateKey>false</isSurrogateKey>
<indexColumnUsage>
<colUsage columnID="3C2B1A87-CF6F-1774-8DE3-BD2D8AF42465"/>
</indexColumnUsage>
</ind_PK_UK>
<ind_PK_UK id="47BE0D9F-7723-CF5C-1B8A-92D928EA8F21" name="SIEDU_TEMA_EVEN_UK">
<sourceConnName>POLICIA</sourceConnName>
<sourceObjSchema>USR_DISIGAC2</sourceObjSchema>
<sourceObjName>SIEDU_TEMA_EVEN_UK</sourceObjName>
<createdBy>Manuel</createdBy>
<createdTime>2016-01-07 04:31:34 UTC</createdTime>
<generatorID>Generado por el Usuario</generatorID>
<ownerDesignName>ERD_POLICIA</ownerDesignName>
<indexState>Unique Plain Index</indexState>
<schemaObject>ED8B0381-61E9-98DB-D254-F5EC1AB94C4F</schemaObject>
<isSurrogateKey>false</isSurrogateKey>
<indexColumnUsage>
<colUsage columnID="4AD674D8-C56E-A0D3-86DC-F1448099DC72"/>
<colUsage columnID="88FB3E3A-2E08-B631-713A-578C2B90C248"/>
</indexColumnUsage>
</ind_PK_UK>
</indexes>
</Table>