<?xml version = '1.0' encoding = 'UTF-8'?>
<Table class="oracle.dbtools.crest.model.design.relational.Table" directorySegmentName="seg_0" id="150AC99D-D4F2-615D-6FE7-1B8D943D9AF3" name="SIEDU_EVENTO_ESCUELA">
<sourceConnName>POLICIA</sourceConnName>
<sourceObjSchema>USR_DISIGAC2</sourceObjSchema>
<sourceObjName>SIEDU_EVENTO_ESCUELA</sourceObjName>
<createdBy>Manuel</createdBy>
<createdTime>2016-01-07 04:31:07 UTC</createdTime>
<generatorID>Generado por el Usuario</generatorID>
<ownerDesignName>ERD_POLICIA</ownerDesignName>
<schemaObject>ED8B0381-61E9-98DB-D254-F5EC1AB94C4F</schemaObject>
<allowColumnReorder>false</allowColumnReorder>
<existDependencyGenerateInDDl>true</existDependencyGenerateInDDl>
<columns itemClass="oracle.dbtools.crest.model.design.relational.Column">
<Column name="ID_EVENTO_ESCUELA" id="15D0AB76-8BF3-CC65-B37C-5206D4ED777A">
<sourceConnName>POLICIA</sourceConnName>
<sourceObjSchema>SIEDU_EVENTO_ESCUELA</sourceObjSchema>
<sourceObjName>ID_EVENTO_ESCUELA</sourceObjName>
<createdBy>Manuel</createdBy>
<createdTime>2016-01-07 04:31:30 UTC</createdTime>
<generatorID>Generado por el Usuario</generatorID>
<ownerDesignName>ERD_POLICIA</ownerDesignName>
<useDomainConstraints>false</useDomainConstraints>
<use>1</use>
<logicalDatatype>LOGDT019</logicalDatatype>
<dataTypePrecision>6</dataTypePrecision>
<autoIncrementCycle>false</autoIncrementCycle>
</Column>
<Column name="SIEDU_EVENESCU_DETAEVEN" id="245AABFA-1EB9-8D7D-604A-E597A629E57E">
<sourceConnName>POLICIA</sourceConnName>
<sourceObjSchema>SIEDU_EVENTO_ESCUELA</sourceObjSchema>
<sourceObjName>SIEDU_EVENESCU_DETAEVEN</sourceObjName>
<createdBy>Manuel</createdBy>
<createdTime>2016-01-07 04:31:30 UTC</createdTime>
<generatorID>Generado por el Usuario</generatorID>
<ownerDesignName>ERD_POLICIA</ownerDesignName>
<nullsAllowed>true</nullsAllowed>
<useDomainConstraints>false</useDomainConstraints>
<use>1</use>
<logicalDatatype>LOGDT019</logicalDatatype>
<dataTypePrecision>6</dataTypePrecision>
<delegate>6CA0C4DE-8976-7170-C067-8387B90CB04B</delegate>
<autoIncrementCycle>false</autoIncrementCycle>
<associations>
<colAssociation fkAssociation="877AA0DF-40A0-DA0E-9F41-5CEEEB8C2DBD" referredColumn="6CA0C4DE-8976-7170-C067-8387B90CB04B"/>
</associations>
</Column>
<Column name="ESTABLE_EDUCA_ID_ESTAB" id="5CB95C73-F07C-64B0-78EB-081DDDE3B00F">
<sourceConnName>POLICIA</sourceConnName>
<sourceObjSchema>SIEDU_EVENTO_ESCUELA</sourceObjSchema>
<sourceObjName>ESTABLE_EDUCA_ID_ESTAB</sourceObjName>
<createdBy>Manuel</createdBy>
<createdTime>2016-01-07 04:31:30 UTC</createdTime>
<generatorID>Generado por el Usuario</generatorID>
<ownerDesignName>ERD_POLICIA</ownerDesignName>
<nullsAllowed>true</nullsAllowed>
<useDomainConstraints>false</useDomainConstraints>
<use>1</use>
<logicalDatatype>LOGDT019</logicalDatatype>
<delegate>D4E623F4-060B-9EC3-78CC-7292F22ACE4F</delegate>
<autoIncrementCycle>false</autoIncrementCycle>
<associations>
<colAssociation fkAssociation="EAD27ECF-D7C6-4220-64B9-C796478BA7BC" referredColumn="D4E623F4-060B-9EC3-78CC-7292F22ACE4F"/>
</associations>
</Column>
<Column name="UNID_DEPE_ID_DESARRO" id="D654E5C0-CD24-48F8-7F81-CC33E2ADEE03">
<sourceConnName>POLICIA</sourceConnName>
<sourceObjSchema>SIEDU_EVENTO_ESCUELA</sourceObjSchema>
<sourceObjName>UNID_DEPE_ID_DESARRO</sourceObjName>
<createdBy>Manuel</createdBy>
<createdTime>2016-01-07 04:31:30 UTC</createdTime>
<generatorID>Generado por el Usuario</generatorID>
<ownerDesignName>ERD_POLICIA</ownerDesignName>
<nullsAllowed>true</nullsAllowed>
<useDomainConstraints>false</useDomainConstraints>
<use>1</use>
<logicalDatatype>LOGDT019</logicalDatatype>
<dataTypePrecision>6</dataTypePrecision>
<autoIncrementCycle>false</autoIncrementCycle>
</Column>
<Column name="UNID_DEPE_ID_REGISTRO" id="CFAF3EB6-789C-A87D-2805-E3BDD7A0C734">
<sourceConnName>POLICIA</sourceConnName>
<sourceObjSchema>SIEDU_EVENTO_ESCUELA</sourceObjSchema>
<sourceObjName>UNID_DEPE_ID_REGISTRO</sourceObjName>
<createdBy>Manuel</createdBy>
<createdTime>2016-01-07 04:31:30 UTC</createdTime>
<generatorID>Generado por el Usuario</generatorID>
<ownerDesignName>ERD_POLICIA</ownerDesignName>
<nullsAllowed>true</nullsAllowed>
<useDomainConstraints>false</useDomainConstraints>
<use>1</use>
<logicalDatatype>LOGDT019</logicalDatatype>
<dataTypePrecision>6</dataTypePrecision>
<autoIncrementCycle>false</autoIncrementCycle>
</Column>
<Column name="DOMINIO_FINANCIA" id="EA9A8DF8-B685-5CC4-AED3-387AC78401F4">
<sourceConnName>POLICIA</sourceConnName>
<sourceObjSchema>SIEDU_EVENTO_ESCUELA</sourceObjSchema>
<sourceObjName>DOMINIO_FINANCIA</sourceObjName>
<createdBy>Manuel</createdBy>
<createdTime>2016-01-07 04:31:30 UTC</createdTime>
<generatorID>Generado por el Usuario</generatorID>
<ownerDesignName>ERD_POLICIA</ownerDesignName>
<nullsAllowed>true</nullsAllowed>
<useDomainConstraints>false</useDomainConstraints>
<use>1</use>
<logicalDatatype>LOGDT019</logicalDatatype>
<dataTypePrecision>4</dataTypePrecision>
<delegate>A3C90245-99FA-BF1F-B007-6D350ACB94DA</delegate>
<autoIncrementCycle>false</autoIncrementCycle>
<associations>
<colAssociation fkAssociation="48560FEC-6A12-0665-2032-C8CFD92D97A7" referredColumn="A3C90245-99FA-BF1F-B007-6D350ACB94DA"/>
</associations>
</Column>
<Column name="PRESUPUESTO_ID_PRESU" id="3D414205-E404-4833-1965-FA9C781B6AAE">
<sourceConnName>POLICIA</sourceConnName>
<sourceObjSchema>SIEDU_EVENTO_ESCUELA</sourceObjSchema>
<sourceObjName>PRESUPUESTO_ID_PRESU</sourceObjName>
<createdBy>Manuel</createdBy>
<createdTime>2016-01-07 04:31:30 UTC</createdTime>
<generatorID>Generado por el Usuario</generatorID>
<ownerDesignName>ERD_POLICIA</ownerDesignName>
<nullsAllowed>true</nullsAllowed>
<useDomainConstraints>false</useDomainConstraints>
<use>1</use>
<logicalDatatype>LOGDT019</logicalDatatype>
<dataTypePrecision>6</dataTypePrecision>
<delegate>1BB691EA-F4B7-184F-34CE-D0B30C3EA69E</delegate>
<autoIncrementCycle>false</autoIncrementCycle>
<associations>
<colAssociation fkAssociation="0C21A3A3-F187-402D-0094-3C41480AE09D" referredColumn="1BB691EA-F4B7-184F-34CE-D0B30C3EA69E"/>
</associations>
</Column>
<Column name="DOMINIO_CONVENIO" id="F6298DBF-88CB-D2FA-8EF4-628E0F395A5C">
<sourceConnName>POLICIA</sourceConnName>
<sourceObjSchema>SIEDU_EVENTO_ESCUELA</sourceObjSchema>
<sourceObjName>DOMINIO_CONVENIO</sourceObjName>
<createdBy>Manuel</createdBy>
<createdTime>2016-01-07 04:31:30 UTC</createdTime>
<generatorID>Generado por el Usuario</generatorID>
<ownerDesignName>ERD_POLICIA</ownerDesignName>
<nullsAllowed>true</nullsAllowed>
<useDomainConstraints>false</useDomainConstraints>
<use>1</use>
<logicalDatatype>LOGDT019</logicalDatatype>
<dataTypePrecision>4</dataTypePrecision>
<delegate>2A5DC394-FE81-3C7F-2D9F-5EAD8F88CA1F</delegate>
<autoIncrementCycle>false</autoIncrementCycle>
<associations>
<colAssociation fkAssociation="3ADA625F-CB33-4576-3AB1-394B7E3D5A8A" referredColumn="2A5DC394-FE81-3C7F-2D9F-5EAD8F88CA1F"/>
</associations>
</Column>
<Column name="FECHA_INICIO" id="5F7F2348-F18F-7ECC-D051-6AEDA12F4989">
<sourceConnName>POLICIA</sourceConnName>
<sourceObjSchema>SIEDU_EVENTO_ESCUELA</sourceObjSchema>
<sourceObjName>FECHA_INICIO</sourceObjName>
<createdBy>Manuel</createdBy>
<createdTime>2016-01-07 04:31:30 UTC</createdTime>
<generatorID>Generado por el Usuario</generatorID>
<ownerDesignName>ERD_POLICIA</ownerDesignName>
<nullsAllowed>true</nullsAllowed>
<useDomainConstraints>false</useDomainConstraints>
<use>1</use>
<logicalDatatype>LOGDT007</logicalDatatype>
<dataTypeSize>7</dataTypeSize>
<autoIncrementCycle>false</autoIncrementCycle>
</Column>
<Column name="FECHA_FIN" id="4CF3C0DF-7152-F6C2-4DF5-347C7943E944">
<sourceConnName>POLICIA</sourceConnName>
<sourceObjSchema>SIEDU_EVENTO_ESCUELA</sourceObjSchema>
<sourceObjName>FECHA_FIN</sourceObjName>
<createdBy>Manuel</createdBy>
<createdTime>2016-01-07 04:31:30 UTC</createdTime>
<generatorID>Generado por el Usuario</generatorID>
<ownerDesignName>ERD_POLICIA</ownerDesignName>
<nullsAllowed>true</nullsAllowed>
<useDomainConstraints>false</useDomainConstraints>
<use>1</use>
<logicalDatatype>LOGDT007</logicalDatatype>
<dataTypeSize>7</dataTypeSize>
<autoIncrementCycle>false</autoIncrementCycle>
</Column>
<Column name="CANTIDAD_DIAS" id="C7657FBD-BC72-E286-A43C-DEC29F9AA4CB">
<sourceConnName>POLICIA</sourceConnName>
<sourceObjSchema>SIEDU_EVENTO_ESCUELA</sourceObjSchema>
<sourceObjName>CANTIDAD_DIAS</sourceObjName>
<createdBy>Manuel</createdBy>
<createdTime>2016-01-07 04:31:30 UTC</createdTime>
<generatorID>Generado por el Usuario</generatorID>
<ownerDesignName>ERD_POLICIA</ownerDesignName>
<nullsAllowed>true</nullsAllowed>
<useDomainConstraints>false</useDomainConstraints>
<use>1</use>
<logicalDatatype>LOGDT019</logicalDatatype>
<dataTypePrecision>3</dataTypePrecision>
<autoIncrementCycle>false</autoIncrementCycle>
</Column>
<Column name="LUG_GEOG_ID_LUG_CAPA" id="BD0DCC81-31D0-9A51-B916-F0A6C9649C4A">
<sourceConnName>POLICIA</sourceConnName>
<sourceObjSchema>SIEDU_EVENTO_ESCUELA</sourceObjSchema>
<sourceObjName>LUG_GEOG_ID_LUG_CAPA</sourceObjName>
<createdBy>Manuel</createdBy>
<createdTime>2016-01-07 04:31:30 UTC</createdTime>
<generatorID>Generado por el Usuario</generatorID>
<ownerDesignName>ERD_POLICIA</ownerDesignName>
<nullsAllowed>true</nullsAllowed>
<useDomainConstraints>false</useDomainConstraints>
<use>1</use>
<logicalDatatype>LOGDT019</logicalDatatype>
<dataTypePrecision>6</dataTypePrecision>
<autoIncrementCycle>false</autoIncrementCycle>
</Column>
<Column name="PAE_ID_PAE" id="62D28DD0-B558-70D1-C363-1920F4AF1F23">
<sourceConnName>POLICIA</sourceConnName>
<sourceObjSchema>SIEDU_EVENTO_ESCUELA</sourceObjSchema>
<sourceObjName>PAE_ID_PAE</sourceObjName>
<createdBy>Manuel</createdBy>
<createdTime>2016-01-07 04:31:30 UTC</createdTime>
<generatorID>Generado por el Usuario</generatorID>
<ownerDesignName>ERD_POLICIA</ownerDesignName>
<useDomainConstraints>false</useDomainConstraints>
<use>1</use>
<logicalDatatype>LOGDT019</logicalDatatype>
<dataTypePrecision>6</dataTypePrecision>
<delegate>EB02EC2C-C82C-B0BE-64FF-E7016548F163</delegate>
<autoIncrementCycle>false</autoIncrementCycle>
<associations>
<colAssociation fkAssociation="48082FAD-F041-AD38-6DE1-2116802AEA24" referredColumn="EB02EC2C-C82C-B0BE-64FF-E7016548F163"/>
</associations>
</Column>
<Column name="COSTO_CAPACITACION" id="664BD96B-7DAC-144F-C20A-BE8282DF9E39">
<sourceConnName>POLICIA</sourceConnName>
<sourceObjSchema>SIEDU_EVENTO_ESCUELA</sourceObjSchema>
<sourceObjName>COSTO_CAPACITACION</sourceObjName>
<createdBy>Manuel</createdBy>
<createdTime>2016-01-07 04:31:30 UTC</createdTime>
<generatorID>Generado por el Usuario</generatorID>
<ownerDesignName>ERD_POLICIA</ownerDesignName>
<nullsAllowed>true</nullsAllowed>
<useDomainConstraints>false</useDomainConstraints>
<use>1</use>
<logicalDatatype>LOGDT019</logicalDatatype>
<dataTypePrecision>12</dataTypePrecision>
<autoIncrementCycle>false</autoIncrementCycle>
</Column>
<Column name="CERRADO" id="8FB3FE9C-FD35-BE9E-9EF5-E3D006FBBF19">
<sourceConnName>POLICIA</sourceConnName>
<sourceObjSchema>SIEDU_EVENTO_ESCUELA</sourceObjSchema>
<sourceObjName>CERRADO</sourceObjName>
<createdBy>Manuel</createdBy>
<createdTime>2016-01-07 04:31:30 UTC</createdTime>
<generatorID>Generado por el Usuario</generatorID>
<ownerDesignName>ERD_POLICIA</ownerDesignName>
<nullsAllowed>true</nullsAllowed>
<useDomainConstraints>false</useDomainConstraints>
<use>1</use>
<logicalDatatype>LOGDT019</logicalDatatype>
<dataTypePrecision>1</dataTypePrecision>
<autoIncrementCycle>false</autoIncrementCycle>
</Column>
<Column name="TOTAL_CONVOCADOS" id="D4979CC6-F5E6-C6C4-29F6-84AA4E510A8F">
<sourceConnName>POLICIA</sourceConnName>
<sourceObjSchema>SIEDU_EVENTO_ESCUELA</sourceObjSchema>
<sourceObjName>TOTAL_CONVOCADOS</sourceObjName>
<createdBy>Manuel</createdBy>
<createdTime>2016-01-07 04:31:30 UTC</createdTime>
<generatorID>Generado por el Usuario</generatorID>
<ownerDesignName>ERD_POLICIA</ownerDesignName>
<nullsAllowed>true</nullsAllowed>
<useDomainConstraints>false</useDomainConstraints>
<use>1</use>
<logicalDatatype>LOGDT019</logicalDatatype>
<dataTypePrecision>6</dataTypePrecision>
<autoIncrementCycle>false</autoIncrementCycle>
</Column>
<Column name="TOTAL_APROBADOS" id="4AEA4CAB-8827-5C48-CE11-C1B9486DC7AE">
<sourceConnName>POLICIA</sourceConnName>
<sourceObjSchema>SIEDU_EVENTO_ESCUELA</sourceObjSchema>
<sourceObjName>TOTAL_APROBADOS</sourceObjName>
<createdBy>Manuel</createdBy>
<createdTime>2016-01-07 04:31:30 UTC</createdTime>
<generatorID>Generado por el Usuario</generatorID>
<ownerDesignName>ERD_POLICIA</ownerDesignName>
<nullsAllowed>true</nullsAllowed>
<useDomainConstraints>false</useDomainConstraints>
<use>1</use>
<logicalDatatype>LOGDT019</logicalDatatype>
<dataTypePrecision>6</dataTypePrecision>
<autoIncrementCycle>false</autoIncrementCycle>
</Column>
<Column name="TOTAL_NO_APROBA" id="97FAAE0B-572C-7002-CEF2-9F54F2F4FDB2">
<sourceConnName>POLICIA</sourceConnName>
<sourceObjSchema>SIEDU_EVENTO_ESCUELA</sourceObjSchema>
<sourceObjName>TOTAL_NO_APROBA</sourceObjName>
<createdBy>Manuel</createdBy>
<createdTime>2016-01-07 04:31:30 UTC</createdTime>
<generatorID>Generado por el Usuario</generatorID>
<ownerDesignName>ERD_POLICIA</ownerDesignName>
<nullsAllowed>true</nullsAllowed>
<useDomainConstraints>false</useDomainConstraints>
<use>1</use>
<logicalDatatype>LOGDT019</logicalDatatype>
<dataTypePrecision>6</dataTypePrecision>
<autoIncrementCycle>false</autoIncrementCycle>
</Column>
<Column name="TOTAL_DESERTADO" id="761BC715-B79E-5E99-FA74-34C0334359B0">
<sourceConnName>POLICIA</sourceConnName>
<sourceObjSchema>SIEDU_EVENTO_ESCUELA</sourceObjSchema>
<sourceObjName>TOTAL_DESERTADO</sourceObjName>
<createdBy>Manuel</createdBy>
<createdTime>2016-01-07 04:31:30 UTC</createdTime>
<generatorID>Generado por el Usuario</generatorID>
<ownerDesignName>ERD_POLICIA</ownerDesignName>
<nullsAllowed>true</nullsAllowed>
<useDomainConstraints>false</useDomainConstraints>
<use>1</use>
<logicalDatatype>LOGDT019</logicalDatatype>
<dataTypePrecision>6</dataTypePrecision>
<autoIncrementCycle>false</autoIncrementCycle>
</Column>
<Column name="TOTAL_PRESENTADOS" id="9FC0015B-62ED-D60D-C875-1743AF7AE73E">
<sourceConnName>POLICIA</sourceConnName>
<sourceObjSchema>SIEDU_EVENTO_ESCUELA</sourceObjSchema>
<sourceObjName>TOTAL_PRESENTADOS</sourceObjName>
<createdBy>Manuel</createdBy>
<createdTime>2016-01-07 04:31:30 UTC</createdTime>
<generatorID>Generado por el Usuario</generatorID>
<ownerDesignName>ERD_POLICIA</ownerDesignName>
<nullsAllowed>true</nullsAllowed>
<useDomainConstraints>false</useDomainConstraints>
<use>1</use>
<logicalDatatype>LOGDT019</logicalDatatype>
<dataTypePrecision>6</dataTypePrecision>
<autoIncrementCycle>false</autoIncrementCycle>
</Column>
<Column name="PAE_NRO_EVENTO" id="3886D178-73C5-E2E8-0F96-8C0C0E41D865">
<sourceConnName>POLICIA</sourceConnName>
<sourceObjSchema>SIEDU_EVENTO_ESCUELA</sourceObjSchema>
<sourceObjName>PAE_NRO_EVENTO</sourceObjName>
<createdBy>Manuel</createdBy>
<createdTime>2016-01-07 04:31:30 UTC</createdTime>
<generatorID>Generado por el Usuario</generatorID>
<ownerDesignName>ERD_POLICIA</ownerDesignName>
<useDomainConstraints>false</useDomainConstraints>
<use>1</use>
<logicalDatatype>LOGDT019</logicalDatatype>
<dataTypePrecision>3</dataTypePrecision>
<autoIncrementCycle>false</autoIncrementCycle>
</Column>
<Column name="FECHA_CREACION" id="FD30F935-5B6F-BDCD-6E32-718B444DA8A9">
<sourceConnName>POLICIA</sourceConnName>
<sourceObjSchema>SIEDU_EVENTO_ESCUELA</sourceObjSchema>
<sourceObjName>FECHA_CREACION</sourceObjName>
<createdBy>Manuel</createdBy>
<createdTime>2016-01-07 04:31:30 UTC</createdTime>
<generatorID>Generado por el Usuario</generatorID>
<ownerDesignName>ERD_POLICIA</ownerDesignName>
<nullsAllowed>true</nullsAllowed>
<useDomainConstraints>false</useDomainConstraints>
<use>1</use>
<logicalDatatype>LOGDT007</logicalDatatype>
<dataTypeSize>7</dataTypeSize>
<autoIncrementCycle>false</autoIncrementCycle>
</Column>
<Column name="USUARIO_CREACION" id="D0551E01-E003-7CEB-673A-368E3FB2AA6A">
<sourceConnName>POLICIA</sourceConnName>
<sourceObjSchema>SIEDU_EVENTO_ESCUELA</sourceObjSchema>
<sourceObjName>USUARIO_CREACION</sourceObjName>
<createdBy>Manuel</createdBy>
<createdTime>2016-01-07 04:31:30 UTC</createdTime>
<generatorID>Generado por el Usuario</generatorID>
<ownerDesignName>ERD_POLICIA</ownerDesignName>
<nullsAllowed>true</nullsAllowed>
<useDomainConstraints>false</useDomainConstraints>
<use>1</use>
<logicalDatatype>LOGDT024</logicalDatatype>
<dataTypeSize>20 BYTE</dataTypeSize>
<autoIncrementCycle>false</autoIncrementCycle>
</Column>
<Column name="PAE_TRIM_NRO_EVENTO" id="94CA888D-CB7A-0497-6500-09C656F91B97">
<sourceConnName>POLICIA</sourceConnName>
<sourceObjSchema>SIEDU_EVENTO_ESCUELA</sourceObjSchema>
<sourceObjName>PAE_TRIM_NRO_EVENTO</sourceObjName>
<createdBy>Manuel</createdBy>
<createdTime>2016-01-07 04:31:30 UTC</createdTime>
<generatorID>Generado por el Usuario</generatorID>
<ownerDesignName>ERD_POLICIA</ownerDesignName>
<useDomainConstraints>false</useDomainConstraints>
<use>1</use>
<logicalDatatype>LOGDT019</logicalDatatype>
<dataTypePrecision>3</dataTypePrecision>
<autoIncrementCycle>false</autoIncrementCycle>
</Column>
<Column name="MAQUINA_CREACION" id="C22ACEBD-DB99-C3A0-C3D3-54718634089A">
<sourceConnName>POLICIA</sourceConnName>
<sourceObjSchema>SIEDU_EVENTO_ESCUELA</sourceObjSchema>
<sourceObjName>MAQUINA_CREACION</sourceObjName>
<createdBy>Manuel</createdBy>
<createdTime>2016-01-07 04:31:30 UTC</createdTime>
<generatorID>Generado por el Usuario</generatorID>
<ownerDesignName>ERD_POLICIA</ownerDesignName>
<nullsAllowed>true</nullsAllowed>
<useDomainConstraints>false</useDomainConstraints>
<use>1</use>
<logicalDatatype>LOGDT024</logicalDatatype>
<dataTypeSize>40 BYTE</dataTypeSize>
<autoIncrementCycle>false</autoIncrementCycle>
</Column>
</columns>
<indexes itemClass="oracle.dbtools.crest.model.design.relational.Index">
<ind_PK_UK id="245942C0-4A26-B180-C487-6465A8C9841A" name="SIEDU_EVENTO_ESCUELA_PK">
<sourceConnName>POLICIA</sourceConnName>
<sourceObjSchema>USR_DISIGAC2</sourceObjSchema>
<sourceObjName>SIEDU_EVENTO_ESCUELA_PK</sourceObjName>
<createdBy>Manuel</createdBy>
<createdTime>2016-01-07 04:31:40 UTC</createdTime>
<generatorID>Generado por el Usuario</generatorID>
<ownerDesignName>ERD_POLICIA</ownerDesignName>
<pk>true</pk>
<indexState>Primary Constraint</indexState>
<isSurrogateKey>false</isSurrogateKey>
<indexColumnUsage>
<colUsage columnID="15D0AB76-8BF3-CC65-B37C-5206D4ED777A"/>
</indexColumnUsage>
</ind_PK_UK>
<ind_PK_UK id="8690C5DF-E2A1-497F-51DC-6549E3E5105E" name="SIEDU_EVENTO_ESCUELA_UK">
<sourceConnName>POLICIA</sourceConnName>
<sourceObjSchema>USR_DISIGAC2</sourceObjSchema>
<sourceObjName>SIEDU_EVENTO_ESCUELA_UK</sourceObjName>
<createdBy>Manuel</createdBy>
<createdTime>2016-01-07 04:31:40 UTC</createdTime>
<generatorID>Generado por el Usuario</generatorID>
<ownerDesignName>ERD_POLICIA</ownerDesignName>
<indexState>Unique Constraint</indexState>
<isSurrogateKey>false</isSurrogateKey>
<indexColumnUsage>
<colUsage columnID="3886D178-73C5-E2E8-0F96-8C0C0E41D865"/>
<colUsage columnID="62D28DD0-B558-70D1-C363-1920F4AF1F23"/>
</indexColumnUsage>
</ind_PK_UK>
<ind_PK_UK id="A981A790-B3E7-2314-FB09-31BE4A431E5A" name="SIEDU_EVENTO_ESCUELA_FK">
<sourceConnName>POLICIA</sourceConnName>
<sourceObjSchema>USR_DISIGAC2</sourceObjSchema>
<sourceObjName>SIEDU_EVENTO_ESCUELA_FK</sourceObjName>
<createdBy>Manuel</createdBy>
<createdTime>2016-01-07 04:31:34 UTC</createdTime>
<generatorID>Generado por el Usuario</generatorID>
<ownerDesignName>ERD_POLICIA</ownerDesignName>
<indexState>Unique Plain Index</indexState>
<schemaObject>ED8B0381-61E9-98DB-D254-F5EC1AB94C4F</schemaObject>
<isSurrogateKey>false</isSurrogateKey>
<indexColumnUsage>
<colUsage columnID="15D0AB76-8BF3-CC65-B37C-5206D4ED777A"/>
</indexColumnUsage>
</ind_PK_UK>
<ind_PK_UK id="DDD88705-149E-B1D9-9A08-80048B930A76" name="SIEDU_EVENTO_ESCUELA_UK">
<sourceConnName>POLICIA</sourceConnName>
<sourceObjSchema>USR_DISIGAC2</sourceObjSchema>
<sourceObjName>SIEDU_EVENTO_ESCUELA_UK</sourceObjName>
<createdBy>Manuel</createdBy>
<createdTime>2016-01-07 04:31:34 UTC</createdTime>
<generatorID>Generado por el Usuario</generatorID>
<ownerDesignName>ERD_POLICIA</ownerDesignName>
<indexState>Unique Plain Index</indexState>
<schemaObject>ED8B0381-61E9-98DB-D254-F5EC1AB94C4F</schemaObject>
<isSurrogateKey>false</isSurrogateKey>
<indexColumnUsage>
<colUsage columnID="3886D178-73C5-E2E8-0F96-8C0C0E41D865"/>
<colUsage columnID="62D28DD0-B558-70D1-C363-1920F4AF1F23"/>
</indexColumnUsage>
</ind_PK_UK>
<ind_PK_UK id="524834DD-CABC-A9B1-955D-CA941847E66B" name="SIEDUENTID_ID_SIEDEVESC_ESTEDU">
<createdBy>Manuel</createdBy>
<createdTime>2016-01-07 04:31:46 UTC</createdTime>
<generatorID>Generado por el Usuario</generatorID>
<ownerDesignName>ERD_POLICIA</ownerDesignName>
<indexState>Foreign Key</indexState>
<isSurrogateKey>false</isSurrogateKey>
<indexColumnUsage>
<colUsage columnID="5CB95C73-F07C-64B0-78EB-081DDDE3B00F"/>
</indexColumnUsage>
</ind_PK_UK>
<ind_PK_UK id="5D49CFEB-7C65-1DD6-1D58-50D7A5047B44" name="SIEDU_EVEN_ESCU_CONVE">
<createdBy>Manuel</createdBy>
<createdTime>2016-01-07 04:31:46 UTC</createdTime>
<generatorID>Generado por el Usuario</generatorID>
<ownerDesignName>ERD_POLICIA</ownerDesignName>
<indexState>Foreign Key</indexState>
<isSurrogateKey>false</isSurrogateKey>
<indexColumnUsage>
<colUsage columnID="F6298DBF-88CB-D2FA-8EF4-628E0F395A5C"/>
</indexColumnUsage>
</ind_PK_UK>
<ind_PK_UK id="C209B9E0-1738-18D6-1781-1BCB0CD98A63" name="SIEDU_EVEN_ESCU_DETEVEN">
<createdBy>Manuel</createdBy>
<createdTime>2016-01-07 04:31:46 UTC</createdTime>
<generatorID>Generado por el Usuario</generatorID>
<ownerDesignName>ERD_POLICIA</ownerDesignName>
<indexState>Foreign Key</indexState>
<isSurrogateKey>false</isSurrogateKey>
<indexColumnUsage>
<colUsage columnID="245AABFA-1EB9-8D7D-604A-E597A629E57E"/>
</indexColumnUsage>
</ind_PK_UK>
<ind_PK_UK id="62939DDE-9D6A-6C2A-BB7B-E3F8F31D4517" name="SIEDU_EVEN_ESCU_FINANC">
<createdBy>Manuel</createdBy>
<createdTime>2016-01-07 04:31:46 UTC</createdTime>
<generatorID>Generado por el Usuario</generatorID>
<ownerDesignName>ERD_POLICIA</ownerDesignName>
<indexState>Foreign Key</indexState>
<isSurrogateKey>false</isSurrogateKey>
<indexColumnUsage>
<colUsage columnID="EA9A8DF8-B685-5CC4-AED3-387AC78401F4"/>
</indexColumnUsage>
</ind_PK_UK>
<ind_PK_UK id="8047E7E0-F474-512B-A31B-9AAAEA20EC9F" name="SIEDU_EVEN_ESCU_PAE">
<createdBy>Manuel</createdBy>
<createdTime>2016-01-07 04:31:46 UTC</createdTime>
<generatorID>Generado por el Usuario</generatorID>
<ownerDesignName>ERD_POLICIA</ownerDesignName>
<indexState>Foreign Key</indexState>
<isSurrogateKey>false</isSurrogateKey>
<indexColumnUsage>
<colUsage columnID="62D28DD0-B558-70D1-C363-1920F4AF1F23"/>
</indexColumnUsage>
</ind_PK_UK>
<ind_PK_UK id="67176B1E-75BD-D2D3-E1A1-C55BFAFD848E" name="SIEDU_EVEN_ESCU_PRESU">
<createdBy>Manuel</createdBy>
<createdTime>2016-01-07 04:31:46 UTC</createdTime>
<generatorID>Generado por el Usuario</generatorID>
<ownerDesignName>ERD_POLICIA</ownerDesignName>
<indexState>Foreign Key</indexState>
<isSurrogateKey>false</isSurrogateKey>
<indexColumnUsage>
<colUsage columnID="3D414205-E404-4833-1965-FA9C781B6AAE"/>
</indexColumnUsage>
</ind_PK_UK>
</indexes>
</Table>