<?xml version = '1.0' encoding = 'UTF-8'?>
<Table class="oracle.dbtools.crest.model.design.relational.Table" directorySegmentName="seg_0" id="17E73666-123F-138B-57C6-FB2F23AFEA04" name="SIEDU_DETALLE_EVENTO">
<sourceConnName>POLICIA</sourceConnName>
<sourceObjSchema>USR_DISIGAC2</sourceObjSchema>
<sourceObjName>SIEDU_DETALLE_EVENTO</sourceObjName>
<createdBy>Manuel</createdBy>
<createdTime>2016-01-07 04:31:01 UTC</createdTime>
<generatorID>Generado por el Usuario</generatorID>
<ownerDesignName>ERD_POLICIA</ownerDesignName>
<schemaObject>ED8B0381-61E9-98DB-D254-F5EC1AB94C4F</schemaObject>
<allowColumnReorder>false</allowColumnReorder>
<existDependencyGenerateInDDl>true</existDependencyGenerateInDDl>
<columns itemClass="oracle.dbtools.crest.model.design.relational.Column">
<Column name="ID_DETALLE_EVENTO" id="6CA0C4DE-8976-7170-C067-8387B90CB04B">
<sourceConnName>POLICIA</sourceConnName>
<sourceObjSchema>SIEDU_DETALLE_EVENTO</sourceObjSchema>
<sourceObjName>ID_DETALLE_EVENTO</sourceObjName>
<createdBy>Manuel</createdBy>
<createdTime>2016-01-07 04:31:28 UTC</createdTime>
<generatorID>Generado por el Usuario</generatorID>
<ownerDesignName>ERD_POLICIA</ownerDesignName>
<useDomainConstraints>false</useDomainConstraints>
<use>1</use>
<logicalDatatype>LOGDT019</logicalDatatype>
<dataTypePrecision>6</dataTypePrecision>
<autoIncrementCycle>false</autoIncrementCycle>
</Column>
<Column name="UNIDADES_DEPE_ID_FACULTAD" id="0D63C6FC-DDBA-7CAA-664C-3BBAF7DD2FBD">
<sourceConnName>POLICIA</sourceConnName>
<sourceObjSchema>SIEDU_DETALLE_EVENTO</sourceObjSchema>
<sourceObjName>UNIDADES_DEPE_ID_FACULTAD</sourceObjName>
<createdBy>Manuel</createdBy>
<createdTime>2016-01-07 04:31:28 UTC</createdTime>
<generatorID>Generado por el Usuario</generatorID>
<ownerDesignName>ERD_POLICIA</ownerDesignName>
<useDomainConstraints>false</useDomainConstraints>
<use>1</use>
<logicalDatatype>LOGDT019</logicalDatatype>
<dataTypePrecision>6</dataTypePrecision>
<autoIncrementCycle>false</autoIncrementCycle>
</Column>
<Column name="PROGRAMA_ID_PROGRAMA" id="2C236C38-6614-8554-E0FD-5F078EDF0624">
<sourceConnName>POLICIA</sourceConnName>
<sourceObjSchema>SIEDU_DETALLE_EVENTO</sourceObjSchema>
<sourceObjName>PROGRAMA_ID_PROGRAMA</sourceObjName>
<createdBy>Manuel</createdBy>
<createdTime>2016-01-07 04:31:28 UTC</createdTime>
<generatorID>Generado por el Usuario</generatorID>
<ownerDesignName>ERD_POLICIA</ownerDesignName>
<useDomainConstraints>false</useDomainConstraints>
<use>1</use>
<logicalDatatype>LOGDT019</logicalDatatype>
<dataTypePrecision>6</dataTypePrecision>
<autoIncrementCycle>false</autoIncrementCycle>
</Column>
<Column name="INTENSIDAD_HORARIA" id="F21310DD-8922-A996-DEE9-E70DF7845F5B">
<sourceConnName>POLICIA</sourceConnName>
<sourceObjSchema>SIEDU_DETALLE_EVENTO</sourceObjSchema>
<sourceObjName>INTENSIDAD_HORARIA</sourceObjName>
<createdBy>Manuel</createdBy>
<createdTime>2016-01-07 04:31:28 UTC</createdTime>
<generatorID>Generado por el Usuario</generatorID>
<ownerDesignName>ERD_POLICIA</ownerDesignName>
<useDomainConstraints>false</useDomainConstraints>
<use>1</use>
<logicalDatatype>LOGDT019</logicalDatatype>
<dataTypePrecision>4</dataTypePrecision>
<autoIncrementCycle>false</autoIncrementCycle>
</Column>
<Column name="DIRIGIDO" id="346EE0B2-1593-574D-46E0-A6FEC20765D6">
<sourceConnName>POLICIA</sourceConnName>
<sourceObjSchema>SIEDU_DETALLE_EVENTO</sourceObjSchema>
<sourceObjName>DIRIGIDO</sourceObjName>
<createdBy>Manuel</createdBy>
<createdTime>2016-01-07 04:31:28 UTC</createdTime>
<generatorID>Generado por el Usuario</generatorID>
<ownerDesignName>ERD_POLICIA</ownerDesignName>
<useDomainConstraints>false</useDomainConstraints>
<use>1</use>
<logicalDatatype>LOGDT024</logicalDatatype>
<dataTypeSize>1000 BYTE</dataTypeSize>
<autoIncrementCycle>false</autoIncrementCycle>
</Column>
<Column name="OBJETIVO" id="83C7754C-90C0-042E-0ED3-2224D7495D1C">
<sourceConnName>POLICIA</sourceConnName>
<sourceObjSchema>SIEDU_DETALLE_EVENTO</sourceObjSchema>
<sourceObjName>OBJETIVO</sourceObjName>
<createdBy>Manuel</createdBy>
<createdTime>2016-01-07 04:31:28 UTC</createdTime>
<generatorID>Generado por el Usuario</generatorID>
<ownerDesignName>ERD_POLICIA</ownerDesignName>
<useDomainConstraints>false</useDomainConstraints>
<use>1</use>
<logicalDatatype>LOGDT024</logicalDatatype>
<dataTypeSize>1000 BYTE</dataTypeSize>
<autoIncrementCycle>false</autoIncrementCycle>
</Column>
<Column name="IMPACTO_SERVICIO" id="2B28EB8D-39DA-B68D-126C-694250B26E98">
<sourceConnName>POLICIA</sourceConnName>
<sourceObjSchema>SIEDU_DETALLE_EVENTO</sourceObjSchema>
<sourceObjName>IMPACTO_SERVICIO</sourceObjName>
<createdBy>Manuel</createdBy>
<createdTime>2016-01-07 04:31:28 UTC</createdTime>
<generatorID>Generado por el Usuario</generatorID>
<ownerDesignName>ERD_POLICIA</ownerDesignName>
<useDomainConstraints>false</useDomainConstraints>
<use>1</use>
<logicalDatatype>LOGDT024</logicalDatatype>
<dataTypeSize>1000 BYTE</dataTypeSize>
<autoIncrementCycle>false</autoIncrementCycle>
</Column>
<Column name="PERFIL_DOCENTE" id="64030957-AC7B-5D1C-63F9-2D36139E0467">
<sourceConnName>POLICIA</sourceConnName>
<sourceObjSchema>SIEDU_DETALLE_EVENTO</sourceObjSchema>
<sourceObjName>PERFIL_DOCENTE</sourceObjName>
<createdBy>Manuel</createdBy>
<createdTime>2016-01-07 04:31:28 UTC</createdTime>
<generatorID>Generado por el Usuario</generatorID>
<ownerDesignName>ERD_POLICIA</ownerDesignName>
<useDomainConstraints>false</useDomainConstraints>
<use>1</use>
<logicalDatatype>LOGDT024</logicalDatatype>
<dataTypeSize>1000 BYTE</dataTypeSize>
<autoIncrementCycle>false</autoIncrementCycle>
</Column>
<Column name="PERFIL_ALUMNO" id="456A8AA8-47D6-28D0-D499-B923833B5BA1">
<sourceConnName>POLICIA</sourceConnName>
<sourceObjSchema>SIEDU_DETALLE_EVENTO</sourceObjSchema>
<sourceObjName>PERFIL_ALUMNO</sourceObjName>
<createdBy>Manuel</createdBy>
<createdTime>2016-01-07 04:31:28 UTC</createdTime>
<generatorID>Generado por el Usuario</generatorID>
<ownerDesignName>ERD_POLICIA</ownerDesignName>
<useDomainConstraints>false</useDomainConstraints>
<use>1</use>
<logicalDatatype>LOGDT024</logicalDatatype>
<dataTypeSize>1000 BYTE</dataTypeSize>
<autoIncrementCycle>false</autoIncrementCycle>
</Column>
<Column name="VIGENTE" id="9AD5AEBD-08CE-6F27-63D9-EAE9800DED43">
<sourceConnName>POLICIA</sourceConnName>
<sourceObjSchema>SIEDU_DETALLE_EVENTO</sourceObjSchema>
<sourceObjName>VIGENTE</sourceObjName>
<createdBy>Manuel</createdBy>
<createdTime>2016-01-07 04:31:28 UTC</createdTime>
<generatorID>Generado por el Usuario</generatorID>
<ownerDesignName>ERD_POLICIA</ownerDesignName>
<useDomainConstraints>false</useDomainConstraints>
<use>1</use>
<logicalDatatype>LOGDT019</logicalDatatype>
<dataTypePrecision>1</dataTypePrecision>
<autoIncrementCycle>false</autoIncrementCycle>
</Column>
<Column name="FECHA_CREACION" id="962427C5-B631-57C9-1789-8884B2D0EEA3">
<sourceConnName>POLICIA</sourceConnName>
<sourceObjSchema>SIEDU_DETALLE_EVENTO</sourceObjSchema>
<sourceObjName>FECHA_CREACION</sourceObjName>
<createdBy>Manuel</createdBy>
<createdTime>2016-01-07 04:31:28 UTC</createdTime>
<generatorID>Generado por el Usuario</generatorID>
<ownerDesignName>ERD_POLICIA</ownerDesignName>
<useDomainConstraints>false</useDomainConstraints>
<use>1</use>
<logicalDatatype>LOGDT007</logicalDatatype>
<dataTypeSize>7</dataTypeSize>
<autoIncrementCycle>false</autoIncrementCycle>
</Column>
<Column name="USUARIO_CREACION" id="2EC24FCF-E6F6-17F3-2A87-96B35A88944E">
<sourceConnName>POLICIA</sourceConnName>
<sourceObjSchema>SIEDU_DETALLE_EVENTO</sourceObjSchema>
<sourceObjName>USUARIO_CREACION</sourceObjName>
<createdBy>Manuel</createdBy>
<createdTime>2016-01-07 04:31:28 UTC</createdTime>
<generatorID>Generado por el Usuario</generatorID>
<ownerDesignName>ERD_POLICIA</ownerDesignName>
<useDomainConstraints>false</useDomainConstraints>
<use>1</use>
<logicalDatatype>LOGDT024</logicalDatatype>
<dataTypeSize>30 BYTE</dataTypeSize>
<autoIncrementCycle>false</autoIncrementCycle>
</Column>
<Column name="MAQUINA_CREACION" id="B159216D-51B6-FB11-3F6A-A4A3764E4C8E">
<sourceConnName>POLICIA</sourceConnName>
<sourceObjSchema>SIEDU_DETALLE_EVENTO</sourceObjSchema>
<sourceObjName>MAQUINA_CREACION</sourceObjName>
<createdBy>Manuel</createdBy>
<createdTime>2016-01-07 04:31:29 UTC</createdTime>
<generatorID>Generado por el Usuario</generatorID>
<ownerDesignName>ERD_POLICIA</ownerDesignName>
<useDomainConstraints>false</useDomainConstraints>
<use>1</use>
<logicalDatatype>LOGDT024</logicalDatatype>
<dataTypeSize>100 BYTE</dataTypeSize>
<autoIncrementCycle>false</autoIncrementCycle>
</Column>
<Column name="PROGRAMA_CARRERA_ID" id="652FFD33-D989-A6E3-F51D-8075DB2B9601">
<sourceConnName>POLICIA</sourceConnName>
<sourceObjSchema>SIEDU_DETALLE_EVENTO</sourceObjSchema>
<sourceObjName>PROGRAMA_CARRERA_ID</sourceObjName>
<createdBy>Manuel</createdBy>
<createdTime>2016-01-07 04:31:29 UTC</createdTime>
<generatorID>Generado por el Usuario</generatorID>
<ownerDesignName>ERD_POLICIA</ownerDesignName>
<useDomainConstraints>false</useDomainConstraints>
<use>1</use>
<logicalDatatype>LOGDT019</logicalDatatype>
<delegate>AC80019F-8AA2-08E9-6348-BC563ADE14EA</delegate>
<autoIncrementCycle>false</autoIncrementCycle>
<associations>
<colAssociation fkAssociation="4C13AA01-AE9C-8CCB-4A39-A843DED20D0B" referredColumn="AC80019F-8AA2-08E9-6348-BC563ADE14EA"/>
</associations>
</Column>
<Column name="PROGRAMA_CARRERA_FUERZA" id="5540D9B4-3207-6FD1-C150-67EC5327DD14">
<sourceConnName>POLICIA</sourceConnName>
<sourceObjSchema>SIEDU_DETALLE_EVENTO</sourceObjSchema>
<sourceObjName>PROGRAMA_CARRERA_FUERZA</sourceObjName>
<createdBy>Manuel</createdBy>
<createdTime>2016-01-07 04:31:29 UTC</createdTime>
<generatorID>Generado por el Usuario</generatorID>
<ownerDesignName>ERD_POLICIA</ownerDesignName>
<useDomainConstraints>false</useDomainConstraints>
<use>1</use>
<logicalDatatype>LOGDT019</logicalDatatype>
<delegate>D6D352C7-0C18-C0C3-24C1-B87DC3AC574B</delegate>
<autoIncrementCycle>false</autoIncrementCycle>
<associations>
<colAssociation fkAssociation="4C13AA01-AE9C-8CCB-4A39-A843DED20D0B" referredColumn="D6D352C7-0C18-C0C3-24C1-B87DC3AC574B"/>
</associations>
</Column>
<Column name="PROGRAMA_ID_METODOLOGIA" id="8F394127-801B-B03A-FEB3-3109A094C66E">
<sourceConnName>POLICIA</sourceConnName>
<sourceObjSchema>SIEDU_DETALLE_EVENTO</sourceObjSchema>
<sourceObjName>PROGRAMA_ID_METODOLOGIA</sourceObjName>
<createdBy>Manuel</createdBy>
<createdTime>2016-01-07 04:31:29 UTC</createdTime>
<generatorID>Generado por el Usuario</generatorID>
<ownerDesignName>ERD_POLICIA</ownerDesignName>
<useDomainConstraints>false</useDomainConstraints>
<use>1</use>
<logicalDatatype>LOGDT019</logicalDatatype>
<dataTypePrecision>4</dataTypePrecision>
<delegate>0AF7AD95-D133-9A1C-C5E2-DBD42FF684FB</delegate>
<autoIncrementCycle>false</autoIncrementCycle>
<associations>
<colAssociation fkAssociation="4C13AA01-AE9C-8CCB-4A39-A843DED20D0B" referredColumn="0AF7AD95-D133-9A1C-C5E2-DBD42FF684FB"/>
</associations>
</Column>
<Column name="FECHA_FIN_VIGENCIA" id="F419DB3A-699A-9D34-5871-E2C5F82651F8">
<sourceConnName>POLICIA</sourceConnName>
<sourceObjSchema>SIEDU_DETALLE_EVENTO</sourceObjSchema>
<sourceObjName>FECHA_FIN_VIGENCIA</sourceObjName>
<createdBy>Manuel</createdBy>
<createdTime>2016-01-07 04:31:29 UTC</createdTime>
<generatorID>Generado por el Usuario</generatorID>
<ownerDesignName>ERD_POLICIA</ownerDesignName>
<nullsAllowed>true</nullsAllowed>
<useDomainConstraints>false</useDomainConstraints>
<use>1</use>
<logicalDatatype>LOGDT007</logicalDatatype>
<dataTypeSize>7</dataTypeSize>
<autoIncrementCycle>false</autoIncrementCycle>
</Column>
<Column name="PROGRAMA_DESA_ACADE" id="1ABA50A5-FF69-04B7-C37E-B8A6BCB474F7">
<sourceConnName>POLICIA</sourceConnName>
<sourceObjSchema>SIEDU_DETALLE_EVENTO</sourceObjSchema>
<sourceObjName>PROGRAMA_DESA_ACADE</sourceObjName>
<createdBy>Manuel</createdBy>
<createdTime>2016-01-07 04:31:29 UTC</createdTime>
<generatorID>Generado por el Usuario</generatorID>
<ownerDesignName>ERD_POLICIA</ownerDesignName>
<useDomainConstraints>false</useDomainConstraints>
<use>1</use>
<logicalDatatype>LOGDT019</logicalDatatype>
<dataTypePrecision>1</dataTypePrecision>
<delegate>5C6373B7-F19D-2588-163F-7087DBE9B95D</delegate>
<autoIncrementCycle>false</autoIncrementCycle>
<associations>
<colAssociation fkAssociation="4C13AA01-AE9C-8CCB-4A39-A843DED20D0B" referredColumn="5C6373B7-F19D-2588-163F-7087DBE9B95D"/>
</associations>
</Column>
</columns>
<indexes itemClass="oracle.dbtools.crest.model.design.relational.Index">
<ind_PK_UK id="8A28DBD5-F396-9D11-2741-D21152CA4D6D" name="SIEDU_DETALLE_EVENTO_PK">
<sourceConnName>POLICIA</sourceConnName>
<sourceObjSchema>USR_DISIGAC2</sourceObjSchema>
<sourceObjName>SIEDU_DETALLE_EVENTO_PK</sourceObjName>
<createdBy>Manuel</createdBy>
<createdTime>2016-01-07 04:31:39 UTC</createdTime>
<generatorID>Generado por el Usuario</generatorID>
<ownerDesignName>ERD_POLICIA</ownerDesignName>
<pk>true</pk>
<indexState>Primary Constraint</indexState>
<isSurrogateKey>false</isSurrogateKey>
<indexColumnUsage>
<colUsage columnID="6CA0C4DE-8976-7170-C067-8387B90CB04B"/>
</indexColumnUsage>
</ind_PK_UK>
<ind_PK_UK id="22B122BF-5079-E486-AB61-5E14122E206A" name="SIEDU_DETALLE_EVENTO_UK">
<sourceConnName>POLICIA</sourceConnName>
<sourceObjSchema>USR_DISIGAC2</sourceObjSchema>
<sourceObjName>SIEDU_DETALLE_EVENTO_UK</sourceObjName>
<createdBy>Manuel</createdBy>
<createdTime>2016-01-07 04:31:39 UTC</createdTime>
<generatorID>Generado por el Usuario</generatorID>
<ownerDesignName>ERD_POLICIA</ownerDesignName>
<indexState>Unique Constraint</indexState>
<isSurrogateKey>false</isSurrogateKey>
<indexColumnUsage>
<colUsage columnID="2C236C38-6614-8554-E0FD-5F078EDF0624"/>
<colUsage columnID="9AD5AEBD-08CE-6F27-63D9-EAE9800DED43"/>
<colUsage columnID="F419DB3A-699A-9D34-5871-E2C5F82651F8"/>
</indexColumnUsage>
</ind_PK_UK>
<ind_PK_UK id="F6725AAA-3740-6D30-83EE-1BAFDFEAFE65" name="SIEDU_DETALLE_EVENTO_UK">
<sourceConnName>POLICIA</sourceConnName>
<sourceObjSchema>USR_DISIGAC2</sourceObjSchema>
<sourceObjName>SIEDU_DETALLE_EVENTO_UK</sourceObjName>
<createdBy>Manuel</createdBy>
<createdTime>2016-01-07 04:31:34 UTC</createdTime>
<generatorID>Generado por el Usuario</generatorID>
<ownerDesignName>ERD_POLICIA</ownerDesignName>
<indexState>Unique Plain Index</indexState>
<schemaObject>ED8B0381-61E9-98DB-D254-F5EC1AB94C4F</schemaObject>
<isSurrogateKey>false</isSurrogateKey>
<indexColumnUsage>
<colUsage columnID="2C236C38-6614-8554-E0FD-5F078EDF0624"/>
<colUsage columnID="9AD5AEBD-08CE-6F27-63D9-EAE9800DED43"/>
<colUsage columnID="F419DB3A-699A-9D34-5871-E2C5F82651F8"/>
</indexColumnUsage>
</ind_PK_UK>
<ind_PK_UK id="C3C74E5C-6A84-EB3A-2D16-ABA6CA75D6BC" name="SIEDU_DETALLE_EVENTO_PK">
<sourceConnName>POLICIA</sourceConnName>
<sourceObjSchema>USR_DISIGAC2</sourceObjSchema>
<sourceObjName>SIEDU_DETALLE_EVENTO_PK</sourceObjName>
<createdBy>Manuel</createdBy>
<createdTime>2016-01-07 04:31:34 UTC</createdTime>
<generatorID>Generado por el Usuario</generatorID>
<ownerDesignName>ERD_POLICIA</ownerDesignName>
<indexState>Unique Plain Index</indexState>
<schemaObject>ED8B0381-61E9-98DB-D254-F5EC1AB94C4F</schemaObject>
<isSurrogateKey>false</isSurrogateKey>
<indexColumnUsage>
<colUsage columnID="6CA0C4DE-8976-7170-C067-8387B90CB04B"/>
</indexColumnUsage>
</ind_PK_UK>
<ind_PK_UK id="8229C79F-11B6-485B-6F67-E53B78D8B607" name="SIEDU_DETALLE_EVENTO_FK">
<createdBy>Manuel</createdBy>
<createdTime>2016-01-07 04:31:46 UTC</createdTime>
<generatorID>Generado por el Usuario</generatorID>
<ownerDesignName>ERD_POLICIA</ownerDesignName>
<indexState>Foreign Key</indexState>
<isSurrogateKey>false</isSurrogateKey>
<indexColumnUsage>
<colUsage columnID="652FFD33-D989-A6E3-F51D-8075DB2B9601"/>
<colUsage columnID="5540D9B4-3207-6FD1-C150-67EC5327DD14"/>
<colUsage columnID="1ABA50A5-FF69-04B7-C37E-B8A6BCB474F7"/>
<colUsage columnID="8F394127-801B-B03A-FEB3-3109A094C66E"/>
</indexColumnUsage>
</ind_PK_UK>
</indexes>
</Table>