<?xml version = '1.0' encoding = 'UTF-8'?>
<Table class="oracle.dbtools.crest.model.design.relational.Table" directorySegmentName="seg_0" id="1F30CA06-42D0-7DF1-5A22-D861C39B5EA6" name="SIEDU_TIPO_DOMINIO">
<sourceConnName>POLICIA</sourceConnName>
<sourceObjSchema>USR_DISIGAC2</sourceObjSchema>
<sourceObjName>SIEDU_TIPO_DOMINIO</sourceObjName>
<createdBy>Manuel</createdBy>
<createdTime>2016-01-07 04:31:21 UTC</createdTime>
<generatorID>Generado por el Usuario</generatorID>
<ownerDesignName>ERD_POLICIA</ownerDesignName>
<schemaObject>ED8B0381-61E9-98DB-D254-F5EC1AB94C4F</schemaObject>
<allowColumnReorder>false</allowColumnReorder>
<existDependencyGenerateInDDl>true</existDependencyGenerateInDDl>
<columns itemClass="oracle.dbtools.crest.model.design.relational.Column">
<Column name="ID_TIPO_DOMINIO" id="6B28DAFF-D8FB-C58F-8642-8C881B290F72">
<sourceConnName>POLICIA</sourceConnName>
<sourceObjSchema>SIEDU_TIPO_DOMINIO</sourceObjSchema>
<sourceObjName>ID_TIPO_DOMINIO</sourceObjName>
<createdBy>Manuel</createdBy>
<createdTime>2016-01-07 04:31:33 UTC</createdTime>
<generatorID>Generado por el Usuario</generatorID>
<ownerDesignName>ERD_POLICIA</ownerDesignName>
<useDomainConstraints>false</useDomainConstraints>
<use>1</use>
<logicalDatatype>LOGDT019</logicalDatatype>
<dataTypePrecision>3</dataTypePrecision>
<autoIncrementCycle>false</autoIncrementCycle>
</Column>
<Column name="DESCRIPCION_DOMINIO" id="07BB1793-6E23-313C-BF9D-2568A892E32C">
<sourceConnName>POLICIA</sourceConnName>
<sourceObjSchema>SIEDU_TIPO_DOMINIO</sourceObjSchema>
<sourceObjName>DESCRIPCION_DOMINIO</sourceObjName>
<createdBy>Manuel</createdBy>
<createdTime>2016-01-07 04:31:33 UTC</createdTime>
<generatorID>Generado por el Usuario</generatorID>
<ownerDesignName>ERD_POLICIA</ownerDesignName>
<useDomainConstraints>false</useDomainConstraints>
<use>1</use>
<logicalDatatype>LOGDT024</logicalDatatype>
<dataTypeSize>100 BYTE</dataTypeSize>
<autoIncrementCycle>false</autoIncrementCycle>
</Column>
<Column name="DEFINICION" id="55D776CC-CAE1-E741-6863-1FF53353034C">
<sourceConnName>POLICIA</sourceConnName>
<sourceObjSchema>SIEDU_TIPO_DOMINIO</sourceObjSchema>
<sourceObjName>DEFINICION</sourceObjName>
<createdBy>Manuel</createdBy>
<createdTime>2016-01-07 04:31:33 UTC</createdTime>
<generatorID>Generado por el Usuario</generatorID>
<ownerDesignName>ERD_POLICIA</ownerDesignName>
<nullsAllowed>true</nullsAllowed>
<useDomainConstraints>false</useDomainConstraints>
<use>1</use>
<logicalDatatype>LOGDT024</logicalDatatype>
<dataTypeSize>100 BYTE</dataTypeSize>
<autoIncrementCycle>false</autoIncrementCycle>
</Column>
</columns>
<indexes itemClass="oracle.dbtools.crest.model.design.relational.Index">
<ind_PK_UK id="2790D1D4-1FC0-B3A9-68FA-15A5ABDB00A8" name="SIEDU_ID_TIPO_DOMINIO_PK">
<sourceConnName>POLICIA</sourceConnName>
<sourceObjSchema>USR_DISIGAC2</sourceObjSchema>
<sourceObjName>SIEDU_ID_TIPO_DOMINIO_PK</sourceObjName>
<createdBy>Manuel</createdBy>
<createdTime>2016-01-07 04:31:44 UTC</createdTime>
<generatorID>Generado por el Usuario</generatorID>
<ownerDesignName>ERD_POLICIA</ownerDesignName>
<pk>true</pk>
<indexState>Primary Constraint</indexState>
<isSurrogateKey>false</isSurrogateKey>
<indexColumnUsage>
<colUsage columnID="6B28DAFF-D8FB-C58F-8642-8C881B290F72"/>
</indexColumnUsage>
</ind_PK_UK>
<ind_PK_UK id="CE537A77-85F6-399F-DAF8-76E84BA5DE08" name="SIEDU_TIPO_DOMINIO_UK">
<sourceConnName>POLICIA</sourceConnName>
<sourceObjSchema>USR_DISIGAC2</sourceObjSchema>
<sourceObjName>SIEDU_TIPO_DOMINIO_UK</sourceObjName>
<createdBy>Manuel</createdBy>
<createdTime>2016-01-07 04:31:44 UTC</createdTime>
<generatorID>Generado por el Usuario</generatorID>
<ownerDesignName>ERD_POLICIA</ownerDesignName>
<indexState>Unique Constraint</indexState>
<isSurrogateKey>false</isSurrogateKey>
<indexColumnUsage>
<colUsage columnID="07BB1793-6E23-313C-BF9D-2568A892E32C"/>
</indexColumnUsage>
</ind_PK_UK>
<ind_PK_UK id="9B13F022-31D9-B8C2-B0FE-17774F0673E5" name="SIEDU_ID_TIPO_DOMINIO_PK">
<sourceConnName>POLICIA</sourceConnName>
<sourceObjSchema>USR_DISIGAC2</sourceObjSchema>
<sourceObjName>SIEDU_ID_TIPO_DOMINIO_PK</sourceObjName>
<createdBy>Manuel</createdBy>
<createdTime>2016-01-07 04:31:35 UTC</createdTime>
<generatorID>Generado por el Usuario</generatorID>
<ownerDesignName>ERD_POLICIA</ownerDesignName>
<indexState>Unique Plain Index</indexState>
<schemaObject>ED8B0381-61E9-98DB-D254-F5EC1AB94C4F</schemaObject>
<isSurrogateKey>false</isSurrogateKey>
<indexColumnUsage>
<colUsage columnID="6B28DAFF-D8FB-C58F-8642-8C881B290F72"/>
</indexColumnUsage>
</ind_PK_UK>
<ind_PK_UK id="3A3B5CD0-8425-A114-66D8-B25F0C50C665" name="SIEDU_TIPO_DOMINIO_UK">
<sourceConnName>POLICIA</sourceConnName>
<sourceObjSchema>USR_DISIGAC2</sourceObjSchema>
<sourceObjName>SIEDU_TIPO_DOMINIO_UK</sourceObjName>
<createdBy>Manuel</createdBy>
<createdTime>2016-01-07 04:31:35 UTC</createdTime>
<generatorID>Generado por el Usuario</generatorID>
<ownerDesignName>ERD_POLICIA</ownerDesignName>
<indexState>Unique Plain Index</indexState>
<schemaObject>ED8B0381-61E9-98DB-D254-F5EC1AB94C4F</schemaObject>
<isSurrogateKey>false</isSurrogateKey>
<indexColumnUsage>
<colUsage columnID="07BB1793-6E23-313C-BF9D-2568A892E32C"/>
</indexColumnUsage>
</ind_PK_UK>
</indexes>
</Table>