<?xml version = '1.0' encoding = 'UTF-8'?>
<Table class="oracle.dbtools.crest.model.design.relational.Table" directorySegmentName="seg_0" id="1F8C52BB-4015-FF8D-7871-DB23C5790061" name="SIEDU_PERSONA">
<createdBy>Manuel</createdBy>
<createdTime>2016-03-06 21:52:40 UTC</createdTime>
<commentInRDBMS>Tabla de Personas</commentInRDBMS>
<generatorID>Generado por el Usuario</generatorID>
<ownerDesignName>ERD_POLICIA</ownerDesignName>
<allowColumnReorder>false</allowColumnReorder>
<existDependencyGenerateInDDl>true</existDependencyGenerateInDDl>
<columns itemClass="oracle.dbtools.crest.model.design.relational.Column">
<Column name="pers_pers" id="5655400A-4792-C20D-17CF-6697E579D26D">
<createdBy>Manuel</createdBy>
<createdTime>2016-03-06 21:53:50 UTC</createdTime>
<commentInRDBMS>Secuencial identificador de la Persona</commentInRDBMS>
<generatorID>Generado por el Usuario</generatorID>
<ownerDesignName>ERD_POLICIA</ownerDesignName>
<useDomainConstraints>false</useDomainConstraints>
<use>1</use>
<logicalDatatype>LOGDT019</logicalDatatype>
<dataTypePrecision>10</dataTypePrecision>
<autoIncrementCycle>false</autoIncrementCycle>
</Column>
<Column name="pers_nroid" id="314E1FE3-9894-888F-D3E4-C44F91FDA79A">
<createdBy>Manuel</createdBy>
<createdTime>2016-03-06 21:53:50 UTC</createdTime>
<commentInRDBMS>Número de Identificación de la Persona</commentInRDBMS>
<generatorID>Generado por el Usuario</generatorID>
<ownerDesignName>ERD_POLICIA</ownerDesignName>
<nullsAllowed>true</nullsAllowed>
<useDomainConstraints>false</useDomainConstraints>
<use>1</use>
<logicalDatatype>LOGDT024</logicalDatatype>
<dataTypeSize>14</dataTypeSize>
<autoIncrementCycle>false</autoIncrementCycle>
</Column>
<Column name="pers_tpoid" id="3A46B88C-DBF4-9F16-3076-6E921368D977">
<createdBy>Manuel</createdBy>
<createdTime>2016-03-06 21:54:49 UTC</createdTime>
<commentInRDBMS>Tipo de Identificación de la Persona</commentInRDBMS>
<generatorID>Generado por el Usuario</generatorID>
<ownerDesignName>ERD_POLICIA</ownerDesignName>
<nullsAllowed>true</nullsAllowed>
<useDomainConstraints>false</useDomainConstraints>
<use>1</use>
<logicalDatatype>LOGDT024</logicalDatatype>
<dataTypeSize>2</dataTypeSize>
<autoIncrementCycle>false</autoIncrementCycle>
</Column>
<Column name="pers_nombres" id="9CE374E9-B7A1-20E2-D1E2-4E652E18BF29">
<createdBy>Manuel</createdBy>
<createdTime>2016-03-06 21:58:50 UTC</createdTime>
<commentInRDBMS>Nombres completos del Empleado</commentInRDBMS>
<generatorID>Generado por el Usuario</generatorID>
<ownerDesignName>ERD_POLICIA</ownerDesignName>
<useDomainConstraints>false</useDomainConstraints>
<use>1</use>
<logicalDatatype>LOGDT024</logicalDatatype>
<dataTypeSize>30</dataTypeSize>
<autoIncrementCycle>false</autoIncrementCycle>
</Column>
<Column name="pers_apellidos" id="622ED4BC-0D34-32AE-4B53-3F4A46AE0AE5">
<createdBy>Manuel</createdBy>
<createdTime>2016-03-06 21:58:50 UTC</createdTime>
<commentInRDBMS>Apellidos del Empleado</commentInRDBMS>
<generatorID>Generado por el Usuario</generatorID>
<ownerDesignName>ERD_POLICIA</ownerDesignName>
<useDomainConstraints>false</useDomainConstraints>
<use>1</use>
<logicalDatatype>LOGDT024</logicalDatatype>
<dataTypeSize>30</dataTypeSize>
<autoIncrementCycle>false</autoIncrementCycle>
</Column>
<Column name="pers_empe" id="47BB1BBF-DA5D-267F-8D9B-BCC46A4DAC91">
<createdBy>Manuel</createdBy>
<createdTime>2016-03-06 22:02:14 UTC</createdTime>
<commentInRDBMS>Secuencial Identificador de Empleado Externo</commentInRDBMS>
<generatorID>Generado por el Usuario</generatorID>
<ownerDesignName>ERD_POLICIA</ownerDesignName>
<nullsAllowed>true</nullsAllowed>
<useDomainConstraints>false</useDomainConstraints>
<use>1</use>
<logicalDatatype>LOGDT019</logicalDatatype>
<dataTypePrecision>8</dataTypePrecision>
<delegate>67C8917B-9A92-303F-E143-D2A60E55B416</delegate>
<previousColumn>false</previousColumn>
<autoIncrementCycle>false</autoIncrementCycle>
<associations>
<colAssociation fkAssociation="16670E0C-8FD9-AD6C-4E81-0276D4EA421A" referredColumn="67C8917B-9A92-303F-E143-D2A60E55B416"/>
</associations>
</Column>
<Column name="pers_emp_unde_fuerza" id="005073BE-FACE-9F39-73A7-3BBD8AD7670A">
<createdBy>Manuel</createdBy>
<createdTime>2016-03-06 22:03:42 UTC</createdTime>
<commentInRDBMS>Identificador de Fuerza de la Dependencia del Empleado</commentInRDBMS>
<generatorID>Generado por el Usuario</generatorID>
<ownerDesignName>ERD_POLICIA</ownerDesignName>
<nullsAllowed>true</nullsAllowed>
<useDomainConstraints>false</useDomainConstraints>
<use>1</use>
<logicalDatatype>LOGDT019</logicalDatatype>
<dataTypePrecision>1</dataTypePrecision>
<delegate>DA595F31-21A8-8458-151A-A3ECF36A3F1F</delegate>
<previousColumn>false</previousColumn>
<autoIncrementCycle>false</autoIncrementCycle>
<associations>
<colAssociation fkAssociation="3341A7E1-076E-EFE9-E369-975F5758E153" referredColumn="DA595F31-21A8-8458-151A-A3ECF36A3F1F"/>
</associations>
</Column>
<Column name="pers_emp_unde_udepe" id="7119B65F-D1E5-163B-1E43-3FFB7D61E542">
<createdBy>Manuel</createdBy>
<createdTime>2016-03-06 22:03:42 UTC</createdTime>
<commentInRDBMS>Identificador de la Dependencia del Empleado</commentInRDBMS>
<generatorID>Generado por el Usuario</generatorID>
<ownerDesignName>ERD_POLICIA</ownerDesignName>
<nullsAllowed>true</nullsAllowed>
<useDomainConstraints>false</useDomainConstraints>
<use>1</use>
<logicalDatatype>LOGDT019</logicalDatatype>
<delegate>E2EC9035-FBA5-FD5E-9E7A-524E58082D4C</delegate>
<previousColumn>false</previousColumn>
<autoIncrementCycle>false</autoIncrementCycle>
<associations>
<colAssociation fkAssociation="3341A7E1-076E-EFE9-E369-975F5758E153" referredColumn="E2EC9035-FBA5-FD5E-9E7A-524E58082D4C"/>
</associations>
</Column>
<Column name="pers_emp_consecutivo" id="C1058AD7-D5C2-9F64-A547-16DC5BD50E83">
<createdBy>Manuel</createdBy>
<createdTime>2016-03-06 22:03:42 UTC</createdTime>
<commentInRDBMS>Consecutivo del Empleado</commentInRDBMS>
<generatorID>Generado por el Usuario</generatorID>
<ownerDesignName>ERD_POLICIA</ownerDesignName>
<nullsAllowed>true</nullsAllowed>
<useDomainConstraints>false</useDomainConstraints>
<use>1</use>
<logicalDatatype>LOGDT019</logicalDatatype>
<delegate>F4FDF541-FECA-C3DD-2128-C63963685891</delegate>
<previousColumn>false</previousColumn>
<autoIncrementCycle>false</autoIncrementCycle>
<associations>
<colAssociation fkAssociation="3341A7E1-076E-EFE9-E369-975F5758E153" referredColumn="F4FDF541-FECA-C3DD-2128-C63963685891"/>
</associations>
</Column>
</columns>
<indexes itemClass="oracle.dbtools.crest.model.design.relational.Index">
<ind_PK_UK id="A34618AB-316F-F323-31CF-21987F5EA2EB" name="SIEDU_PERSONA_PK">
<createdBy>Manuel</createdBy>
<createdTime>2016-03-06 21:53:50 UTC</createdTime>
<generatorID>Generado por el Usuario</generatorID>
<ownerDesignName>ERD_POLICIA</ownerDesignName>
<pk>true</pk>
<indexState>Primary Constraint</indexState>
<isSurrogateKey>false</isSurrogateKey>
<indexColumnUsage>
<colUsage columnID="5655400A-4792-C20D-17CF-6697E579D26D"/>
</indexColumnUsage>
</ind_PK_UK>
<ind_PK_UK id="87B0EE9A-4F1B-8347-184E-349E45C3AA92" name="SIEDU_PERSONA_EMPLE_EXTERNO_FK">
<createdBy>Manuel</createdBy>
<createdTime>2016-03-06 22:02:14 UTC</createdTime>
<generatorID>Generado por el Usuario</generatorID>
<ownerDesignName>ERD_POLICIA</ownerDesignName>
<indexState>Foreign Key</indexState>
<isSurrogateKey>false</isSurrogateKey>
<indexColumnUsage>
<colUsage columnID="47BB1BBF-DA5D-267F-8D9B-BCC46A4DAC91"/>
</indexColumnUsage>
</ind_PK_UK>
<ind_PK_UK id="28CC672A-8A19-CFA9-419F-A9819906BC59" name="SIEDU_PERSONA_EMPLEADOS_FK">
<createdBy>Manuel</createdBy>
<createdTime>2016-03-06 22:03:42 UTC</createdTime>
<generatorID>Generado por el Usuario</generatorID>
<ownerDesignName>ERD_POLICIA</ownerDesignName>
<indexState>Foreign Key</indexState>
<isSurrogateKey>false</isSurrogateKey>
<indexColumnUsage>
<colUsage columnID="005073BE-FACE-9F39-73A7-3BBD8AD7670A"/>
<colUsage columnID="7119B65F-D1E5-163B-1E43-3FFB7D61E542"/>
<colUsage columnID="C1058AD7-D5C2-9F64-A547-16DC5BD50E83"/>
</indexColumnUsage>
</ind_PK_UK>
</indexes>
<tableCheckConstraints itemClass="oracle.dbtools.crest.model.design.constraint.TableLevelConstraint">
<tableCheckConstraint name="SIEDU_PERSONA_TPOID_CK" directorySegmentName="seg_2" id="7BB31BA3-E4BD-FC7C-9252-1CB329679171">
<createdBy>Manuel</createdBy>
<createdTime>2016-05-29 00:09:12 UTC</createdTime>
<generatorID>Generado por el Usuario</generatorID>
<ownerDesignName>ERD_POLICIA</ownerDesignName>
<rule>pers_tpoid in (&apos;CC&apos;,&apos;CD&apos;,&apos;CE&apos;,&apos;LM&apos;,&apos;NI&apos;,&apos;NR&apos;,&apos;PA&apos;,&apos;PJ&apos;,&apos;RM&apos;,&apos;TD&apos;,&apos;TI&apos;,&apos;TP&apos;,&apos;TS&apos;,&apos;RC&apos;,&apos;NU&apos;,&apos;CM&apos; )</rule>
</tableCheckConstraint>
<tableCheckConstraint name="SIEDU_PERSONA_SEXO_CK" directorySegmentName="seg_2" id="D032F58B-74CC-FF64-5762-02CE423B823A">
<createdBy>Manuel</createdBy>
<createdTime>2016-05-29 00:20:34 UTC</createdTime>
<generatorID>Generado por el Usuario</generatorID>
<ownerDesignName>ERD_POLICIA</ownerDesignName>
<rule>pers_sexo in (&apos;BI&apos;,&apos;HF&apos;,&apos;FE&apos;,&apos;MA&apos;,&apos;NR&apos;,&apos;HM&apos;)</rule>
</tableCheckConstraint>
</tableCheckConstraints>
</Table>