<?xml version = '1.0' encoding = 'UTF-8'?>
<Table class="oracle.dbtools.crest.model.design.relational.Table" directorySegmentName="seg_0" id="21328AD3-3B44-8AD1-CAEF-C442FD7D6DDB" name="SIEDU_ENTIDAD">
<sourceConnName>POLICIA</sourceConnName>
<sourceObjSchema>USR_DISIGAC2</sourceObjSchema>
<sourceObjName>SIEDU_ENTIDAD</sourceObjName>
<createdBy>Manuel</createdBy>
<createdTime>2016-01-07 04:31:06 UTC</createdTime>
<commentInRDBMS>Tabla de Entidades</commentInRDBMS>
<generatorID>Generado por el Usuario</generatorID>
<ownerDesignName>ERD_POLICIA</ownerDesignName>
<schemaObject>ED8B0381-61E9-98DB-D254-F5EC1AB94C4F</schemaObject>
<allowColumnReorder>false</allowColumnReorder>
<existDependencyGenerateInDDl>true</existDependencyGenerateInDDl>
<columns itemClass="oracle.dbtools.crest.model.design.relational.Column">
<Column name="enti_enti" id="D4E623F4-060B-9EC3-78CC-7292F22ACE4F">
<sourceConnName>POLICIA</sourceConnName>
<sourceObjSchema>SIEDU_ENTIDAD</sourceObjSchema>
<sourceObjName>ID_ENTIDADES</sourceObjName>
<createdBy>Manuel</createdBy>
<createdTime>2016-01-07 04:31:29 UTC</createdTime>
<commentInRDBMS>Primary Key de la tabla entidades.</commentInRDBMS>
<generatorID>Generado por el Usuario</generatorID>
<ownerDesignName>ERD_POLICIA</ownerDesignName>
<useDomainConstraints>false</useDomainConstraints>
<use>1</use>
<logicalDatatype>LOGDT019</logicalDatatype>
<autoIncrementCycle>false</autoIncrementCycle>
</Column>
<Column name="enti_nombre" id="F5C86525-24A3-FD0B-83AC-1627580F9742">
<sourceConnName>POLICIA</sourceConnName>
<sourceObjSchema>SIEDU_ENTIDAD</sourceObjSchema>
<sourceObjName>NOMBRE</sourceObjName>
<createdBy>Manuel</createdBy>
<createdTime>2016-01-07 04:31:29 UTC</createdTime>
<commentInRDBMS>Nombre de la entidad.</commentInRDBMS>
<generatorID>Generado por el Usuario</generatorID>
<ownerDesignName>ERD_POLICIA</ownerDesignName>
<useDomainConstraints>false</useDomainConstraints>
<use>1</use>
<logicalDatatype>LOGDT024</logicalDatatype>
<dataTypeSize>100</dataTypeSize>
<autoIncrementCycle>false</autoIncrementCycle>
</Column>
<Column name="enti_dom_tipo" id="79CD9CFE-74C9-C164-E407-97E3FC976646">
<sourceConnName>POLICIA</sourceConnName>
<sourceObjSchema>SIEDU_ENTIDAD</sourceObjSchema>
<sourceObjName>ID_DOMINIO_TIPO_ENTIDAD</sourceObjName>
<createdBy>Manuel</createdBy>
<createdTime>2016-01-07 04:31:29 UTC</createdTime>
<commentInRDBMS>Si es empresa, entidad educativa, otros. (DOMINIO TIPO_ENTIDAD)</commentInRDBMS>
<generatorID>Generado por el Usuario</generatorID>
<ownerDesignName>ERD_POLICIA</ownerDesignName>
<useDomainConstraints>false</useDomainConstraints>
<use>1</use>
<logicalDatatype>LOGDT019</logicalDatatype>
<dataTypePrecision>4</dataTypePrecision>
<delegate>A3C90245-99FA-BF1F-B007-6D350ACB94DA</delegate>
<autoIncrementCycle>false</autoIncrementCycle>
<associations>
<colAssociation fkAssociation="DFA10965-C1A3-1334-0DF1-2AA877189A4B" referredColumn="A3C90245-99FA-BF1F-B007-6D350ACB94DA"/>
</associations>
</Column>
<Column name="enti_luggeo" id="63414A2C-8BA5-B26F-42DF-4BB0339E8968">
<sourceConnName>POLICIA</sourceConnName>
<sourceObjSchema>SIEDU_ENTIDAD</sourceObjSchema>
<sourceObjName>ID_LUGAR_GEOGRAFICO</sourceObjName>
<createdBy>Manuel</createdBy>
<createdTime>2016-01-07 04:31:29 UTC</createdTime>
<commentInRDBMS>Donde se encuentra ubicada la entidad geograficamente.</commentInRDBMS>
<generatorID>Generado por el Usuario</generatorID>
<ownerDesignName>ERD_POLICIA</ownerDesignName>
<useDomainConstraints>false</useDomainConstraints>
<use>1</use>
<logicalDatatype>LOGDT019</logicalDatatype>
<dataTypePrecision>6</dataTypePrecision>
<autoIncrementCycle>false</autoIncrementCycle>
</Column>
<Column name="enti_dom_sector" id="5E1AD693-CDAA-C8F5-665B-13A58DE703AA">
<sourceConnName>POLICIA</sourceConnName>
<sourceObjSchema>SIEDU_ENTIDAD</sourceObjSchema>
<sourceObjName>ID_DOMINIO_SECTOR_ENTIDAD</sourceObjName>
<createdBy>Manuel</createdBy>
<createdTime>2016-01-07 04:31:29 UTC</createdTime>
<commentInRDBMS>Si la entidad es oficial, privado, mixto. (DOMINIO SECTOR_ENTIDAD)</commentInRDBMS>
<generatorID>Generado por el Usuario</generatorID>
<ownerDesignName>ERD_POLICIA</ownerDesignName>
<useDomainConstraints>false</useDomainConstraints>
<use>1</use>
<logicalDatatype>LOGDT019</logicalDatatype>
<dataTypePrecision>4</dataTypePrecision>
<delegate>A3C90245-99FA-BF1F-B007-6D350ACB94DA</delegate>
<autoIncrementCycle>false</autoIncrementCycle>
<associations>
<colAssociation fkAssociation="8D768EE5-D6C5-16A0-C0D3-CBA4931E49E9" referredColumn="A3C90245-99FA-BF1F-B007-6D350ACB94DA"/>
</associations>
</Column>
<Column name="enti_direccion" id="23B47499-735F-8EC7-E479-5B2E453CF304">
<sourceConnName>POLICIA</sourceConnName>
<sourceObjSchema>SIEDU_ENTIDAD</sourceObjSchema>
<sourceObjName>DIRECCION</sourceObjName>
<createdBy>Manuel</createdBy>
<createdTime>2016-01-07 04:31:29 UTC</createdTime>
<commentInRDBMS>Dirección de la Entidad</commentInRDBMS>
<generatorID>Generado por el Usuario</generatorID>
<ownerDesignName>ERD_POLICIA</ownerDesignName>
<nullsAllowed>true</nullsAllowed>
<useDomainConstraints>false</useDomainConstraints>
<use>1</use>
<logicalDatatype>LOGDT024</logicalDatatype>
<dataTypeSize>100</dataTypeSize>
<autoIncrementCycle>false</autoIncrementCycle>
</Column>
<Column name="enti_telefono" id="D1042274-3A42-CE4F-5546-BF9A8273D6E7">
<sourceConnName>POLICIA</sourceConnName>
<sourceObjSchema>SIEDU_ENTIDAD</sourceObjSchema>
<sourceObjName>TELEFONO</sourceObjName>
<createdBy>Manuel</createdBy>
<createdTime>2016-01-07 04:31:29 UTC</createdTime>
<commentInRDBMS>Teléfono de la Entidad</commentInRDBMS>
<generatorID>Generado por el Usuario</generatorID>
<ownerDesignName>ERD_POLICIA</ownerDesignName>
<nullsAllowed>true</nullsAllowed>
<useDomainConstraints>false</useDomainConstraints>
<use>1</use>
<logicalDatatype>LOGDT019</logicalDatatype>
<dataTypePrecision>20</dataTypePrecision>
<autoIncrementCycle>false</autoIncrementCycle>
</Column>
<Column name="enti_page_web" id="3EC34FB0-DB21-A8C1-1DAE-98E353FB1DC9">
<sourceConnName>POLICIA</sourceConnName>
<sourceObjSchema>SIEDU_ENTIDAD</sourceObjSchema>
<sourceObjName>PAGINA_WEB</sourceObjName>
<createdBy>Manuel</createdBy>
<createdTime>2016-01-07 04:31:29 UTC</createdTime>
<commentInRDBMS>Sitio web de la entidad</commentInRDBMS>
<generatorID>Generado por el Usuario</generatorID>
<ownerDesignName>ERD_POLICIA</ownerDesignName>
<nullsAllowed>true</nullsAllowed>
<useDomainConstraints>false</useDomainConstraints>
<use>1</use>
<logicalDatatype>LOGDT024</logicalDatatype>
<dataTypeSize>50</dataTypeSize>
<autoIncrementCycle>false</autoIncrementCycle>
</Column>
<Column name="enti_email" id="002F8C4B-1BD2-6CE3-C1E7-5707900A73E4">
<sourceConnName>POLICIA</sourceConnName>
<sourceObjSchema>SIEDU_ENTIDAD</sourceObjSchema>
<sourceObjName>EMAIL</sourceObjName>
<createdBy>Manuel</createdBy>
<createdTime>2016-01-07 04:31:29 UTC</createdTime>
<commentInRDBMS>Email corporativo de la entidad</commentInRDBMS>
<generatorID>Generado por el Usuario</generatorID>
<ownerDesignName>ERD_POLICIA</ownerDesignName>
<nullsAllowed>true</nullsAllowed>
<useDomainConstraints>false</useDomainConstraints>
<use>1</use>
<logicalDatatype>LOGDT024</logicalDatatype>
<dataTypeSize>50</dataTypeSize>
<autoIncrementCycle>false</autoIncrementCycle>
</Column>
</columns>
<indexes itemClass="oracle.dbtools.crest.model.design.relational.Index">
<ind_PK_UK id="CB6E1819-0261-0D64-B08E-B6668A92153E" name="ENTIDADES_PK">
<sourceConnName>POLICIA</sourceConnName>
<sourceObjSchema>USR_DISIGAC2</sourceObjSchema>
<sourceObjName>ENTIDADES_PK</sourceObjName>
<createdBy>Manuel</createdBy>
<createdTime>2016-01-07 04:31:40 UTC</createdTime>
<generatorID>Generado por el Usuario</generatorID>
<ownerDesignName>ERD_POLICIA</ownerDesignName>
<pk>true</pk>
<indexState>Primary Constraint</indexState>
<isSurrogateKey>false</isSurrogateKey>
<indexColumnUsage>
<colUsage columnID="D4E623F4-060B-9EC3-78CC-7292F22ACE4F"/>
</indexColumnUsage>
</ind_PK_UK>
<ind_PK_UK id="78F2922C-5860-29DC-4630-2767E1C8D0EF" name="ENTIDAD_UK">
<sourceConnName>POLICIA</sourceConnName>
<sourceObjSchema>USR_DISIGAC2</sourceObjSchema>
<sourceObjName>ENTIDAD_UK</sourceObjName>
<createdBy>Manuel</createdBy>
<createdTime>2016-01-07 04:31:40 UTC</createdTime>
<generatorID>Generado por el Usuario</generatorID>
<ownerDesignName>ERD_POLICIA</ownerDesignName>
<indexState>Unique Constraint</indexState>
<isSurrogateKey>false</isSurrogateKey>
<indexColumnUsage>
<colUsage columnID="F5C86525-24A3-FD0B-83AC-1627580F9742"/>
<colUsage columnID="79CD9CFE-74C9-C164-E407-97E3FC976646"/>
<colUsage columnID="5E1AD693-CDAA-C8F5-665B-13A58DE703AA"/>
</indexColumnUsage>
</ind_PK_UK>
<ind_PK_UK id="0DC5673E-8884-50E0-D116-06010C89285B" name="ENTIDAD_UK">
<sourceConnName>POLICIA</sourceConnName>
<sourceObjSchema>USR_DISIGAC2</sourceObjSchema>
<sourceObjName>ENTIDAD_UK</sourceObjName>
<createdBy>Manuel</createdBy>
<createdTime>2016-01-07 04:31:34 UTC</createdTime>
<generatorID>Generado por el Usuario</generatorID>
<ownerDesignName>ERD_POLICIA</ownerDesignName>
<indexState>Unique Plain Index</indexState>
<schemaObject>ED8B0381-61E9-98DB-D254-F5EC1AB94C4F</schemaObject>
<isSurrogateKey>false</isSurrogateKey>
<indexColumnUsage>
<colUsage columnID="F5C86525-24A3-FD0B-83AC-1627580F9742"/>
<colUsage columnID="79CD9CFE-74C9-C164-E407-97E3FC976646"/>
<colUsage columnID="5E1AD693-CDAA-C8F5-665B-13A58DE703AA"/>
</indexColumnUsage>
</ind_PK_UK>
<ind_PK_UK id="0A97CCFF-2B0E-2043-80CC-933ED63E0DDF" name="ENTIDADES_PK">
<sourceConnName>POLICIA</sourceConnName>
<sourceObjSchema>USR_DISIGAC2</sourceObjSchema>
<sourceObjName>ENTIDADES_PK</sourceObjName>
<createdBy>Manuel</createdBy>
<createdTime>2016-01-07 04:31:34 UTC</createdTime>
<generatorID>Generado por el Usuario</generatorID>
<ownerDesignName>ERD_POLICIA</ownerDesignName>
<indexState>Unique Plain Index</indexState>
<schemaObject>ED8B0381-61E9-98DB-D254-F5EC1AB94C4F</schemaObject>
<isSurrogateKey>false</isSurrogateKey>
<indexColumnUsage>
<colUsage columnID="D4E623F4-060B-9EC3-78CC-7292F22ACE4F"/>
</indexColumnUsage>
</ind_PK_UK>
<ind_PK_UK id="94E361B5-8650-A5E8-AFD3-E7EEABBBE31C" name="DOMINIOENTI_ENTIDAD_TIPOENTI">
<createdBy>Manuel</createdBy>
<createdTime>2016-01-07 04:31:46 UTC</createdTime>
<generatorID>Generado por el Usuario</generatorID>
<ownerDesignName>ERD_POLICIA</ownerDesignName>
<indexState>Foreign Key</indexState>
<isSurrogateKey>false</isSurrogateKey>
<indexColumnUsage>
<colUsage columnID="79CD9CFE-74C9-C164-E407-97E3FC976646"/>
</indexColumnUsage>
</ind_PK_UK>
<ind_PK_UK id="FB983B13-C545-5CC5-EEBD-A1F7ABE5A882" name="DOMINIO_SECTORENTI_TIPOSECTOR">
<createdBy>Manuel</createdBy>
<createdTime>2016-01-07 04:31:46 UTC</createdTime>
<generatorID>Generado por el Usuario</generatorID>
<ownerDesignName>ERD_POLICIA</ownerDesignName>
<indexState>Foreign Key</indexState>
<isSurrogateKey>false</isSurrogateKey>
<indexColumnUsage>
<colUsage columnID="5E1AD693-CDAA-C8F5-665B-13A58DE703AA"/>
</indexColumnUsage>
</ind_PK_UK>
</indexes>
</Table>