<?xml version = '1.0' encoding = 'UTF-8'?>
<Table class="oracle.dbtools.crest.model.design.relational.Table" directorySegmentName="seg_0" id="22B18A03-AF58-AFDA-6890-72FF9F4A75AC" name="ROL">
<sourceConnName>Policia</sourceConnName>
<sourceObjSchema>USR_DISIGAC2</sourceObjSchema>
<sourceObjName>ROL</sourceObjName>
<createdBy>itc</createdBy>
<createdTime>2016-01-22 12:58:59 UTC</createdTime>
<generatorID>Generado por el Usuario</generatorID>
<ownerDesignName>ERD_POLICIA</ownerDesignName>
<importedID>6FEF84E2-85CF-20E7-D233-30E5343D71FD</importedID>
<schemaObject>ED8B0381-61E9-98DB-D254-F5EC1AB94C4F</schemaObject>
<allowColumnReorder>false</allowColumnReorder>
<existDependencyGenerateInDDl>true</existDependencyGenerateInDDl>
<columns itemClass="oracle.dbtools.crest.model.design.relational.Column">
<Column name="ID_ROL" id="5F903429-1AA3-557B-80CE-639A30D84EBA">
<sourceConnName>Policia</sourceConnName>
<sourceObjSchema>ROL</sourceObjSchema>
<sourceObjName>ID_ROL</sourceObjName>
<createdBy>itc</createdBy>
<createdTime>2016-01-22 12:58:59 UTC</createdTime>
<generatorID>Generado por el Usuario</generatorID>
<ownerDesignName>ERD_POLICIA</ownerDesignName>
<importedID>9A487DA2-CCE9-BF0C-C2C6-549F49C3B6F6</importedID>
<useDomainConstraints>false</useDomainConstraints>
<use>1</use>
<logicalDatatype>LOGDT019</logicalDatatype>
<autoIncrementCycle>false</autoIncrementCycle>
</Column>
<Column name="NOMBRE" id="52AE0C6C-6954-F031-C606-115EB3D3AA11">
<sourceConnName>Policia</sourceConnName>
<sourceObjSchema>ROL</sourceObjSchema>
<sourceObjName>NOMBRE</sourceObjName>
<createdBy>itc</createdBy>
<createdTime>2016-01-22 12:58:59 UTC</createdTime>
<generatorID>Generado por el Usuario</generatorID>
<ownerDesignName>ERD_POLICIA</ownerDesignName>
<importedID>AB88AC8F-45F0-A7BA-336B-4D75CF0B5EC5</importedID>
<useDomainConstraints>false</useDomainConstraints>
<use>1</use>
<logicalDatatype>LOGDT024</logicalDatatype>
<dataTypeSize>100 BYTE</dataTypeSize>
<autoIncrementCycle>false</autoIncrementCycle>
</Column>
<Column name="REQUIERE_UNIDAD_POLICIAL" id="18A57282-8D9C-A325-3399-4FD2492B1F76">
<sourceConnName>Policia</sourceConnName>
<sourceObjSchema>ROL</sourceObjSchema>
<sourceObjName>REQUIERE_UNIDAD_POLICIAL</sourceObjName>
<createdBy>itc</createdBy>
<createdTime>2016-01-22 12:58:59 UTC</createdTime>
<commentInRDBMS>&apos;Y&apos; Si requiere unidad policial &apos;N&apos; si no requiere unidad policial</commentInRDBMS>
<generatorID>Generado por el Usuario</generatorID>
<ownerDesignName>ERD_POLICIA</ownerDesignName>
<importedID>BBEB8A58-59D2-EB93-3B2E-6DE1E74EF9A5</importedID>
<nullsAllowed>true</nullsAllowed>
<useDomainConstraints>false</useDomainConstraints>
<use>1</use>
<logicalDatatype>LOGDT024</logicalDatatype>
<dataTypeSize>1 BYTE</dataTypeSize>
<autoIncrementCycle>false</autoIncrementCycle>
</Column>
</columns>
<indexes itemClass="oracle.dbtools.crest.model.design.relational.Index">
<ind_PK_UK id="6DA03A7F-AE2A-C622-5525-7708C8FE0A4F" name="ROL_PK">
<sourceConnName>Policia</sourceConnName>
<sourceObjSchema>USR_DISIGAC2</sourceObjSchema>
<sourceObjName>ROL_PK</sourceObjName>
<createdBy>itc</createdBy>
<createdTime>2016-01-22 12:58:59 UTC</createdTime>
<generatorID>Generado por el Usuario</generatorID>
<ownerDesignName>ERD_POLICIA</ownerDesignName>
<importedID>0415283D-F120-1C84-5265-0A8B270BFF8A</importedID>
<pk>true</pk>
<indexState>Primary Constraint</indexState>
<isSurrogateKey>false</isSurrogateKey>
<indexColumnUsage>
<colUsage columnID="5F903429-1AA3-557B-80CE-639A30D84EBA"/>
</indexColumnUsage>
</ind_PK_UK>
<ind_PK_UK id="78E88806-157A-2EB6-4E86-6D7B6C9D4F54" name="ROL_PK">
<sourceConnName>Policia</sourceConnName>
<sourceObjSchema>USR_DISIGAC2</sourceObjSchema>
<sourceObjName>ROL_PK</sourceObjName>
<createdBy>itc</createdBy>
<createdTime>2016-01-22 12:58:59 UTC</createdTime>
<generatorID>Generado por el Usuario</generatorID>
<ownerDesignName>ERD_POLICIA</ownerDesignName>
<importedID>3E64FA6F-FCA7-7376-34F0-7B6466BD69A2</importedID>
<indexState>Unique Plain Index</indexState>
<schemaObject>ED8B0381-61E9-98DB-D254-F5EC1AB94C4F</schemaObject>
<isSurrogateKey>false</isSurrogateKey>
<indexColumnUsage>
<colUsage columnID="5F903429-1AA3-557B-80CE-639A30D84EBA"/>
</indexColumnUsage>
</ind_PK_UK>
</indexes>
</Table>