<?xml version = '1.0' encoding = 'UTF-8'?>
<Table class="oracle.dbtools.crest.model.design.relational.Table" directorySegmentName="seg_0" id="22B8556B-78B4-3DF9-B78B-BC4A896615C6" name="SIEDU_ARCHIVO">
<createdBy>Manuel</createdBy>
<createdTime>2016-03-01 01:51:15 UTC</createdTime>
<generatorID>Generado por el Usuario</generatorID>
<ownerDesignName>ERD_POLICIA</ownerDesignName>
<allowColumnReorder>false</allowColumnReorder>
<existDependencyGenerateInDDl>true</existDependencyGenerateInDDl>
<columns itemClass="oracle.dbtools.crest.model.design.relational.Column">
<Column name="arch_id" id="DBAA0746-76C5-9CC1-19B0-82B7F5380F27">
<createdBy>Manuel</createdBy>
<createdTime>2016-03-01 01:52:23 UTC</createdTime>
<commentInRDBMS>Secuencial identificador único del archivo</commentInRDBMS>
<generatorID>Generado por el Usuario</generatorID>
<ownerDesignName>ERD_POLICIA</ownerDesignName>
<useDomainConstraints>false</useDomainConstraints>
<use>1</use>
<logicalDatatype>LOGDT019</logicalDatatype>
<dataTypePrecision>8</dataTypePrecision>
<autoIncrementCycle>false</autoIncrementCycle>
</Column>
<Column name="arch_nombre" id="9689CC7D-2B7E-B6B4-0025-C425496BF31C">
<createdBy>Manuel</createdBy>
<createdTime>2016-03-01 01:53:09 UTC</createdTime>
<commentInRDBMS>Nombre del archivo</commentInRDBMS>
<generatorID>Generado por el Usuario</generatorID>
<ownerDesignName>ERD_POLICIA</ownerDesignName>
<useDomainConstraints>false</useDomainConstraints>
<use>1</use>
<logicalDatatype>LOGDT024</logicalDatatype>
<dataTypeSize>100</dataTypeSize>
<autoIncrementCycle>false</autoIncrementCycle>
</Column>
<Column name="arch_ext" id="B825A02F-8C49-2C62-59BB-CEC864030DBA">
<createdBy>Manuel</createdBy>
<createdTime>2016-03-01 01:53:42 UTC</createdTime>
<commentInRDBMS>Estensión del archivo</commentInRDBMS>
<generatorID>Generado por el Usuario</generatorID>
<ownerDesignName>ERD_POLICIA</ownerDesignName>
<useDomainConstraints>false</useDomainConstraints>
<use>1</use>
<logicalDatatype>LOGDT024</logicalDatatype>
<dataTypeSize>10</dataTypeSize>
<autoIncrementCycle>false</autoIncrementCycle>
</Column>
<Column name="arch_content_type" id="96A18B6B-0C38-E707-7949-3D3840DCCC72">
<createdBy>Manuel</createdBy>
<createdTime>2016-03-01 01:55:03 UTC</createdTime>
<commentInRDBMS>Tipo de contenido del archivo</commentInRDBMS>
<generatorID>Generado por el Usuario</generatorID>
<ownerDesignName>ERD_POLICIA</ownerDesignName>
<nullsAllowed>true</nullsAllowed>
<useDomainConstraints>false</useDomainConstraints>
<use>1</use>
<logicalDatatype>LOGDT024</logicalDatatype>
<dataTypeSize>50</dataTypeSize>
<autoIncrementCycle>false</autoIncrementCycle>
</Column>
<Column name="arch_titulo" id="791EE648-9C71-252E-0E9F-AF684754D346">
<createdBy>Manuel</createdBy>
<createdTime>2016-03-01 01:56:06 UTC</createdTime>
<commentInRDBMS>Título del archivo</commentInRDBMS>
<generatorID>Generado por el Usuario</generatorID>
<ownerDesignName>ERD_POLICIA</ownerDesignName>
<nullsAllowed>true</nullsAllowed>
<useDomainConstraints>false</useDomainConstraints>
<use>1</use>
<logicalDatatype>LOGDT024</logicalDatatype>
<dataTypeSize>100</dataTypeSize>
<autoIncrementCycle>false</autoIncrementCycle>
</Column>
</columns>
<indexes itemClass="oracle.dbtools.crest.model.design.relational.Index">
<ind_PK_UK id="27500ABA-A231-B422-8613-291A71895F55" name="SIEDU_ARCHIVO_PK">
<createdBy>Manuel</createdBy>
<createdTime>2016-03-01 01:52:23 UTC</createdTime>
<generatorID>Generado por el Usuario</generatorID>
<ownerDesignName>ERD_POLICIA</ownerDesignName>
<pk>true</pk>
<indexState>Primary Constraint</indexState>
<isSurrogateKey>false</isSurrogateKey>
<indexColumnUsage>
<colUsage columnID="DBAA0746-76C5-9CC1-19B0-82B7F5380F27"/>
</indexColumnUsage>
</ind_PK_UK>
</indexes>
</Table>