<?xml version = '1.0' encoding = 'UTF-8'?>
<Table class="oracle.dbtools.crest.model.design.relational.Table" directorySegmentName="seg_0" id="230E594B-81CA-A3ED-7B7B-97415A1C6B82" name="GRADOS">
<sourceConnName>POLICIA</sourceConnName>
<sourceObjSchema>USR_REHU</sourceObjSchema>
<sourceObjName>GRADOS</sourceObjName>
<createdBy>Manuel</createdBy>
<createdTime>2016-03-18 01:59:38 UTC</createdTime>
<commentInRDBMS>Contiene los diferentes grados que manejan las fuerzas publicas</commentInRDBMS>
<generatorID>Generado por el Usuario</generatorID>
<ownerDesignName>ERD_POLICIA</ownerDesignName>
<importedID>D756A616-BB2D-3C95-75AF-61FD27AF15BD</importedID>
<schemaObject>08A89F83-F1B6-076C-845F-07354A8D2081</schemaObject>
<allowColumnReorder>false</allowColumnReorder>
<existDependencyGenerateInDDl>true</existDependencyGenerateInDDl>
<columns itemClass="oracle.dbtools.crest.model.design.relational.Column">
<Column name="FUERZA" id="54E4B8E5-A1F5-FA34-A034-D1A0B802D1C8">
<sourceConnName>POLICIA</sourceConnName>
<sourceObjSchema>GRADOS</sourceObjSchema>
<sourceObjName>FUERZA</sourceObjName>
<createdBy>Manuel</createdBy>
<createdTime>2016-03-18 01:59:38 UTC</createdTime>
<commentInRDBMS>Fuerza. Defecto 6</commentInRDBMS>
<generatorID>Generado por el Usuario</generatorID>
<ownerDesignName>ERD_POLICIA</ownerDesignName>
<importedID>A397E4E2-9619-F4BD-2B77-6D64EFF6A5BD</importedID>
<useDomainConstraints>false</useDomainConstraints>
<use>1</use>
<logicalDatatype>LOGDT019</logicalDatatype>
<dataTypePrecision>1</dataTypePrecision>
<delegate>C53A3B12-CAB3-CAF8-552D-348D44C123DB</delegate>
<autoIncrementCycle>false</autoIncrementCycle>
<associations>
<colAssociation fkAssociation="E8C0CB3A-30DB-B636-3794-6901D8FB9155" referredColumn="C53A3B12-CAB3-CAF8-552D-348D44C123DB"/>
</associations>
</Column>
<Column name="ALFABETICO" id="9CFB109C-44F8-F00C-B91D-E45F144F1F79">
<sourceConnName>POLICIA</sourceConnName>
<sourceObjSchema>GRADOS</sourceObjSchema>
<sourceObjName>ALFABETICO</sourceObjName>
<createdBy>Manuel</createdBy>
<createdTime>2016-03-18 01:59:38 UTC</createdTime>
<commentInRDBMS>Grado Alfabetico</commentInRDBMS>
<generatorID>Generado por el Usuario</generatorID>
<ownerDesignName>ERD_POLICIA</ownerDesignName>
<importedID>D8FB09CB-1510-331D-4AE2-0087BAC815B2</importedID>
<useDomainConstraints>false</useDomainConstraints>
<use>1</use>
<logicalDatatype>LOGDT024</logicalDatatype>
<dataTypeSize>5 BYTE</dataTypeSize>
<autoIncrementCycle>false</autoIncrementCycle>
</Column>
<Column name="NUMERICO" id="332A35B4-CF5B-E968-1481-E855CC3DBC12">
<sourceConnName>POLICIA</sourceConnName>
<sourceObjSchema>GRADOS</sourceObjSchema>
<sourceObjName>NUMERICO</sourceObjName>
<createdBy>Manuel</createdBy>
<createdTime>2016-03-18 01:59:38 UTC</createdTime>
<commentInRDBMS>Grado Numerico</commentInRDBMS>
<generatorID>Generado por el Usuario</generatorID>
<ownerDesignName>ERD_POLICIA</ownerDesignName>
<importedID>ABBBC1B2-DD17-2009-95D3-13CFAA6FCA4B</importedID>
<useDomainConstraints>false</useDomainConstraints>
<use>1</use>
<logicalDatatype>LOGDT019</logicalDatatype>
<dataTypePrecision>5</dataTypePrecision>
<autoIncrementCycle>false</autoIncrementCycle>
</Column>
<Column name="NATURALEZA" id="E4E25B2C-307E-C323-956A-C6D693B3A6F0">
<sourceConnName>POLICIA</sourceConnName>
<sourceObjSchema>GRADOS</sourceObjSchema>
<sourceObjName>NATURALEZA</sourceObjName>
<createdBy>Manuel</createdBy>
<createdTime>2016-03-18 01:59:38 UTC</createdTime>
<commentInRDBMS>Naturaleza del cargo</commentInRDBMS>
<generatorID>Generado por el Usuario</generatorID>
<ownerDesignName>ERD_POLICIA</ownerDesignName>
<importedID>A2346E63-340B-07D9-F932-0A00C117E6E8</importedID>
<useDomainConstraints>false</useDomainConstraints>
<use>1</use>
<logicalDatatype>LOGDT025</logicalDatatype>
<dataTypeSize>2 BYTE</dataTypeSize>
<autoIncrementCycle>false</autoIncrementCycle>
</Column>
<Column name="DESCRIPCION" id="B5AD5B87-4D35-6587-8240-E2ADA92CC039">
<sourceConnName>POLICIA</sourceConnName>
<sourceObjSchema>GRADOS</sourceObjSchema>
<sourceObjName>DESCRIPCION</sourceObjName>
<createdBy>Manuel</createdBy>
<createdTime>2016-03-18 01:59:38 UTC</createdTime>
<commentInRDBMS>Descripcion del Registro Creado</commentInRDBMS>
<generatorID>Generado por el Usuario</generatorID>
<ownerDesignName>ERD_POLICIA</ownerDesignName>
<importedID>E16967AD-CC80-744F-8A66-3608C6D0B226</importedID>
<useDomainConstraints>false</useDomainConstraints>
<use>1</use>
<logicalDatatype>LOGDT024</logicalDatatype>
<dataTypeSize>50 BYTE</dataTypeSize>
<autoIncrementCycle>false</autoIncrementCycle>
</Column>
<Column name="ESCALA" id="DA78F48D-B6BD-496A-0B5A-B9EE74154978">
<sourceConnName>POLICIA</sourceConnName>
<sourceObjSchema>GRADOS</sourceObjSchema>
<sourceObjName>ESCALA</sourceObjName>
<createdBy>Manuel</createdBy>
<createdTime>2016-03-18 01:59:38 UTC</createdTime>
<commentInRDBMS>Escala Salarial (Carrera Administrativa)</commentInRDBMS>
<generatorID>Generado por el Usuario</generatorID>
<ownerDesignName>ERD_POLICIA</ownerDesignName>
<importedID>CBCE092B-96F7-8BF7-4087-03B9F7E85B1A</importedID>
<useDomainConstraints>false</useDomainConstraints>
<use>1</use>
<logicalDatatype>LOGDT019</logicalDatatype>
<dataTypePrecision>2</dataTypePrecision>
<autoIncrementCycle>false</autoIncrementCycle>
</Column>
<Column name="SUELDO" id="8E155824-1B09-8734-422A-72DB5A152E7D">
<sourceConnName>POLICIA</sourceConnName>
<sourceObjSchema>GRADOS</sourceObjSchema>
<sourceObjName>SUELDO</sourceObjName>
<createdBy>Manuel</createdBy>
<createdTime>2016-03-18 01:59:38 UTC</createdTime>
<commentInRDBMS>Sueldo para el Grado</commentInRDBMS>
<generatorID>Generado por el Usuario</generatorID>
<ownerDesignName>ERD_POLICIA</ownerDesignName>
<importedID>386FED9F-A19F-5A56-E490-E29DC65FFFD0</importedID>
<useDomainConstraints>false</useDomainConstraints>
<use>1</use>
<logicalDatatype>LOGDT019</logicalDatatype>
<autoIncrementCycle>false</autoIncrementCycle>
</Column>
<Column name="PLANTA_ACTUAL" id="8A859C89-4824-0E2E-F22F-2DB2E249F9DE">
<sourceConnName>POLICIA</sourceConnName>
<sourceObjSchema>GRADOS</sourceObjSchema>
<sourceObjName>PLANTA_ACTUAL</sourceObjName>
<createdBy>Manuel</createdBy>
<createdTime>2016-03-18 01:59:38 UTC</createdTime>
<commentInRDBMS>Planta actual o real</commentInRDBMS>
<generatorID>Generado por el Usuario</generatorID>
<ownerDesignName>ERD_POLICIA</ownerDesignName>
<importedID>8D6E46D5-31E7-B03D-1E8D-BEA12ADC57C0</importedID>
<useDomainConstraints>false</useDomainConstraints>
<use>1</use>
<logicalDatatype>LOGDT019</logicalDatatype>
<dataTypePrecision>6</dataTypePrecision>
<autoIncrementCycle>false</autoIncrementCycle>
</Column>
<Column name="PLANTA_AUTORIZADA" id="8A3B0AA8-5F08-A5BE-3CBF-BF228C64E1DB">
<sourceConnName>POLICIA</sourceConnName>
<sourceObjSchema>GRADOS</sourceObjSchema>
<sourceObjName>PLANTA_AUTORIZADA</sourceObjName>
<createdBy>Manuel</createdBy>
<createdTime>2016-03-18 01:59:38 UTC</createdTime>
<commentInRDBMS>Planta aprobada para cada grado</commentInRDBMS>
<generatorID>Generado por el Usuario</generatorID>
<ownerDesignName>ERD_POLICIA</ownerDesignName>
<importedID>7B74C2C0-3BCC-6A09-166A-68B8094587C2</importedID>
<useDomainConstraints>false</useDomainConstraints>
<use>1</use>
<logicalDatatype>LOGDT019</logicalDatatype>
<dataTypePrecision>6</dataTypePrecision>
<autoIncrementCycle>false</autoIncrementCycle>
</Column>
<Column name="PLANTA_IDEAL" id="7C1D5DA9-7A7B-B263-6E2C-FA353DAAD661">
<sourceConnName>POLICIA</sourceConnName>
<sourceObjSchema>GRADOS</sourceObjSchema>
<sourceObjName>PLANTA_IDEAL</sourceObjName>
<createdBy>Manuel</createdBy>
<createdTime>2016-03-18 01:59:38 UTC</createdTime>
<commentInRDBMS>Planta ideal</commentInRDBMS>
<generatorID>Generado por el Usuario</generatorID>
<ownerDesignName>ERD_POLICIA</ownerDesignName>
<importedID>9D9F68E1-9AE6-85AB-013C-CB302B1D1469</importedID>
<useDomainConstraints>false</useDomainConstraints>
<use>1</use>
<logicalDatatype>LOGDT019</logicalDatatype>
<dataTypePrecision>6</dataTypePrecision>
<autoIncrementCycle>false</autoIncrementCycle>
</Column>
<Column name="DESCUENTO_COMISION_EXTERIOR" id="E00C5757-5A84-8CBF-85F4-7C079DFCB2AC">
<sourceConnName>POLICIA</sourceConnName>
<sourceObjSchema>GRADOS</sourceObjSchema>
<sourceObjName>DESCUENTO_COMISION_EXTERIOR</sourceObjName>
<createdBy>Manuel</createdBy>
<createdTime>2016-03-18 01:59:38 UTC</createdTime>
<commentInRDBMS>Descuento Comision Exterior</commentInRDBMS>
<generatorID>Generado por el Usuario</generatorID>
<ownerDesignName>ERD_POLICIA</ownerDesignName>
<importedID>F548203E-5998-1FB0-3E91-A43F6EC5C840</importedID>
<nullsAllowed>true</nullsAllowed>
<useDomainConstraints>false</useDomainConstraints>
<use>1</use>
<logicalDatatype>LOGDT019</logicalDatatype>
<dataTypePrecision>5</dataTypePrecision>
<autoIncrementCycle>false</autoIncrementCycle>
</Column>
<Column name="TIEMPO_GRADO" id="3568830D-400A-EBAD-A247-F3CEA85C8AB1">
<sourceConnName>POLICIA</sourceConnName>
<sourceObjSchema>GRADOS</sourceObjSchema>
<sourceObjName>TIEMPO_GRADO</sourceObjName>
<createdBy>Manuel</createdBy>
<createdTime>2016-03-18 01:59:38 UTC</createdTime>
<commentInRDBMS>Tiempo en el Grado para Ascender</commentInRDBMS>
<generatorID>Generado por el Usuario</generatorID>
<ownerDesignName>ERD_POLICIA</ownerDesignName>
<importedID>154DEDEF-EF43-6A09-6E9D-A0B9FEE98B5E</importedID>
<nullsAllowed>true</nullsAllowed>
<useDomainConstraints>false</useDomainConstraints>
<use>1</use>
<logicalDatatype>LOGDT019</logicalDatatype>
<dataTypePrecision>2</dataTypePrecision>
<autoIncrementCycle>false</autoIncrementCycle>
</Column>
<Column name="ID_CATEGORIA" id="B3C5C1E4-946B-2C4A-9A53-3D2CF0C42E64">
<sourceConnName>POLICIA</sourceConnName>
<sourceObjSchema>GRADOS</sourceObjSchema>
<sourceObjName>ID_CATEGORIA</sourceObjName>
<createdBy>Manuel</createdBy>
<createdTime>2016-03-18 01:59:38 UTC</createdTime>
<commentInRDBMS>categoria del empleado</commentInRDBMS>
<generatorID>Generado por el Usuario</generatorID>
<ownerDesignName>ERD_POLICIA</ownerDesignName>
<importedID>F0E9BE99-8A69-5B42-02F0-F83A6B71F3D7</importedID>
<useDomainConstraints>false</useDomainConstraints>
<use>1</use>
<logicalDatatype>LOGDT019</logicalDatatype>
<delegate>5098A1B1-54F7-C437-E2D9-CEE6673D37E9</delegate>
<autoIncrementCycle>false</autoIncrementCycle>
<associations>
<colAssociation fkAssociation="E8C0CB3A-30DB-B636-3794-6901D8FB9155" referredColumn="5098A1B1-54F7-C437-E2D9-CEE6673D37E9"/>
</associations>
</Column>
<Column name="ID_TIPO_CATEGORIA" id="887CC8DA-CA4E-58F8-604E-16E68E72C3CB">
<sourceConnName>POLICIA</sourceConnName>
<sourceObjSchema>GRADOS</sourceObjSchema>
<sourceObjName>ID_TIPO_CATEGORIA</sourceObjName>
<createdBy>Manuel</createdBy>
<createdTime>2016-03-18 01:59:38 UTC</createdTime>
<commentInRDBMS>categoria dentro de la misma categoria</commentInRDBMS>
<generatorID>Generado por el Usuario</generatorID>
<ownerDesignName>ERD_POLICIA</ownerDesignName>
<importedID>04E119A4-C710-3B8E-532F-BBAF43EF6546</importedID>
<useDomainConstraints>false</useDomainConstraints>
<use>1</use>
<logicalDatatype>LOGDT019</logicalDatatype>
<autoIncrementCycle>false</autoIncrementCycle>
</Column>
<Column name="MAQUINA_CREACION" id="477165B7-83F3-1C0E-57B5-AEA89943A2B7">
<sourceConnName>POLICIA</sourceConnName>
<sourceObjSchema>GRADOS</sourceObjSchema>
<sourceObjName>MAQUINA_CREACION</sourceObjName>
<createdBy>Manuel</createdBy>
<createdTime>2016-03-18 01:59:38 UTC</createdTime>
<commentInRDBMS>Maquina que crea el Registro</commentInRDBMS>
<generatorID>Generado por el Usuario</generatorID>
<ownerDesignName>ERD_POLICIA</ownerDesignName>
<importedID>6C52330F-B89B-21A7-D1BC-09927A648995</importedID>
<useDomainConstraints>false</useDomainConstraints>
<use>1</use>
<logicalDatatype>LOGDT024</logicalDatatype>
<dataTypeSize>120 BYTE</dataTypeSize>
<autoIncrementCycle>false</autoIncrementCycle>
</Column>
<Column name="MAQUINA_ACTUALIZA" id="64998FF3-51AF-A331-A991-7E20A6D9809A">
<sourceConnName>POLICIA</sourceConnName>
<sourceObjSchema>GRADOS</sourceObjSchema>
<sourceObjName>MAQUINA_ACTUALIZA</sourceObjName>
<createdBy>Manuel</createdBy>
<createdTime>2016-03-18 01:59:38 UTC</createdTime>
<commentInRDBMS>Maquina que actualiza el registro</commentInRDBMS>
<generatorID>Generado por el Usuario</generatorID>
<ownerDesignName>ERD_POLICIA</ownerDesignName>
<importedID>6A8D653A-0C1A-F613-D494-A85DC27CB7F3</importedID>
<nullsAllowed>true</nullsAllowed>
<useDomainConstraints>false</useDomainConstraints>
<use>1</use>
<logicalDatatype>LOGDT024</logicalDatatype>
<dataTypeSize>120 BYTE</dataTypeSize>
<autoIncrementCycle>false</autoIncrementCycle>
</Column>
<Column name="FUNCION_PUBLICA" id="30787C8C-99F5-1AF4-8D16-EF679774DC97">
<sourceConnName>POLICIA</sourceConnName>
<sourceObjSchema>GRADOS</sourceObjSchema>
<sourceObjName>FUNCION_PUBLICA</sourceObjName>
<createdBy>Manuel</createdBy>
<createdTime>2016-03-18 01:59:38 UTC</createdTime>
<commentInRDBMS>grado de la Funcion publica</commentInRDBMS>
<generatorID>Generado por el Usuario</generatorID>
<ownerDesignName>ERD_POLICIA</ownerDesignName>
<importedID>02E97993-7768-75F9-B305-BA94A873990F</importedID>
<nullsAllowed>true</nullsAllowed>
<useDomainConstraints>false</useDomainConstraints>
<use>1</use>
<logicalDatatype>LOGDT019</logicalDatatype>
<autoIncrementCycle>false</autoIncrementCycle>
</Column>
<Column name="VIGENTE" id="E0D6A466-913C-94E1-9C25-FF754C2DEAC9">
<sourceConnName>POLICIA</sourceConnName>
<sourceObjSchema>GRADOS</sourceObjSchema>
<sourceObjName>VIGENTE</sourceObjName>
<createdBy>Manuel</createdBy>
<createdTime>2016-03-18 01:59:38 UTC</createdTime>
<commentInRDBMS>Si el grado esta vigente actualmente</commentInRDBMS>
<generatorID>Generado por el Usuario</generatorID>
<ownerDesignName>ERD_POLICIA</ownerDesignName>
<importedID>ED1B4391-DD82-4695-C510-831A62B96AFF</importedID>
<nullsAllowed>true</nullsAllowed>
<useDomainConstraints>false</useDomainConstraints>
<use>1</use>
<logicalDatatype>LOGDT024</logicalDatatype>
<dataTypeSize>2 BYTE</dataTypeSize>
<autoIncrementCycle>false</autoIncrementCycle>
</Column>
<Column name="PORCENTAJE_INCREMENTO" id="5EA53FE8-578D-87C1-9202-77DE4794ADF8">
<sourceConnName>POLICIA</sourceConnName>
<sourceObjSchema>GRADOS</sourceObjSchema>
<sourceObjName>PORCENTAJE_INCREMENTO</sourceObjName>
<createdBy>Manuel</createdBy>
<createdTime>2016-03-18 01:59:38 UTC</createdTime>
<generatorID>Generado por el Usuario</generatorID>
<ownerDesignName>ERD_POLICIA</ownerDesignName>
<importedID>6B8B79B0-FCF3-6074-ED4E-5A87FFD8553A</importedID>
<nullsAllowed>true</nullsAllowed>
<useDomainConstraints>false</useDomainConstraints>
<use>1</use>
<logicalDatatype>LOGDT019</logicalDatatype>
<dataTypePrecision>5</dataTypePrecision>
<dataTypeScale>2</dataTypeScale>
<autoIncrementCycle>false</autoIncrementCycle>
</Column>
<Column name="FECHA_INICIO_INCREMENTO" id="B09B3133-CA08-A257-D70E-DF684E8882F7">
<sourceConnName>POLICIA</sourceConnName>
<sourceObjSchema>GRADOS</sourceObjSchema>
<sourceObjName>FECHA_INICIO_INCREMENTO</sourceObjName>
<createdBy>Manuel</createdBy>
<createdTime>2016-03-18 01:59:38 UTC</createdTime>
<generatorID>Generado por el Usuario</generatorID>
<ownerDesignName>ERD_POLICIA</ownerDesignName>
<importedID>C18435D4-05D3-3E5D-D6F0-C4CC64845C8C</importedID>
<nullsAllowed>true</nullsAllowed>
<useDomainConstraints>false</useDomainConstraints>
<use>1</use>
<logicalDatatype>LOGDT007</logicalDatatype>
<dataTypeSize>7</dataTypeSize>
<autoIncrementCycle>false</autoIncrementCycle>
</Column>
<Column name="NUMERICO_EQUIVALENTE" id="428467B3-FEE3-BCF5-0252-07DB57827E48">
<sourceConnName>POLICIA</sourceConnName>
<sourceObjSchema>GRADOS</sourceObjSchema>
<sourceObjName>NUMERICO_EQUIVALENTE</sourceObjName>
<createdBy>Manuel</createdBy>
<createdTime>2016-03-18 01:59:38 UTC</createdTime>
<commentInRDBMS>Numerico equivalente para Suboficiales y Nivel Ejecutivo</commentInRDBMS>
<generatorID>Generado por el Usuario</generatorID>
<ownerDesignName>ERD_POLICIA</ownerDesignName>
<importedID>3C3BACB4-A2C5-2546-698F-C74D7DF5DF2D</importedID>
<nullsAllowed>true</nullsAllowed>
<useDomainConstraints>false</useDomainConstraints>
<use>1</use>
<logicalDatatype>LOGDT019</logicalDatatype>
<autoIncrementCycle>false</autoIncrementCycle>
</Column>
<Column name="ID_NOMINA" id="4D602E5C-F126-4676-9C38-72EE9C0832D0">
<sourceConnName>POLICIA</sourceConnName>
<sourceObjSchema>GRADOS</sourceObjSchema>
<sourceObjName>ID_NOMINA</sourceObjName>
<createdBy>Manuel</createdBy>
<createdTime>2016-03-18 01:59:38 UTC</createdTime>
<commentInRDBMS>NOMINA LSI</commentInRDBMS>
<generatorID>Generado por el Usuario</generatorID>
<ownerDesignName>ERD_POLICIA</ownerDesignName>
<importedID>12AEF1EF-601D-BBCD-6133-FFE42638981D</importedID>
<useDomainConstraints>false</useDomainConstraints>
<use>1</use>
<logicalDatatype>LOGDT024</logicalDatatype>
<dataTypeSize>9 BYTE</dataTypeSize>
<autoIncrementCycle>false</autoIncrementCycle>
</Column>
<Column name="TIPO_PLANTA" id="C50A6AAC-3DF2-044F-6B32-62FAAE27FBF7">
<sourceConnName>POLICIA</sourceConnName>
<sourceObjSchema>GRADOS</sourceObjSchema>
<sourceObjName>TIPO_PLANTA</sourceObjName>
<createdBy>Manuel</createdBy>
<createdTime>2016-03-18 01:59:38 UTC</createdTime>
<commentInRDBMS>Planta a la que pertenece el grado (PONAL, DISAN, BIESO)</commentInRDBMS>
<generatorID>Generado por el Usuario</generatorID>
<ownerDesignName>ERD_POLICIA</ownerDesignName>
<importedID>357513BB-5CBC-2126-7F36-A90FA107F899</importedID>
<nullsAllowed>true</nullsAllowed>
<useDomainConstraints>false</useDomainConstraints>
<use>1</use>
<logicalDatatype>LOGDT024</logicalDatatype>
<dataTypeSize>5 BYTE</dataTypeSize>
<autoIncrementCycle>false</autoIncrementCycle>
</Column>
<Column name="NUMERO_DECRETO_AUMENTO" id="A49E759A-823E-F11D-CA03-425BB35710F4">
<sourceConnName>POLICIA</sourceConnName>
<sourceObjSchema>GRADOS</sourceObjSchema>
<sourceObjName>NUMERO_DECRETO_AUMENTO</sourceObjName>
<createdBy>Manuel</createdBy>
<createdTime>2016-03-18 01:59:38 UTC</createdTime>
<commentInRDBMS>Numero del Decreto que fija el aumento salarial</commentInRDBMS>
<generatorID>Generado por el Usuario</generatorID>
<ownerDesignName>ERD_POLICIA</ownerDesignName>
<importedID>5EA4789C-69BC-7B86-3792-B88845B5D2EF</importedID>
<nullsAllowed>true</nullsAllowed>
<useDomainConstraints>false</useDomainConstraints>
<use>1</use>
<logicalDatatype>LOGDT019</logicalDatatype>
<autoIncrementCycle>false</autoIncrementCycle>
</Column>
<Column name="FECHA_DECRETO_AUMENTO" id="D98EBFAF-11BE-2274-D695-8D0AB24EB4E1">
<sourceConnName>POLICIA</sourceConnName>
<sourceObjSchema>GRADOS</sourceObjSchema>
<sourceObjName>FECHA_DECRETO_AUMENTO</sourceObjName>
<createdBy>Manuel</createdBy>
<createdTime>2016-03-18 01:59:38 UTC</createdTime>
<commentInRDBMS>Fecha del decreto que fija el aumento salaral</commentInRDBMS>
<generatorID>Generado por el Usuario</generatorID>
<ownerDesignName>ERD_POLICIA</ownerDesignName>
<importedID>903B7C7D-7145-9C40-D0BF-A0879A02B694</importedID>
<nullsAllowed>true</nullsAllowed>
<useDomainConstraints>false</useDomainConstraints>
<use>1</use>
<logicalDatatype>LOGDT007</logicalDatatype>
<dataTypeSize>7</dataTypeSize>
<autoIncrementCycle>false</autoIncrementCycle>
</Column>
</columns>
<indexes itemClass="oracle.dbtools.crest.model.design.relational.Index">
<ind_PK_UK id="01CFEAFA-9FA2-4FC5-BE41-A893C1DC2E6B" name="GRAD_PK">
<sourceConnName>POLICIA</sourceConnName>
<sourceObjSchema>USR_REHU</sourceObjSchema>
<sourceObjName>GRAD_PK</sourceObjName>
<createdBy>Manuel</createdBy>
<createdTime>2016-03-18 01:59:38 UTC</createdTime>
<generatorID>Generado por el Usuario</generatorID>
<ownerDesignName>ERD_POLICIA</ownerDesignName>
<importedID>3B79BD4B-EDCB-D522-F384-A873B335815E</importedID>
<pk>true</pk>
<indexState>Primary Constraint</indexState>
<isSurrogateKey>false</isSurrogateKey>
<indexColumnUsage>
<colUsage columnID="54E4B8E5-A1F5-FA34-A034-D1A0B802D1C8"/>
<colUsage columnID="9CFB109C-44F8-F00C-B91D-E45F144F1F79"/>
</indexColumnUsage>
</ind_PK_UK>
<ind_PK_UK id="44571438-03E7-F003-DEA4-2716162FF789" name="GRAD_UK1">
<sourceConnName>POLICIA</sourceConnName>
<sourceObjSchema>USR_REHU</sourceObjSchema>
<sourceObjName>GRAD_UK1</sourceObjName>
<createdBy>Manuel</createdBy>
<createdTime>2016-03-18 01:59:38 UTC</createdTime>
<generatorID>Generado por el Usuario</generatorID>
<ownerDesignName>ERD_POLICIA</ownerDesignName>
<importedID>13FCE6AA-2311-7C81-61C9-29AE328C8E74</importedID>
<indexState>Unique Constraint</indexState>
<isSurrogateKey>false</isSurrogateKey>
<indexColumnUsage>
<colUsage columnID="54E4B8E5-A1F5-FA34-A034-D1A0B802D1C8"/>
<colUsage columnID="B5AD5B87-4D35-6587-8240-E2ADA92CC039"/>
</indexColumnUsage>
</ind_PK_UK>
<ind_PK_UK id="F0C72573-5F25-A7EF-F005-C2A5972E6166" name="GRAD_UK2">
<sourceConnName>POLICIA</sourceConnName>
<sourceObjSchema>USR_REHU</sourceObjSchema>
<sourceObjName>GRAD_UK2</sourceObjName>
<createdBy>Manuel</createdBy>
<createdTime>2016-03-18 01:59:38 UTC</createdTime>
<generatorID>Generado por el Usuario</generatorID>
<ownerDesignName>ERD_POLICIA</ownerDesignName>
<importedID>B51DC839-F97D-12E2-7871-17E9493A846E</importedID>
<indexState>Unique Constraint</indexState>
<isSurrogateKey>false</isSurrogateKey>
<indexColumnUsage>
<colUsage columnID="54E4B8E5-A1F5-FA34-A034-D1A0B802D1C8"/>
<colUsage columnID="332A35B4-CF5B-E968-1481-E855CC3DBC12"/>
<colUsage columnID="DA78F48D-B6BD-496A-0B5A-B9EE74154978"/>
</indexColumnUsage>
</ind_PK_UK>
<ind_PK_UK id="C03C0289-8A9B-FA37-8A81-8AF9BC0E0A6A" name="IDX_GRADOS_LSI_NOMINA_FK">
<sourceConnName>POLICIA</sourceConnName>
<sourceObjSchema>USR_REHU</sourceObjSchema>
<sourceObjName>IDX_GRADOS_LSI_NOMINA_FK</sourceObjName>
<createdBy>Manuel</createdBy>
<createdTime>2016-03-18 01:59:38 UTC</createdTime>
<generatorID>Generado por el Usuario</generatorID>
<ownerDesignName>ERD_POLICIA</ownerDesignName>
<importedID>459C041F-2850-78BC-FB11-AC09701B3F77</importedID>
<schemaObject>08A89F83-F1B6-076C-845F-07354A8D2081</schemaObject>
<isSurrogateKey>false</isSurrogateKey>
<indexColumnUsage>
<colUsage columnID="4D602E5C-F126-4676-9C38-72EE9C0832D0"/>
</indexColumnUsage>
</ind_PK_UK>
<ind_PK_UK id="8FBBADC0-4A74-0740-A4A6-90157428D58B" name="GRAD_PK">
<sourceConnName>POLICIA</sourceConnName>
<sourceObjSchema>USR_REHU</sourceObjSchema>
<sourceObjName>GRAD_PK</sourceObjName>
<createdBy>Manuel</createdBy>
<createdTime>2016-03-18 01:59:38 UTC</createdTime>
<generatorID>Generado por el Usuario</generatorID>
<ownerDesignName>ERD_POLICIA</ownerDesignName>
<importedID>7D944B4C-7458-4F5A-F010-CE78EA3ADDFD</importedID>
<indexState>Unique Plain Index</indexState>
<schemaObject>08A89F83-F1B6-076C-845F-07354A8D2081</schemaObject>
<isSurrogateKey>false</isSurrogateKey>
<indexColumnUsage>
<colUsage columnID="54E4B8E5-A1F5-FA34-A034-D1A0B802D1C8"/>
<colUsage columnID="9CFB109C-44F8-F00C-B91D-E45F144F1F79"/>
</indexColumnUsage>
</ind_PK_UK>
<ind_PK_UK id="3DCC611E-5631-F9F4-E007-782103EB8DB8" name="GRAD_CATI_FK_I">
<sourceConnName>POLICIA</sourceConnName>
<sourceObjSchema>USR_REHU</sourceObjSchema>
<sourceObjName>GRAD_CATI_FK_I</sourceObjName>
<createdBy>Manuel</createdBy>
<createdTime>2016-03-18 01:59:38 UTC</createdTime>
<generatorID>Generado por el Usuario</generatorID>
<ownerDesignName>ERD_POLICIA</ownerDesignName>
<importedID>8C0DEE67-7B7B-6586-040C-1327D001B386</importedID>
<schemaObject>08A89F83-F1B6-076C-845F-07354A8D2081</schemaObject>
<isSurrogateKey>false</isSurrogateKey>
<indexColumnUsage>
<colUsage columnID="B3C5C1E4-946B-2C4A-9A53-3D2CF0C42E64"/>
<colUsage columnID="54E4B8E5-A1F5-FA34-A034-D1A0B802D1C8"/>
<colUsage columnID="887CC8DA-CA4E-58F8-604E-16E68E72C3CB"/>
</indexColumnUsage>
</ind_PK_UK>
<ind_PK_UK id="DEFD0A8C-4592-D914-CD4F-1FED7399F667" name="GRAD_UK2">
<sourceConnName>POLICIA</sourceConnName>
<sourceObjSchema>USR_REHU</sourceObjSchema>
<sourceObjName>GRAD_UK2</sourceObjName>
<createdBy>Manuel</createdBy>
<createdTime>2016-03-18 01:59:38 UTC</createdTime>
<generatorID>Generado por el Usuario</generatorID>
<ownerDesignName>ERD_POLICIA</ownerDesignName>
<importedID>583BE67D-5BE8-7983-FD5B-3713EEF58B2D</importedID>
<indexState>Unique Plain Index</indexState>
<schemaObject>08A89F83-F1B6-076C-845F-07354A8D2081</schemaObject>
<isSurrogateKey>false</isSurrogateKey>
<indexColumnUsage>
<colUsage columnID="54E4B8E5-A1F5-FA34-A034-D1A0B802D1C8"/>
<colUsage columnID="332A35B4-CF5B-E968-1481-E855CC3DBC12"/>
<colUsage columnID="DA78F48D-B6BD-496A-0B5A-B9EE74154978"/>
</indexColumnUsage>
</ind_PK_UK>
<ind_PK_UK id="A41744D7-59AF-9C7E-B210-D116B7481138" name="GRAD_UK1">
<sourceConnName>POLICIA</sourceConnName>
<sourceObjSchema>USR_REHU</sourceObjSchema>
<sourceObjName>GRAD_UK1</sourceObjName>
<createdBy>Manuel</createdBy>
<createdTime>2016-03-18 01:59:38 UTC</createdTime>
<generatorID>Generado por el Usuario</generatorID>
<ownerDesignName>ERD_POLICIA</ownerDesignName>
<importedID>162129D7-BDB8-0756-209B-11D2E6B26FCC</importedID>
<indexState>Unique Plain Index</indexState>
<schemaObject>08A89F83-F1B6-076C-845F-07354A8D2081</schemaObject>
<isSurrogateKey>false</isSurrogateKey>
<indexColumnUsage>
<colUsage columnID="54E4B8E5-A1F5-FA34-A034-D1A0B802D1C8"/>
<colUsage columnID="B5AD5B87-4D35-6587-8240-E2ADA92CC039"/>
</indexColumnUsage>
</ind_PK_UK>
<ind_PK_UK id="88325517-EF21-781B-D1EF-074C0A8B6938" name="GRAD_CATEGORIA_FK_I">
<sourceConnName>POLICIA</sourceConnName>
<sourceObjSchema>USR_REHU</sourceObjSchema>
<sourceObjName>GRAD_CATEGORIA_FK_I</sourceObjName>
<createdBy>Manuel</createdBy>
<createdTime>2016-03-18 01:59:38 UTC</createdTime>
<generatorID>Generado por el Usuario</generatorID>
<ownerDesignName>ERD_POLICIA</ownerDesignName>
<importedID>AF129A67-D451-E506-3D0E-D0E483ECEDBB</importedID>
<schemaObject>08A89F83-F1B6-076C-845F-07354A8D2081</schemaObject>
<isSurrogateKey>false</isSurrogateKey>
<indexColumnUsage>
<colUsage columnID="54E4B8E5-A1F5-FA34-A034-D1A0B802D1C8"/>
<colUsage columnID="B3C5C1E4-946B-2C4A-9A53-3D2CF0C42E64"/>
</indexColumnUsage>
</ind_PK_UK>
<ind_PK_UK id="F8EC51E8-305B-532F-8B64-261810469DBA" name="GRADOS_I">
<sourceConnName>POLICIA</sourceConnName>
<sourceObjSchema>USR_REHU</sourceObjSchema>
<sourceObjName>GRADOS_I</sourceObjName>
<createdBy>Manuel</createdBy>
<createdTime>2016-03-18 01:59:38 UTC</createdTime>
<generatorID>Generado por el Usuario</generatorID>
<ownerDesignName>ERD_POLICIA</ownerDesignName>
<importedID>F8BB659B-0BCB-3D53-F83D-526B428EB49C</importedID>
<schemaObject>08A89F83-F1B6-076C-845F-07354A8D2081</schemaObject>
<isSurrogateKey>false</isSurrogateKey>
<indexColumnUsage>
<colUsage columnID="9CFB109C-44F8-F00C-B91D-E45F144F1F79"/>
</indexColumnUsage>
</ind_PK_UK>
<ind_PK_UK id="6112993F-D4DD-E27B-8981-BCA09655CE0C" name="IDX$$_0001001B">
<sourceConnName>POLICIA</sourceConnName>
<sourceObjSchema>USR_REHU</sourceObjSchema>
<sourceObjName>IDX$$_0001001B</sourceObjName>
<createdBy>Manuel</createdBy>
<createdTime>2016-03-18 01:59:38 UTC</createdTime>
<generatorID>Generado por el Usuario</generatorID>
<ownerDesignName>ERD_POLICIA</ownerDesignName>
<importedID>94D06C08-8292-20EB-648E-ABBB850617F2</importedID>
<schemaObject>08A89F83-F1B6-076C-845F-07354A8D2081</schemaObject>
<isSurrogateKey>false</isSurrogateKey>
<indexColumnUsage>
<colUsage columnID="B3C5C1E4-946B-2C4A-9A53-3D2CF0C42E64"/>
</indexColumnUsage>
</ind_PK_UK>
<ind_PK_UK id="62F325D9-4084-9DFB-9736-A068CB4F4D32" name="GRAD_CATEG_FK">
<createdBy>Manuel</createdBy>
<createdTime>2016-03-18 01:59:38 UTC</createdTime>
<generatorID>Generado por el Usuario</generatorID>
<ownerDesignName>ERD_POLICIA</ownerDesignName>
<indexState>Foreign Key</indexState>
<isSurrogateKey>false</isSurrogateKey>
<indexColumnUsage>
<colUsage columnID="54E4B8E5-A1F5-FA34-A034-D1A0B802D1C8"/>
<colUsage columnID="B3C5C1E4-946B-2C4A-9A53-3D2CF0C42E64"/>
</indexColumnUsage>
</ind_PK_UK>
</indexes>
<validTimeDimensions>
<validTimeDimension class="oracle.dbtools.crest.model.design.relational.ValidTimeDimension" name="SYS_STS_BIT646_ASZF2886WFDHHI_" directorySegmentName="seg_2" id="659508A5-43DB-17F3-47C4-0D6F69EEC9F0">
<sourceConnName>POLICIA</sourceConnName>
<sourceObjSchema>GRADOS</sourceObjSchema>
<sourceObjName>SYS_STS_BIT646_ASZF2886WFDHHI_</sourceObjName>
<createdBy>Manuel</createdBy>
<createdTime>2016-03-18 01:59:38 UTC</createdTime>
<generatorID>Generado por el Usuario</generatorID>
<ownerDesignName>ERD_POLICIA</ownerDesignName>
<importedID>6E2B6F9F-C45B-FCCF-8DC8-473DB6C4335D</importedID>
</validTimeDimension>
<validTimeDimension class="oracle.dbtools.crest.model.design.relational.ValidTimeDimension" name="SYS_STSGV$MM_5XY2RTBBB$#LGHREV" directorySegmentName="seg_2" id="0C2CEA5C-68F4-4AD7-663F-1E843E477DF7">
<sourceConnName>POLICIA</sourceConnName>
<sourceObjSchema>GRADOS</sourceObjSchema>
<sourceObjName>SYS_STSGV$MM_5XY2RTBBB$#LGHREV</sourceObjName>
<createdBy>Manuel</createdBy>
<createdTime>2016-03-18 01:59:38 UTC</createdTime>
<generatorID>Generado por el Usuario</generatorID>
<ownerDesignName>ERD_POLICIA</ownerDesignName>
<importedID>0A20B4C8-6475-49E2-6A76-4217A1A36DEF</importedID>
</validTimeDimension>
<validTimeDimension class="oracle.dbtools.crest.model.design.relational.ValidTimeDimension" name="SYS_STSQRXKOFSNLI7IBVOJSTCRD0V" directorySegmentName="seg_2" id="328B72D8-54C0-397F-B979-5161DA3656BB">
<sourceConnName>POLICIA</sourceConnName>
<sourceObjSchema>GRADOS</sourceObjSchema>
<sourceObjName>SYS_STSQRXKOFSNLI7IBVOJSTCRD0V</sourceObjName>
<createdBy>Manuel</createdBy>
<createdTime>2016-03-18 01:59:38 UTC</createdTime>
<generatorID>Generado por el Usuario</generatorID>
<ownerDesignName>ERD_POLICIA</ownerDesignName>
<importedID>3C4CC601-5B33-BC98-335A-5169E51F26A7</importedID>
</validTimeDimension>
<validTimeDimension class="oracle.dbtools.crest.model.design.relational.ValidTimeDimension" name="SYS_STSAWW2#8YFT4JSAB$2E3B3ZXW" directorySegmentName="seg_2" id="1BAC1AFF-4861-FB99-7880-9CC2D782E764">
<sourceConnName>POLICIA</sourceConnName>
<sourceObjSchema>GRADOS</sourceObjSchema>
<sourceObjName>SYS_STSAWW2#8YFT4JSAB$2E3B3ZXW</sourceObjName>
<createdBy>Manuel</createdBy>
<createdTime>2016-03-18 01:59:38 UTC</createdTime>
<generatorID>Generado por el Usuario</generatorID>
<ownerDesignName>ERD_POLICIA</ownerDesignName>
<importedID>4132019C-F68F-4340-FE1E-0E217DA9D0E0</importedID>
</validTimeDimension>
<validTimeDimension class="oracle.dbtools.crest.model.design.relational.ValidTimeDimension" name="SYS_STS9S4FEHS2K4A9OR0PSPMJ6C5" directorySegmentName="seg_2" id="C1A9FE61-DD85-CC11-80DD-499A7B516E30">
<sourceConnName>POLICIA</sourceConnName>
<sourceObjSchema>GRADOS</sourceObjSchema>
<sourceObjName>SYS_STS9S4FEHS2K4A9OR0PSPMJ6C5</sourceObjName>
<createdBy>Manuel</createdBy>
<createdTime>2016-03-18 01:59:38 UTC</createdTime>
<generatorID>Generado por el Usuario</generatorID>
<ownerDesignName>ERD_POLICIA</ownerDesignName>
<importedID>DEEB2DA7-8383-C084-A4B0-BD8D34530921</importedID>
</validTimeDimension>
<validTimeDimension class="oracle.dbtools.crest.model.design.relational.ValidTimeDimension" name="SYS_STSC4EVWY0K_PIKG6CW$B0YH_8" directorySegmentName="seg_2" id="F1B8A202-8CE2-6A5D-2879-80900167E496">
<sourceConnName>POLICIA</sourceConnName>
<sourceObjSchema>GRADOS</sourceObjSchema>
<sourceObjName>SYS_STSC4EVWY0K_PIKG6CW$B0YH_8</sourceObjName>
<createdBy>Manuel</createdBy>
<createdTime>2016-03-18 01:59:38 UTC</createdTime>
<generatorID>Generado por el Usuario</generatorID>
<ownerDesignName>ERD_POLICIA</ownerDesignName>
<importedID>5FBCB469-21C4-6FDF-D33A-E830A0F08ED0</importedID>
</validTimeDimension>
<validTimeDimension class="oracle.dbtools.crest.model.design.relational.ValidTimeDimension" name="SYS_STS8017BZ2RC3WLB2ON6ELJ2Z7" directorySegmentName="seg_2" id="76323ED2-40F0-A12A-55D1-BA1DEF5AE479">
<sourceConnName>POLICIA</sourceConnName>
<sourceObjSchema>GRADOS</sourceObjSchema>
<sourceObjName>SYS_STS8017BZ2RC3WLB2ON6ELJ2Z7</sourceObjName>
<createdBy>Manuel</createdBy>
<createdTime>2016-03-18 01:59:38 UTC</createdTime>
<generatorID>Generado por el Usuario</generatorID>
<ownerDesignName>ERD_POLICIA</ownerDesignName>
<importedID>8A1FA762-F123-0273-9861-4AAD06E855F9</importedID>
</validTimeDimension>
<validTimeDimension class="oracle.dbtools.crest.model.design.relational.ValidTimeDimension" name="SYS_STS3L6WW_Z6_BJ5V20ZVACFYGY" directorySegmentName="seg_2" id="BAF1B27C-A559-7F5B-0751-2FE20EC16F7D">
<sourceConnName>POLICIA</sourceConnName>
<sourceObjSchema>GRADOS</sourceObjSchema>
<sourceObjName>SYS_STS3L6WW_Z6_BJ5V20ZVACFYGY</sourceObjName>
<createdBy>Manuel</createdBy>
<createdTime>2016-03-18 01:59:38 UTC</createdTime>
<generatorID>Generado por el Usuario</generatorID>
<ownerDesignName>ERD_POLICIA</ownerDesignName>
<importedID>C80D0540-1A42-5C06-20C9-3540594A20E5</importedID>
</validTimeDimension>
<validTimeDimension class="oracle.dbtools.crest.model.design.relational.ValidTimeDimension" name="SYS_STS5SH4IK7PW#UXYJSVVYG8G$S" directorySegmentName="seg_2" id="EE62F204-71CB-CE4F-678F-B74CF995F02C">
<sourceConnName>POLICIA</sourceConnName>
<sourceObjSchema>GRADOS</sourceObjSchema>
<sourceObjName>SYS_STS5SH4IK7PW#UXYJSVVYG8G$S</sourceObjName>
<createdBy>Manuel</createdBy>
<createdTime>2016-03-18 01:59:38 UTC</createdTime>
<generatorID>Generado por el Usuario</generatorID>
<ownerDesignName>ERD_POLICIA</ownerDesignName>
<importedID>D962766F-B4E0-1288-13BC-E2414A5E66D4</importedID>
</validTimeDimension>
<validTimeDimension class="oracle.dbtools.crest.model.design.relational.ValidTimeDimension" name="SYS_STS0AQ4I4XU7_5JTF31829EV43" directorySegmentName="seg_2" id="6E3DD5B7-9FB4-52F6-5751-5BEED82F6536">
<sourceConnName>POLICIA</sourceConnName>
<sourceObjSchema>GRADOS</sourceObjSchema>
<sourceObjName>SYS_STS0AQ4I4XU7_5JTF31829EV43</sourceObjName>
<createdBy>Manuel</createdBy>
<createdTime>2016-03-18 01:59:38 UTC</createdTime>
<generatorID>Generado por el Usuario</generatorID>
<ownerDesignName>ERD_POLICIA</ownerDesignName>
<importedID>89CD56DE-5A8E-3CF2-8145-3738B2E35EC7</importedID>
</validTimeDimension>
<validTimeDimension class="oracle.dbtools.crest.model.design.relational.ValidTimeDimension" name="SYS_STSBMFTQ3AYZ2K_VI45GQ8_5Y5" directorySegmentName="seg_2" id="F4288288-C50A-7DA3-83B4-C8CA794973CD">
<sourceConnName>POLICIA</sourceConnName>
<sourceObjSchema>GRADOS</sourceObjSchema>
<sourceObjName>SYS_STSBMFTQ3AYZ2K_VI45GQ8_5Y5</sourceObjName>
<createdBy>Manuel</createdBy>
<createdTime>2016-03-18 01:59:38 UTC</createdTime>
<generatorID>Generado por el Usuario</generatorID>
<ownerDesignName>ERD_POLICIA</ownerDesignName>
<importedID>980B405D-5A88-482E-8A9A-D025F0C8CE91</importedID>
</validTimeDimension>
<validTimeDimension class="oracle.dbtools.crest.model.design.relational.ValidTimeDimension" name="SYS_STSF_8TS#HUY05AMSO6_SA9Z#_" directorySegmentName="seg_2" id="20AA648C-F850-D5D8-640F-F89D5B816C4F">
<sourceConnName>POLICIA</sourceConnName>
<sourceObjSchema>GRADOS</sourceObjSchema>
<sourceObjName>SYS_STSF_8TS#HUY05AMSO6_SA9Z#_</sourceObjName>
<createdBy>Manuel</createdBy>
<createdTime>2016-03-18 01:59:38 UTC</createdTime>
<generatorID>Generado por el Usuario</generatorID>
<ownerDesignName>ERD_POLICIA</ownerDesignName>
<importedID>9705F848-20D0-6E2D-C8CE-95B4554F7B67</importedID>
</validTimeDimension>
<validTimeDimension class="oracle.dbtools.crest.model.design.relational.ValidTimeDimension" name="SYS_STSS229FKDHH77NUW_PR2SSD6P" directorySegmentName="seg_2" id="D2DBF061-8F86-61DB-7CE2-A6569B68CE95">
<sourceConnName>POLICIA</sourceConnName>
<sourceObjSchema>GRADOS</sourceObjSchema>
<sourceObjName>SYS_STSS229FKDHH77NUW_PR2SSD6P</sourceObjName>
<createdBy>Manuel</createdBy>
<createdTime>2016-03-18 01:59:38 UTC</createdTime>
<generatorID>Generado por el Usuario</generatorID>
<ownerDesignName>ERD_POLICIA</ownerDesignName>
<importedID>958FDBF5-8BAE-6BF9-3E85-50711EE3DFBA</importedID>
</validTimeDimension>
<validTimeDimension class="oracle.dbtools.crest.model.design.relational.ValidTimeDimension" name="SYS_STS_VL_1C5I0RRLF57CLA5SATE" directorySegmentName="seg_2" id="BDDD2442-6D70-AE74-1165-FB5C9AA44B18">
<sourceConnName>POLICIA</sourceConnName>
<sourceObjSchema>GRADOS</sourceObjSchema>
<sourceObjName>SYS_STS_VL_1C5I0RRLF57CLA5SATE</sourceObjName>
<createdBy>Manuel</createdBy>
<createdTime>2016-03-18 01:59:38 UTC</createdTime>
<generatorID>Generado por el Usuario</generatorID>
<ownerDesignName>ERD_POLICIA</ownerDesignName>
<importedID>CFBE5C25-84D5-19E4-49D3-C763496B6BA8</importedID>
</validTimeDimension>
<validTimeDimension class="oracle.dbtools.crest.model.design.relational.ValidTimeDimension" name="SYS_STS4ZIV03__SOTD1K7$D4F_42P" directorySegmentName="seg_2" id="1A55758B-ABC9-36EC-1853-A91CF0C9294D">
<sourceConnName>POLICIA</sourceConnName>
<sourceObjSchema>GRADOS</sourceObjSchema>
<sourceObjName>SYS_STS4ZIV03__SOTD1K7$D4F_42P</sourceObjName>
<createdBy>Manuel</createdBy>
<createdTime>2016-03-18 01:59:38 UTC</createdTime>
<generatorID>Generado por el Usuario</generatorID>
<ownerDesignName>ERD_POLICIA</ownerDesignName>
<importedID>B3FBC66F-D0BE-9C77-E71C-9EBF92B2948F</importedID>
</validTimeDimension>
<validTimeDimension class="oracle.dbtools.crest.model.design.relational.ValidTimeDimension" name="SYS_STSLVMCU3A8XA#5_HAXT$HASFD" directorySegmentName="seg_2" id="8A6A42D5-DD2F-85AD-49C2-AA2E26E18C10">
<sourceConnName>POLICIA</sourceConnName>
<sourceObjSchema>GRADOS</sourceObjSchema>
<sourceObjName>SYS_STSLVMCU3A8XA#5_HAXT$HASFD</sourceObjName>
<createdBy>Manuel</createdBy>
<createdTime>2016-03-18 01:59:38 UTC</createdTime>
<generatorID>Generado por el Usuario</generatorID>
<ownerDesignName>ERD_POLICIA</ownerDesignName>
<importedID>33718B92-78B8-B8EF-A45D-B690ABC14ECC</importedID>
</validTimeDimension>
<validTimeDimension class="oracle.dbtools.crest.model.design.relational.ValidTimeDimension" name="SYS_STS06SNJ9EKE8GY7#_NX0YKZ39" directorySegmentName="seg_2" id="1C8EA9D5-C606-99AB-B7FE-1F5ACB789459">
<sourceConnName>POLICIA</sourceConnName>
<sourceObjSchema>GRADOS</sourceObjSchema>
<sourceObjName>SYS_STS06SNJ9EKE8GY7#_NX0YKZ39</sourceObjName>
<createdBy>Manuel</createdBy>
<createdTime>2016-03-18 01:59:38 UTC</createdTime>
<generatorID>Generado por el Usuario</generatorID>
<ownerDesignName>ERD_POLICIA</ownerDesignName>
<importedID>23780763-A4C2-DE32-A545-30A8A9A2173B</importedID>
</validTimeDimension>
<validTimeDimension class="oracle.dbtools.crest.model.design.relational.ValidTimeDimension" name="SYS_STSUKP9IH93JTU5AYBVO2YV4#1" directorySegmentName="seg_2" id="CF36AAFD-0B7D-1913-3C42-3C55380C9D86">
<sourceConnName>POLICIA</sourceConnName>
<sourceObjSchema>GRADOS</sourceObjSchema>
<sourceObjName>SYS_STSUKP9IH93JTU5AYBVO2YV4#1</sourceObjName>
<createdBy>Manuel</createdBy>
<createdTime>2016-03-18 01:59:38 UTC</createdTime>
<generatorID>Generado por el Usuario</generatorID>
<ownerDesignName>ERD_POLICIA</ownerDesignName>
<importedID>7A0C2547-2A2A-3D07-C255-A5CDBC5B1144</importedID>
</validTimeDimension>
<validTimeDimension class="oracle.dbtools.crest.model.design.relational.ValidTimeDimension" name="SYS_STSNA_P9ATE3$TZQGUPDCYHQ1_" directorySegmentName="seg_2" id="ADF85349-B4B6-CC0E-8DE1-FEE31717268A">
<sourceConnName>POLICIA</sourceConnName>
<sourceObjSchema>GRADOS</sourceObjSchema>
<sourceObjName>SYS_STSNA_P9ATE3$TZQGUPDCYHQ1_</sourceObjName>
<createdBy>Manuel</createdBy>
<createdTime>2016-03-18 01:59:38 UTC</createdTime>
<generatorID>Generado por el Usuario</generatorID>
<ownerDesignName>ERD_POLICIA</ownerDesignName>
<importedID>FE27466B-4108-D173-DE72-07B32339D864</importedID>
</validTimeDimension>
<validTimeDimension class="oracle.dbtools.crest.model.design.relational.ValidTimeDimension" name="SYS_STSQPHC1V_A71LCK0R2WC1#3W3" directorySegmentName="seg_2" id="771DBC98-79A7-A216-C37D-4243F4CB2C43">
<sourceConnName>POLICIA</sourceConnName>
<sourceObjSchema>GRADOS</sourceObjSchema>
<sourceObjName>SYS_STSQPHC1V_A71LCK0R2WC1#3W3</sourceObjName>
<createdBy>Manuel</createdBy>
<createdTime>2016-03-18 01:59:38 UTC</createdTime>
<generatorID>Generado por el Usuario</generatorID>
<ownerDesignName>ERD_POLICIA</ownerDesignName>
<importedID>4AC3AD54-0726-D4C9-982F-146B139807EA</importedID>
</validTimeDimension>
</validTimeDimensions>
</Table>