<?xml version = '1.0' encoding = 'UTF-8'?>
<Table class="oracle.dbtools.crest.model.design.relational.Table" directorySegmentName="seg_0" id="2EC4E898-66A3-A1FC-16C4-321749951060" name="SIEDU_CONSOLIDA_PAE">
<createdBy>Manuel</createdBy>
<createdTime>2016-01-28 03:16:21 UTC</createdTime>
<commentInRDBMS>Almacena la relación de consolidación entre registros de necesidad en registros de Capacitación o Formación</commentInRDBMS>
<generatorID>Generado por el Usuario</generatorID>
<ownerDesignName>ERD_POLICIA</ownerDesignName>
<allowColumnReorder>false</allowColumnReorder>
<existDependencyGenerateInDDl>true</existDependencyGenerateInDDl>
<columns itemClass="oracle.dbtools.crest.model.design.relational.Column">
<Column name="cpae_cpae" id="B5F611B0-16EF-CE74-5480-8D9005276289">
<createdBy>Manuel</createdBy>
<createdTime>2016-01-28 03:42:39 UTC</createdTime>
<commentInRDBMS>Secuencial identificador del registro</commentInRDBMS>
<generatorID>Generado por el Usuario</generatorID>
<ownerDesignName>ERD_POLICIA</ownerDesignName>
<useDomainConstraints>false</useDomainConstraints>
<use>1</use>
<logicalDatatype>LOGDT019</logicalDatatype>
<dataTypePrecision>6</dataTypePrecision>
<autoIncrementCycle>false</autoIncrementCycle>
</Column>
<Column name="cpae_nece" id="493E9AB2-3A69-9DDD-BD7B-AC10F09AF78B">
<createdBy>Manuel</createdBy>
<createdTime>2016-01-28 03:16:31 UTC</createdTime>
<commentInRDBMS>Identificador del registro de necesidad que participa en la consolidación</commentInRDBMS>
<generatorID>Generado por el Usuario</generatorID>
<ownerDesignName>ERD_POLICIA</ownerDesignName>
<useDomainConstraints>false</useDomainConstraints>
<use>1</use>
<logicalDatatype>LOGDT019</logicalDatatype>
<dataTypePrecision>6</dataTypePrecision>
<delegate>F7D536E1-6E5A-6ED9-E899-AD9DC089C70F</delegate>
<previousColumn>false</previousColumn>
<autoIncrementCycle>false</autoIncrementCycle>
<associations>
<colAssociation fkAssociation="9BC3A6F0-8C9A-8CF9-7641-A96701846490" referredColumn="F7D536E1-6E5A-6ED9-E899-AD9DC089C70F"/>
</associations>
</Column>
<Column name="cpae_capa" id="B4C0D951-64A8-2BCF-73C3-3DF7E42DD67E">
<createdBy>Manuel</createdBy>
<createdTime>2016-01-28 03:16:38 UTC</createdTime>
<commentInRDBMS>Identificador del registro consolidado de Capacitación</commentInRDBMS>
<generatorID>Generado por el Usuario</generatorID>
<ownerDesignName>ERD_POLICIA</ownerDesignName>
<nullsAllowed>true</nullsAllowed>
<useDomainConstraints>false</useDomainConstraints>
<use>1</use>
<logicalDatatype>LOGDT019</logicalDatatype>
<dataTypePrecision>6</dataTypePrecision>
<delegate>EB02EC2C-C82C-B0BE-64FF-E7016548F163</delegate>
<previousColumn>false</previousColumn>
<autoIncrementCycle>false</autoIncrementCycle>
<associations>
<colAssociation fkAssociation="C3AB95F2-3C12-17B0-7D84-2942375EDE79" referredColumn="EB02EC2C-C82C-B0BE-64FF-E7016548F163"/>
</associations>
</Column>
<Column name="cpae_form" id="E8745947-9505-517B-BF13-FAB1CD7C7772">
<createdBy>Manuel</createdBy>
<createdTime>2016-01-28 03:18:18 UTC</createdTime>
<commentInRDBMS>Identificador del registro consolidado de Formación</commentInRDBMS>
<generatorID>Generado por el Usuario</generatorID>
<ownerDesignName>ERD_POLICIA</ownerDesignName>
<nullsAllowed>true</nullsAllowed>
<useDomainConstraints>false</useDomainConstraints>
<use>1</use>
<logicalDatatype>LOGDT019</logicalDatatype>
<dataTypePrecision>6</dataTypePrecision>
<delegate>C333F5AD-C4E4-C125-8EC9-893A13DD4E17</delegate>
<previousColumn>false</previousColumn>
<autoIncrementCycle>false</autoIncrementCycle>
<associations>
<colAssociation fkAssociation="965AB463-78F0-68CD-8B6D-8C3F0A354A32" referredColumn="C333F5AD-C4E4-C125-8EC9-893A13DD4E17"/>
</associations>
</Column>
</columns>
<indexes itemClass="oracle.dbtools.crest.model.design.relational.Index">
<ind_PK_UK id="7F853697-C47B-9ADE-7F44-7B3F29B1A151" name="SIEDU_CONSOLIDA_PAE_PK">
<createdBy>Manuel</createdBy>
<createdTime>2016-01-28 03:41:13 UTC</createdTime>
<generatorID>Generado por el Usuario</generatorID>
<ownerDesignName>ERD_POLICIA</ownerDesignName>
<pk>true</pk>
<indexState>Primary Constraint</indexState>
<isSurrogateKey>false</isSurrogateKey>
<indexColumnUsage>
<colUsage columnID="B5F611B0-16EF-CE74-5480-8D9005276289"/>
</indexColumnUsage>
</ind_PK_UK>
<ind_PK_UK id="33EAC1BA-56AE-7880-39A9-40CB69D13C97" name="SIEDU_CONSOLIDA_NECESIDAD_FK">
<createdBy>Manuel</createdBy>
<createdTime>2016-01-28 03:16:31 UTC</createdTime>
<generatorID>Generado por el Usuario</generatorID>
<ownerDesignName>ERD_POLICIA</ownerDesignName>
<indexState>Foreign Key</indexState>
<isSurrogateKey>false</isSurrogateKey>
<indexColumnUsage>
<colUsage columnID="493E9AB2-3A69-9DDD-BD7B-AC10F09AF78B"/>
</indexColumnUsage>
</ind_PK_UK>
<ind_PK_UK id="34F2AA7C-ECF5-162A-464E-B409A3FA9870" name="SIEDU_CONSOLIDA_CAPACITA_FK">
<createdBy>Manuel</createdBy>
<createdTime>2016-01-28 03:16:38 UTC</createdTime>
<generatorID>Generado por el Usuario</generatorID>
<ownerDesignName>ERD_POLICIA</ownerDesignName>
<indexState>Foreign Key</indexState>
<isSurrogateKey>false</isSurrogateKey>
<indexColumnUsage>
<colUsage columnID="B4C0D951-64A8-2BCF-73C3-3DF7E42DD67E"/>
</indexColumnUsage>
</ind_PK_UK>
<ind_PK_UK id="32A9B59D-977F-DE59-9A90-A9DFB0805503" name="SIEDU_CONSOLIDA_FORMACION_FK">
<createdBy>Manuel</createdBy>
<createdTime>2016-01-28 03:18:18 UTC</createdTime>
<generatorID>Generado por el Usuario</generatorID>
<ownerDesignName>ERD_POLICIA</ownerDesignName>
<indexState>Foreign Key</indexState>
<isSurrogateKey>false</isSurrogateKey>
<indexColumnUsage>
<colUsage columnID="E8745947-9505-517B-BF13-FAB1CD7C7772"/>
</indexColumnUsage>
</ind_PK_UK>
</indexes>
<tableCheckConstraints itemClass="oracle.dbtools.crest.model.design.constraint.TableLevelConstraint">
<tableCheckConstraint name="SIEDU_CONSOLIDA_PAE_TIPO_CK" directorySegmentName="seg_1" id="5262786E-7F4B-A3FE-8332-F6F40DC0EEC7">
<createdBy>Manuel</createdBy>
<createdTime>2016-01-28 04:16:12 UTC</createdTime>
<generatorID>Generado por el Usuario</generatorID>
<ownerDesignName>ERD_POLICIA</ownerDesignName>
<rule>( cpae_capa is null and cpar_form is not null ) or ( cpae_capa is not  null and cpar_form is null )</rule>
</tableCheckConstraint>
</tableCheckConstraints>
</Table>