<?xml version = '1.0' encoding = 'UTF-8'?>
<Table class="oracle.dbtools.crest.model.design.relational.Table" directorySegmentName="seg_0" id="35C5370B-1CCD-2325-6793-5753FEF66FBC" name="SIEDU_TEMA">
<createdBy>Manuel</createdBy>
<createdTime>2016-01-17 04:41:54 UTC</createdTime>
<commentInRDBMS>Tabla de Temas y Subtemas de los Eventos</commentInRDBMS>
<generatorID>Generado por el Usuario</generatorID>
<ownerDesignName>ERD_POLICIA</ownerDesignName>
<allowColumnReorder>false</allowColumnReorder>
<existDependencyGenerateInDDl>true</existDependencyGenerateInDDl>
<columns itemClass="oracle.dbtools.crest.model.design.relational.Column">
<Column name="tema_tema" id="06EB393D-6EBA-336E-0492-C6F139A110C9">
<createdBy>Manuel</createdBy>
<createdTime>2016-01-17 04:42:38 UTC</createdTime>
<commentInRDBMS>Secuencial Identificador del Tema</commentInRDBMS>
<generatorID>Generado por el Usuario</generatorID>
<ownerDesignName>ERD_POLICIA</ownerDesignName>
<useDomainConstraints>false</useDomainConstraints>
<use>1</use>
<logicalDatatype>LOGDT019</logicalDatatype>
<dataTypePrecision>8</dataTypePrecision>
<autoIncrementCycle>false</autoIncrementCycle>
</Column>
<Column name="tema_even" id="518FC24A-DE0E-761B-42DB-9E502DE9B036">
<createdBy>Manuel</createdBy>
<createdTime>2016-01-17 04:46:57 UTC</createdTime>
<commentInRDBMS>Evento al que corresponde el Tema</commentInRDBMS>
<generatorID>Generado por el Usuario</generatorID>
<ownerDesignName>ERD_POLICIA</ownerDesignName>
<useDomainConstraints>false</useDomainConstraints>
<use>1</use>
<logicalDatatype>LOGDT019</logicalDatatype>
<dataTypePrecision>8</dataTypePrecision>
<delegate>754CEE57-AD0A-3328-130A-FAA3A5EB8966</delegate>
<previousColumn>false</previousColumn>
<autoIncrementCycle>false</autoIncrementCycle>
<associations>
<colAssociation fkAssociation="3A675EE2-6F04-59B7-1F47-31FCCACADE96" referredColumn="754CEE57-AD0A-3328-130A-FAA3A5EB8966"/>
</associations>
</Column>
<Column name="tema_orden" id="BAB5C2E7-5C29-4528-AA6B-FE386E478C00">
<createdBy>Manuel</createdBy>
<createdTime>2016-03-07 00:36:58 UTC</createdTime>
<commentInRDBMS>Orden del tema</commentInRDBMS>
<generatorID>Generado por el Usuario</generatorID>
<ownerDesignName>ERD_POLICIA</ownerDesignName>
<useDomainConstraints>false</useDomainConstraints>
<use>1</use>
<logicalDatatype>LOGDT019</logicalDatatype>
<dataTypePrecision>3</dataTypePrecision>
<autoIncrementCycle>false</autoIncrementCycle>
</Column>
<Column name="tema_descri" id="676C5A1F-F555-69CC-4F3C-C0EE9BEF9C48">
<createdBy>Manuel</createdBy>
<createdTime>2016-01-17 04:43:29 UTC</createdTime>
<commentInRDBMS>Descripción del Tema</commentInRDBMS>
<generatorID>Generado por el Usuario</generatorID>
<ownerDesignName>ERD_POLICIA</ownerDesignName>
<useDomainConstraints>false</useDomainConstraints>
<use>1</use>
<logicalDatatype>LOGDT024</logicalDatatype>
<dataTypeSize>100</dataTypeSize>
<autoIncrementCycle>false</autoIncrementCycle>
</Column>
<Column name="tema_horas" id="36DAD90E-51E8-A94A-F23E-00D02D3FFFEB">
<createdBy>Manuel</createdBy>
<createdTime>2016-01-17 04:43:59 UTC</createdTime>
<commentInRDBMS>Horas asignadas al tema</commentInRDBMS>
<generatorID>Generado por el Usuario</generatorID>
<ownerDesignName>ERD_POLICIA</ownerDesignName>
<useDomainConstraints>false</useDomainConstraints>
<use>1</use>
<logicalDatatype>LOGDT019</logicalDatatype>
<dataTypePrecision>4</dataTypePrecision>
<autoIncrementCycle>false</autoIncrementCycle>
</Column>
<Column name="tema_dom_tematica" id="21D677AE-C4FF-A4A9-1EB6-FC1EB3D447DE">
<createdBy>Manuel</createdBy>
<createdTime>2016-03-03 03:12:40 UTC</createdTime>
<commentInRDBMS>Id de dominio de la temática (  DOMINIO TEMATICA )</commentInRDBMS>
<generatorID>Generado por el Usuario</generatorID>
<ownerDesignName>ERD_POLICIA</ownerDesignName>
<nullsAllowed>true</nullsAllowed>
<useDomainConstraints>false</useDomainConstraints>
<use>1</use>
<logicalDatatype>LOGDT019</logicalDatatype>
<dataTypePrecision>4</dataTypePrecision>
<autoIncrementCycle>false</autoIncrementCycle>
</Column>
<Column name="tema_tema_padre" id="B24CEF1F-BCD3-9593-88A9-9FAA770C8C84">
<createdBy>Manuel</createdBy>
<createdTime>2016-01-17 04:45:09 UTC</createdTime>
<commentInRDBMS>Identificador del Tema padre</commentInRDBMS>
<generatorID>Generado por el Usuario</generatorID>
<ownerDesignName>ERD_POLICIA</ownerDesignName>
<nullsAllowed>true</nullsAllowed>
<useDomainConstraints>false</useDomainConstraints>
<use>1</use>
<logicalDatatype>LOGDT019</logicalDatatype>
<dataTypePrecision>8</dataTypePrecision>
<delegate>06EB393D-6EBA-336E-0492-C6F139A110C9</delegate>
<previousColumn>false</previousColumn>
<autoIncrementCycle>false</autoIncrementCycle>
<associations>
<colAssociation fkAssociation="86CA2A45-1190-27D8-EE71-77DFF87FC6DD" referredColumn="06EB393D-6EBA-336E-0492-C6F139A110C9"/>
</associations>
</Column>
</columns>
<indexes itemClass="oracle.dbtools.crest.model.design.relational.Index">
<ind_PK_UK id="947ADF82-4E22-4910-31A6-9154E5267AF4" name="SIEDU_TEMA_PK">
<createdBy>Manuel</createdBy>
<createdTime>2016-01-17 04:42:38 UTC</createdTime>
<generatorID>Generado por el Usuario</generatorID>
<ownerDesignName>ERD_POLICIA</ownerDesignName>
<pk>true</pk>
<indexState>Primary Constraint</indexState>
<isSurrogateKey>false</isSurrogateKey>
<indexColumnUsage>
<colUsage columnID="06EB393D-6EBA-336E-0492-C6F139A110C9"/>
</indexColumnUsage>
</ind_PK_UK>
<ind_PK_UK id="38376BE0-3ABE-D07C-70EE-8563A493BAEB" name="SIEDU_TEMA_UK">
<createdBy>Manuel</createdBy>
<createdTime>2016-05-18 03:37:15 UTC</createdTime>
<generatorID>Generado por el Usuario</generatorID>
<ownerDesignName>ERD_POLICIA</ownerDesignName>
<indexState>Unique Constraint</indexState>
<isSurrogateKey>false</isSurrogateKey>
<indexColumnUsage>
<colUsage columnID="518FC24A-DE0E-761B-42DB-9E502DE9B036"/>
<colUsage columnID="676C5A1F-F555-69CC-4F3C-C0EE9BEF9C48"/>
<colUsage columnID="B24CEF1F-BCD3-9593-88A9-9FAA770C8C84"/>
</indexColumnUsage>
</ind_PK_UK>
<ind_PK_UK id="835B98C3-6092-43D4-A69C-227B0D0C5857" name="SIEDU_TEMA_TEMA_FK">
<createdBy>Manuel</createdBy>
<createdTime>2016-01-17 04:45:09 UTC</createdTime>
<generatorID>Generado por el Usuario</generatorID>
<ownerDesignName>ERD_POLICIA</ownerDesignName>
<indexState>Foreign Key</indexState>
<isSurrogateKey>false</isSurrogateKey>
<indexColumnUsage>
<colUsage columnID="B24CEF1F-BCD3-9593-88A9-9FAA770C8C84"/>
</indexColumnUsage>
</ind_PK_UK>
<ind_PK_UK id="BC399AEF-1FFB-C0E1-918B-FEAE7E19F019" name="SIEDU_TEMA_CAPAC_PROGR_FK">
<createdBy>Manuel</createdBy>
<createdTime>2016-01-17 04:46:57 UTC</createdTime>
<generatorID>Generado por el Usuario</generatorID>
<ownerDesignName>ERD_POLICIA</ownerDesignName>
<indexState>Foreign Key</indexState>
<isSurrogateKey>false</isSurrogateKey>
<indexColumnUsage>
<colUsage columnID="518FC24A-DE0E-761B-42DB-9E502DE9B036"/>
</indexColumnUsage>
</ind_PK_UK>
</indexes>
</Table>