<?xml version = '1.0' encoding = 'UTF-8'?>
<Table class="oracle.dbtools.crest.model.design.relational.Table" directorySegmentName="seg_0" id="37C3B73A-B94F-C672-6276-C69C5DB8AE53" name="SIEDU_COMPETENCIA">
<createdBy>Manuel</createdBy>
<createdTime>2016-03-06 23:47:27 UTC</createdTime>
<commentInRDBMS>Tabla de Competencias</commentInRDBMS>
<generatorID>Generado por el Usuario</generatorID>
<ownerDesignName>ERD_POLICIA</ownerDesignName>
<allowColumnReorder>false</allowColumnReorder>
<existDependencyGenerateInDDl>true</existDependencyGenerateInDDl>
<columns itemClass="oracle.dbtools.crest.model.design.relational.Column">
<Column name="comp_comp" id="0FCBFDBD-4CCA-608E-31A2-A2FE1C179BE1">
<createdBy>Manuel</createdBy>
<createdTime>2016-03-06 23:50:13 UTC</createdTime>
<commentInRDBMS>Secuencial Identificador de la Competencia</commentInRDBMS>
<generatorID>Generado por el Usuario</generatorID>
<ownerDesignName>ERD_POLICIA</ownerDesignName>
<useDomainConstraints>false</useDomainConstraints>
<use>1</use>
<logicalDatatype>LOGDT019</logicalDatatype>
<dataTypePrecision>4</dataTypePrecision>
<autoIncrementCycle>false</autoIncrementCycle>
</Column>
<Column name="comp_descri" id="8BCC7BD7-DD1F-92B3-B020-153574BA035B">
<createdBy>Manuel</createdBy>
<createdTime>2016-03-06 23:50:41 UTC</createdTime>
<commentInRDBMS>Descripción de la Competencia</commentInRDBMS>
<generatorID>Generado por el Usuario</generatorID>
<ownerDesignName>ERD_POLICIA</ownerDesignName>
<useDomainConstraints>false</useDomainConstraints>
<use>1</use>
<logicalDatatype>LOGDT024</logicalDatatype>
<dataTypeSize>200</dataTypeSize>
<autoIncrementCycle>false</autoIncrementCycle>
</Column>
<Column name="comp_dom_tpcompe" id="C883B0CB-5A0C-556E-371D-C1E121ED7C44">
<createdBy>Manuel</createdBy>
<createdTime>2016-03-08 03:28:48 UTC</createdTime>
<commentInRDBMS>Tipo de Competencia ( DOMINIO TIPO_COMPETENCIA )</commentInRDBMS>
<generatorID>Generado por el Usuario</generatorID>
<ownerDesignName>ERD_POLICIA</ownerDesignName>
<useDomainConstraints>false</useDomainConstraints>
<use>1</use>
<logicalDatatype>LOGDT019</logicalDatatype>
<dataTypePrecision>4</dataTypePrecision>
<autoIncrementCycle>false</autoIncrementCycle>
</Column>
</columns>
<indexes itemClass="oracle.dbtools.crest.model.design.relational.Index">
<ind_PK_UK id="36925FF6-8D47-C09D-38A9-26105C841E79" name="SIEDU_COMPETENCIA_PK">
<createdBy>Manuel</createdBy>
<createdTime>2016-03-06 23:50:13 UTC</createdTime>
<generatorID>Generado por el Usuario</generatorID>
<ownerDesignName>ERD_POLICIA</ownerDesignName>
<pk>true</pk>
<indexState>Primary Constraint</indexState>
<isSurrogateKey>false</isSurrogateKey>
<indexColumnUsage>
<colUsage columnID="0FCBFDBD-4CCA-608E-31A2-A2FE1C179BE1"/>
</indexColumnUsage>
</ind_PK_UK>
</indexes>
</Table>