<?xml version = '1.0' encoding = 'UTF-8'?>
<Table class="oracle.dbtools.crest.model.design.relational.Table" directorySegmentName="seg_0" id="411A6245-A193-92B0-E3BA-C96F26912EC1" name="SIEDU_DOMINIO">
<sourceConnName>POLICIA</sourceConnName>
<sourceObjSchema>USR_DISIGAC2</sourceObjSchema>
<sourceObjName>SIEDU_DOMINIO</sourceObjName>
<createdBy>Manuel</createdBy>
<createdTime>2016-01-07 04:31:04 UTC</createdTime>
<generatorID>Generado por el Usuario</generatorID>
<ownerDesignName>ERD_POLICIA</ownerDesignName>
<schemaObject>ED8B0381-61E9-98DB-D254-F5EC1AB94C4F</schemaObject>
<allowColumnReorder>false</allowColumnReorder>
<existDependencyGenerateInDDl>true</existDependencyGenerateInDDl>
<columns itemClass="oracle.dbtools.crest.model.design.relational.Column">
<Column name="ID_DOMINIO" id="A3C90245-99FA-BF1F-B007-6D350ACB94DA">
<sourceConnName>POLICIA</sourceConnName>
<sourceObjSchema>SIEDU_DOMINIO</sourceObjSchema>
<sourceObjName>ID_DOMINIO</sourceObjName>
<createdBy>Manuel</createdBy>
<createdTime>2016-01-07 04:31:29 UTC</createdTime>
<generatorID>Generado por el Usuario</generatorID>
<ownerDesignName>ERD_POLICIA</ownerDesignName>
<useDomainConstraints>false</useDomainConstraints>
<use>1</use>
<logicalDatatype>LOGDT019</logicalDatatype>
<dataTypePrecision>4</dataTypePrecision>
<autoIncrementCycle>false</autoIncrementCycle>
</Column>
<Column name="ID_TIPO_DOMINIO" id="CBF19F8C-F23D-622F-220D-F5F2E5BC7692">
<sourceConnName>POLICIA</sourceConnName>
<sourceObjSchema>SIEDU_DOMINIO</sourceObjSchema>
<sourceObjName>ID_TIPO_DOMINIO</sourceObjName>
<createdBy>Manuel</createdBy>
<createdTime>2016-01-07 04:31:29 UTC</createdTime>
<generatorID>Generado por el Usuario</generatorID>
<ownerDesignName>ERD_POLICIA</ownerDesignName>
<useDomainConstraints>false</useDomainConstraints>
<use>1</use>
<logicalDatatype>LOGDT019</logicalDatatype>
<dataTypePrecision>3</dataTypePrecision>
<delegate>6B28DAFF-D8FB-C58F-8642-8C881B290F72</delegate>
<autoIncrementCycle>false</autoIncrementCycle>
<associations>
<colAssociation fkAssociation="C9DD5365-1983-4843-2D7B-44EB9C3E7256" referredColumn="6B28DAFF-D8FB-C58F-8642-8C881B290F72"/>
</associations>
</Column>
<Column name="DESCRIPCION_DOMINIO" id="2D95821E-1FC8-CB9A-8BC1-142C569C9BF9">
<sourceConnName>POLICIA</sourceConnName>
<sourceObjSchema>SIEDU_DOMINIO</sourceObjSchema>
<sourceObjName>DESCRIPCION_DOMINIO</sourceObjName>
<createdBy>Manuel</createdBy>
<createdTime>2016-01-07 04:31:29 UTC</createdTime>
<generatorID>Generado por el Usuario</generatorID>
<ownerDesignName>ERD_POLICIA</ownerDesignName>
<useDomainConstraints>false</useDomainConstraints>
<use>1</use>
<logicalDatatype>LOGDT024</logicalDatatype>
<dataTypeSize>100 BYTE</dataTypeSize>
<autoIncrementCycle>false</autoIncrementCycle>
</Column>
<Column name="VIGENTE" id="4F20924B-36F8-8E5E-07B7-1751DAF4EE4B">
<sourceConnName>POLICIA</sourceConnName>
<sourceObjSchema>SIEDU_DOMINIO</sourceObjSchema>
<sourceObjName>VIGENTE</sourceObjName>
<createdBy>Manuel</createdBy>
<createdTime>2016-01-07 04:31:29 UTC</createdTime>
<generatorID>Generado por el Usuario</generatorID>
<ownerDesignName>ERD_POLICIA</ownerDesignName>
<nullsAllowed>true</nullsAllowed>
<useDomainConstraints>false</useDomainConstraints>
<use>1</use>
<logicalDatatype>LOGDT024</logicalDatatype>
<dataTypeSize>5 BYTE</dataTypeSize>
<autoIncrementCycle>false</autoIncrementCycle>
</Column>
</columns>
<indexes itemClass="oracle.dbtools.crest.model.design.relational.Index">
<ind_PK_UK id="2AC38EBC-36AF-56B8-F2D4-3FBC7820063F" name="SIEDU_DOMINIO_PK">
<sourceConnName>POLICIA</sourceConnName>
<sourceObjSchema>USR_DISIGAC2</sourceObjSchema>
<sourceObjName>SIEDU_DOMINIO_PK</sourceObjName>
<createdBy>Manuel</createdBy>
<createdTime>2016-01-07 04:31:39 UTC</createdTime>
<generatorID>Generado por el Usuario</generatorID>
<ownerDesignName>ERD_POLICIA</ownerDesignName>
<pk>true</pk>
<indexState>Primary Constraint</indexState>
<isSurrogateKey>false</isSurrogateKey>
<indexColumnUsage>
<colUsage columnID="A3C90245-99FA-BF1F-B007-6D350ACB94DA"/>
</indexColumnUsage>
</ind_PK_UK>
<ind_PK_UK id="C9DD9727-4358-EC4C-F3C7-42E126D9B0C2" name="SIEDU_DOMINIO_UK">
<sourceConnName>POLICIA</sourceConnName>
<sourceObjSchema>USR_DISIGAC2</sourceObjSchema>
<sourceObjName>SIEDU_DOMINIO_UK</sourceObjName>
<createdBy>Manuel</createdBy>
<createdTime>2016-01-07 04:31:39 UTC</createdTime>
<generatorID>Generado por el Usuario</generatorID>
<ownerDesignName>ERD_POLICIA</ownerDesignName>
<indexState>Unique Constraint</indexState>
<isSurrogateKey>false</isSurrogateKey>
<indexColumnUsage>
<colUsage columnID="CBF19F8C-F23D-622F-220D-F5F2E5BC7692"/>
<colUsage columnID="2D95821E-1FC8-CB9A-8BC1-142C569C9BF9"/>
</indexColumnUsage>
</ind_PK_UK>
<ind_PK_UK id="04307ECB-1D72-ED6C-65EA-A6B9F95CB9DE" name="SIEDU_DOMINIO_PK">
<sourceConnName>POLICIA</sourceConnName>
<sourceObjSchema>USR_DISIGAC2</sourceObjSchema>
<sourceObjName>SIEDU_DOMINIO_PK</sourceObjName>
<createdBy>Manuel</createdBy>
<createdTime>2016-01-07 04:31:34 UTC</createdTime>
<generatorID>Generado por el Usuario</generatorID>
<ownerDesignName>ERD_POLICIA</ownerDesignName>
<indexState>Unique Plain Index</indexState>
<schemaObject>ED8B0381-61E9-98DB-D254-F5EC1AB94C4F</schemaObject>
<isSurrogateKey>false</isSurrogateKey>
<indexColumnUsage>
<colUsage columnID="A3C90245-99FA-BF1F-B007-6D350ACB94DA"/>
</indexColumnUsage>
</ind_PK_UK>
<ind_PK_UK id="F94B6843-4B28-5C9E-3DBC-B498B4DC10BA" name="SIEDU_DOMINIO_UK">
<sourceConnName>POLICIA</sourceConnName>
<sourceObjSchema>USR_DISIGAC2</sourceObjSchema>
<sourceObjName>SIEDU_DOMINIO_UK</sourceObjName>
<createdBy>Manuel</createdBy>
<createdTime>2016-01-07 04:31:34 UTC</createdTime>
<generatorID>Generado por el Usuario</generatorID>
<ownerDesignName>ERD_POLICIA</ownerDesignName>
<indexState>Unique Plain Index</indexState>
<schemaObject>ED8B0381-61E9-98DB-D254-F5EC1AB94C4F</schemaObject>
<isSurrogateKey>false</isSurrogateKey>
<indexColumnUsage>
<colUsage columnID="CBF19F8C-F23D-622F-220D-F5F2E5BC7692"/>
<colUsage columnID="2D95821E-1FC8-CB9A-8BC1-142C569C9BF9"/>
</indexColumnUsage>
</ind_PK_UK>
<ind_PK_UK id="D87932FA-60B2-DA96-183C-D89A094CC986" name="SIEDU_TIPODOM_DOMINIO_FK">
<createdBy>Manuel</createdBy>
<createdTime>2016-01-07 04:31:46 UTC</createdTime>
<generatorID>Generado por el Usuario</generatorID>
<ownerDesignName>ERD_POLICIA</ownerDesignName>
<indexState>Foreign Key</indexState>
<isSurrogateKey>false</isSurrogateKey>
<indexColumnUsage>
<colUsage columnID="CBF19F8C-F23D-622F-220D-F5F2E5BC7692"/>
</indexColumnUsage>
</ind_PK_UK>
</indexes>
</Table>