<?xml version = '1.0' encoding = 'UTF-8'?>
<Table class="oracle.dbtools.crest.model.design.relational.Table" directorySegmentName="seg_0" id="42B0AE2E-9011-4252-A264-396F82A35548" name="NIVELES_ACADEMICOS">
<sourceConnName>POLICIA</sourceConnName>
<sourceObjSchema>USR_EDUC</sourceObjSchema>
<sourceObjName>NIVELES_ACADEMICOS</sourceObjName>
<createdBy>Manuel</createdBy>
<createdTime>2016-01-11 03:03:31 UTC</createdTime>
<commentInRDBMS>Contiene todos los niveles Acadimicos en los cuales se clasifican los programas en la Educacisn</commentInRDBMS>
<generatorID>Generado por el Usuario</generatorID>
<ownerDesignName>ERD_POLICIA</ownerDesignName>
<importedID>569FDD50-C500-1C80-D16D-E6BA57B09C79</importedID>
<schemaObject>07BEDC8C-B2C6-5B3A-9A42-997570BDB1E9</schemaObject>
<allowColumnReorder>false</allowColumnReorder>
<existDependencyGenerateInDDl>true</existDependencyGenerateInDDl>
<columns itemClass="oracle.dbtools.crest.model.design.relational.Column">
<Column name="ID_NIVEL_ACADEMICO" id="101DF233-A49C-9EC7-CAAA-8093708F09B8">
<sourceConnName>POLICIA</sourceConnName>
<sourceObjSchema>NIVELES_ACADEMICOS</sourceObjSchema>
<sourceObjName>ID_NIVEL_ACADEMICO</sourceObjName>
<createdBy>Manuel</createdBy>
<createdTime>2016-01-11 03:03:31 UTC</createdTime>
<commentInRDBMS>Secuencia, codigo asignado a un nivel academico</commentInRDBMS>
<generatorID>Generado por el Usuario</generatorID>
<ownerDesignName>ERD_POLICIA</ownerDesignName>
<importedID>B01C4026-3B04-6DD3-8B5B-18B743860DEC</importedID>
<useDomainConstraints>false</useDomainConstraints>
<use>1</use>
<logicalDatatype>LOGDT019</logicalDatatype>
<autoIncrementCycle>false</autoIncrementCycle>
</Column>
<Column name="DESCRIPCION" id="EDBA5169-04AF-4743-B9FA-68A9586AFB74">
<sourceConnName>POLICIA</sourceConnName>
<sourceObjSchema>NIVELES_ACADEMICOS</sourceObjSchema>
<sourceObjName>DESCRIPCION</sourceObjName>
<createdBy>Manuel</createdBy>
<createdTime>2016-01-11 03:03:31 UTC</createdTime>
<commentInRDBMS>Nombre asignado al codigo de un nivel academico</commentInRDBMS>
<generatorID>Generado por el Usuario</generatorID>
<ownerDesignName>ERD_POLICIA</ownerDesignName>
<importedID>10A0BFF7-83CD-A692-886E-031A88921B7A</importedID>
<useDomainConstraints>false</useDomainConstraints>
<use>1</use>
<logicalDatatype>LOGDT024</logicalDatatype>
<dataTypeSize>60 BYTE</dataTypeSize>
<autoIncrementCycle>false</autoIncrementCycle>
</Column>
<Column name="CREADO_POR" id="1AB99AD5-F00C-0920-D836-47D0B07087D5">
<sourceConnName>POLICIA</sourceConnName>
<sourceObjSchema>NIVELES_ACADEMICOS</sourceObjSchema>
<sourceObjName>CREADO_POR</sourceObjName>
<createdBy>Manuel</createdBy>
<createdTime>2016-01-11 03:03:31 UTC</createdTime>
<generatorID>Generado por el Usuario</generatorID>
<ownerDesignName>ERD_POLICIA</ownerDesignName>
<importedID>85AFE7C1-1977-853A-0922-2964A4AF86AA</importedID>
<useDomainConstraints>false</useDomainConstraints>
<use>1</use>
<logicalDatatype>LOGDT024</logicalDatatype>
<dataTypeSize>30 BYTE</dataTypeSize>
<autoIncrementCycle>false</autoIncrementCycle>
</Column>
<Column name="FECHA_CREACION" id="A71F1393-2F79-6283-00E2-C7078C0D2F07">
<sourceConnName>POLICIA</sourceConnName>
<sourceObjSchema>NIVELES_ACADEMICOS</sourceObjSchema>
<sourceObjName>FECHA_CREACION</sourceObjName>
<createdBy>Manuel</createdBy>
<createdTime>2016-01-11 03:03:31 UTC</createdTime>
<generatorID>Generado por el Usuario</generatorID>
<ownerDesignName>ERD_POLICIA</ownerDesignName>
<importedID>4E621B04-3C78-5FD2-2C82-C29EF4E83FAA</importedID>
<useDomainConstraints>false</useDomainConstraints>
<use>1</use>
<logicalDatatype>LOGDT007</logicalDatatype>
<dataTypeSize>7</dataTypeSize>
<autoIncrementCycle>false</autoIncrementCycle>
</Column>
<Column name="MAQUINA_CREACION" id="E081B55D-AC20-804A-2B09-4EBD7B67DC80">
<sourceConnName>POLICIA</sourceConnName>
<sourceObjSchema>NIVELES_ACADEMICOS</sourceObjSchema>
<sourceObjName>MAQUINA_CREACION</sourceObjName>
<createdBy>Manuel</createdBy>
<createdTime>2016-01-11 03:03:31 UTC</createdTime>
<generatorID>Generado por el Usuario</generatorID>
<ownerDesignName>ERD_POLICIA</ownerDesignName>
<importedID>077BCBE0-9155-6804-9A0A-98F1F723132A</importedID>
<useDomainConstraints>false</useDomainConstraints>
<use>1</use>
<logicalDatatype>LOGDT024</logicalDatatype>
<dataTypeSize>30 BYTE</dataTypeSize>
<autoIncrementCycle>false</autoIncrementCycle>
</Column>
<Column name="ACTUALIZADO_POR" id="1CA9BCFE-C281-5348-EA0E-823CF55E07B1">
<sourceConnName>POLICIA</sourceConnName>
<sourceObjSchema>NIVELES_ACADEMICOS</sourceObjSchema>
<sourceObjName>ACTUALIZADO_POR</sourceObjName>
<createdBy>Manuel</createdBy>
<createdTime>2016-01-11 03:03:31 UTC</createdTime>
<generatorID>Generado por el Usuario</generatorID>
<ownerDesignName>ERD_POLICIA</ownerDesignName>
<importedID>F241EEE1-3630-C59E-2D3B-EEF4D8764640</importedID>
<nullsAllowed>true</nullsAllowed>
<useDomainConstraints>false</useDomainConstraints>
<use>1</use>
<logicalDatatype>LOGDT024</logicalDatatype>
<dataTypeSize>30 BYTE</dataTypeSize>
<autoIncrementCycle>false</autoIncrementCycle>
</Column>
<Column name="FECHA_ACTUALIZA" id="F64F3DD1-12BB-E2C5-67D9-18A73481C047">
<sourceConnName>POLICIA</sourceConnName>
<sourceObjSchema>NIVELES_ACADEMICOS</sourceObjSchema>
<sourceObjName>FECHA_ACTUALIZA</sourceObjName>
<createdBy>Manuel</createdBy>
<createdTime>2016-01-11 03:03:31 UTC</createdTime>
<generatorID>Generado por el Usuario</generatorID>
<ownerDesignName>ERD_POLICIA</ownerDesignName>
<importedID>6E82C1EF-C355-B231-6CBB-8DBA17E5AACB</importedID>
<nullsAllowed>true</nullsAllowed>
<useDomainConstraints>false</useDomainConstraints>
<use>1</use>
<logicalDatatype>LOGDT007</logicalDatatype>
<dataTypeSize>7</dataTypeSize>
<autoIncrementCycle>false</autoIncrementCycle>
</Column>
<Column name="MAQUINA_ACTUALIZA" id="40C8306D-8E81-ACA7-A571-AB10CC7746F8">
<sourceConnName>POLICIA</sourceConnName>
<sourceObjSchema>NIVELES_ACADEMICOS</sourceObjSchema>
<sourceObjName>MAQUINA_ACTUALIZA</sourceObjName>
<createdBy>Manuel</createdBy>
<createdTime>2016-01-11 03:03:31 UTC</createdTime>
<generatorID>Generado por el Usuario</generatorID>
<ownerDesignName>ERD_POLICIA</ownerDesignName>
<importedID>B810BE5F-B90E-24A7-5095-B26A79E48100</importedID>
<nullsAllowed>true</nullsAllowed>
<useDomainConstraints>false</useDomainConstraints>
<use>1</use>
<logicalDatatype>LOGDT024</logicalDatatype>
<dataTypeSize>30 BYTE</dataTypeSize>
<autoIncrementCycle>false</autoIncrementCycle>
</Column>
<Column name="ORDEN_IMPORTANCIA" id="E2F5A7AF-7EEE-C6C7-D044-8A57F5EE95CE">
<sourceConnName>POLICIA</sourceConnName>
<sourceObjSchema>NIVELES_ACADEMICOS</sourceObjSchema>
<sourceObjName>ORDEN_IMPORTANCIA</sourceObjName>
<createdBy>Manuel</createdBy>
<createdTime>2016-01-11 03:03:31 UTC</createdTime>
<generatorID>Generado por el Usuario</generatorID>
<ownerDesignName>ERD_POLICIA</ownerDesignName>
<importedID>B7E18707-21BA-EB15-2D98-1CA7FD6C9A09</importedID>
<nullsAllowed>true</nullsAllowed>
<useDomainConstraints>false</useDomainConstraints>
<use>1</use>
<logicalDatatype>LOGDT019</logicalDatatype>
<autoIncrementCycle>false</autoIncrementCycle>
</Column>
</columns>
<indexes itemClass="oracle.dbtools.crest.model.design.relational.Index">
<ind_PK_UK id="E5143A5E-1679-7D70-5C46-0821B1B8D020" name="NIAC_PK">
<sourceConnName>POLICIA</sourceConnName>
<sourceObjSchema>USR_EDUC</sourceObjSchema>
<sourceObjName>NIAC_PK</sourceObjName>
<createdBy>Manuel</createdBy>
<createdTime>2016-01-11 03:03:31 UTC</createdTime>
<generatorID>Generado por el Usuario</generatorID>
<ownerDesignName>ERD_POLICIA</ownerDesignName>
<importedID>4AB6BF6C-8F70-57AF-C08B-02AFC0D7D57F</importedID>
<pk>true</pk>
<indexState>Primary Constraint</indexState>
<isSurrogateKey>false</isSurrogateKey>
<indexColumnUsage>
<colUsage columnID="101DF233-A49C-9EC7-CAAA-8093708F09B8"/>
</indexColumnUsage>
</ind_PK_UK>
<ind_PK_UK id="6EAA0557-75B4-4357-455D-FC8AF533D175" name="NIAC_UK">
<sourceConnName>POLICIA</sourceConnName>
<sourceObjSchema>USR_EDUC</sourceObjSchema>
<sourceObjName>NIAC_UK</sourceObjName>
<createdBy>Manuel</createdBy>
<createdTime>2016-01-11 03:03:31 UTC</createdTime>
<generatorID>Generado por el Usuario</generatorID>
<ownerDesignName>ERD_POLICIA</ownerDesignName>
<importedID>25076DBD-1E34-EA67-A9ED-1874CE793EA2</importedID>
<indexState>Unique Constraint</indexState>
<isSurrogateKey>false</isSurrogateKey>
<indexColumnUsage>
<colUsage columnID="EDBA5169-04AF-4743-B9FA-68A9586AFB74"/>
</indexColumnUsage>
</ind_PK_UK>
<ind_PK_UK id="BBE0B3DF-AEBE-3656-4CA6-5A190F726B05" name="NIAC_PK">
<sourceConnName>POLICIA</sourceConnName>
<sourceObjSchema>USR_EDUC</sourceObjSchema>
<sourceObjName>NIAC_PK</sourceObjName>
<createdBy>Manuel</createdBy>
<createdTime>2016-01-11 03:03:31 UTC</createdTime>
<generatorID>Generado por el Usuario</generatorID>
<ownerDesignName>ERD_POLICIA</ownerDesignName>
<importedID>19020303-CA2A-A8ED-E11A-3258BE449A08</importedID>
<indexState>Unique Plain Index</indexState>
<schemaObject>07BEDC8C-B2C6-5B3A-9A42-997570BDB1E9</schemaObject>
<isSurrogateKey>false</isSurrogateKey>
<indexColumnUsage>
<colUsage columnID="101DF233-A49C-9EC7-CAAA-8093708F09B8"/>
</indexColumnUsage>
</ind_PK_UK>
<ind_PK_UK id="5903ACD7-DA69-1995-A65E-9F0C4F485FDE" name="NIAC_UK">
<sourceConnName>POLICIA</sourceConnName>
<sourceObjSchema>USR_EDUC</sourceObjSchema>
<sourceObjName>NIAC_UK</sourceObjName>
<createdBy>Manuel</createdBy>
<createdTime>2016-01-11 03:03:31 UTC</createdTime>
<generatorID>Generado por el Usuario</generatorID>
<ownerDesignName>ERD_POLICIA</ownerDesignName>
<importedID>87960C17-47D9-A8AD-6EA0-96E2CBA433A9</importedID>
<indexState>Unique Plain Index</indexState>
<schemaObject>07BEDC8C-B2C6-5B3A-9A42-997570BDB1E9</schemaObject>
<isSurrogateKey>false</isSurrogateKey>
<indexColumnUsage>
<colUsage columnID="EDBA5169-04AF-4743-B9FA-68A9586AFB74"/>
</indexColumnUsage>
</ind_PK_UK>
</indexes>
<validTimeDimensions>
<validTimeDimension class="oracle.dbtools.crest.model.design.relational.ValidTimeDimension" name="SYS_STS68LMLZGBEUNF8_WT640C#M4" directorySegmentName="seg_0" id="D994FCBC-2558-2C39-BC7E-637E3A60C656">
<sourceConnName>POLICIA</sourceConnName>
<sourceObjSchema>NIVELES_ACADEMICOS</sourceObjSchema>
<sourceObjName>SYS_STS68LMLZGBEUNF8_WT640C#M4</sourceObjName>
<createdBy>Manuel</createdBy>
<createdTime>2016-01-11 03:03:31 UTC</createdTime>
<generatorID>Generado por el Usuario</generatorID>
<ownerDesignName>ERD_POLICIA</ownerDesignName>
<importedID>49F1AF52-9463-1D5C-39B3-87D2713E3846</importedID>
</validTimeDimension>
<validTimeDimension class="oracle.dbtools.crest.model.design.relational.ValidTimeDimension" name="SYS_STSMAK7KTHMJ3UEIL#AG_QYER4" directorySegmentName="seg_0" id="097534F0-E7D4-8965-CEF6-0BE43EC6EC40">
<sourceConnName>POLICIA</sourceConnName>
<sourceObjSchema>NIVELES_ACADEMICOS</sourceObjSchema>
<sourceObjName>SYS_STSMAK7KTHMJ3UEIL#AG_QYER4</sourceObjName>
<createdBy>Manuel</createdBy>
<createdTime>2016-01-11 03:03:31 UTC</createdTime>
<generatorID>Generado por el Usuario</generatorID>
<ownerDesignName>ERD_POLICIA</ownerDesignName>
<importedID>5EFAF1A9-2FE9-12F5-6DF3-521F98CA7A8A</importedID>
</validTimeDimension>
</validTimeDimensions>
</Table>