<?xml version = '1.0' encoding = 'UTF-8'?>
<Table class="oracle.dbtools.crest.model.design.relational.Table" directorySegmentName="seg_0" id="48AD53AC-0351-387B-EA64-1CB4AF9F731A" name="SIEDU_PAE_FORMACION">
<createdBy>Manuel</createdBy>
<createdTime>2016-01-11 02:32:13 UTC</createdTime>
<comment>Tabla de definición del PAE de Formación</comment>
<commentInRDBMS>Tabla de definición del PAE de Formación</commentInRDBMS>
<generatorID>Generado por el Usuario</generatorID>
<ownerDesignName>ERD_POLICIA</ownerDesignName>
<allowColumnReorder>false</allowColumnReorder>
<existDependencyGenerateInDDl>true</existDependencyGenerateInDDl>
<columns itemClass="oracle.dbtools.crest.model.design.relational.Column">
<Column name="form_form" id="C333F5AD-C4E4-C125-8EC9-893A13DD4E17">
<createdBy>Manuel</createdBy>
<createdTime>2016-01-11 02:33:29 UTC</createdTime>
<comment>Secuencial Identificador del registro de Formación</comment>
<commentInRDBMS>Identificador del registro de PAE Formación</commentInRDBMS>
<generatorID>Generado por el Usuario</generatorID>
<ownerDesignName>ERD_POLICIA</ownerDesignName>
<useDomainConstraints>false</useDomainConstraints>
<use>1</use>
<logicalDatatype>LOGDT019</logicalDatatype>
<dataTypePrecision>6</dataTypePrecision>
<autoIncrementCycle>false</autoIncrementCycle>
</Column>
<Column name="form_pae" id="4E669F2F-EBDD-F2FB-623A-9FAEEEB4308A">
<createdBy>Manuel</createdBy>
<createdTime>2016-01-11 02:34:46 UTC</createdTime>
<comment>Identificador del PAE al que corresponde el registro de Formación</comment>
<commentInRDBMS>Identificador del PAE al que corresponde el registro de Formación</commentInRDBMS>
<generatorID>Generado por el Usuario</generatorID>
<ownerDesignName>ERD_POLICIA</ownerDesignName>
<useDomainConstraints>false</useDomainConstraints>
<use>1</use>
<logicalDatatype>LOGDT019</logicalDatatype>
<dataTypePrecision>6</dataTypePrecision>
<delegate>D4EB1715-0A09-BFB9-BFBC-D7849F8F6054</delegate>
<previousColumn>false</previousColumn>
<autoIncrementCycle>false</autoIncrementCycle>
<associations>
<colAssociation fkAssociation="AB32803A-C147-19D7-5CD2-0CA599EE25EB" referredColumn="D4EB1715-0A09-BFB9-BFBC-D7849F8F6054"/>
</associations>
</Column>
<Column name="form_dom_proce" id="E3C7EABB-B62D-5FB6-9883-25C0B058EB78">
<createdBy>Manuel</createdBy>
<createdTime>2016-01-11 03:21:23 UTC</createdTime>
<commentInRDBMS>Proceso de Formación - Dominio PROCESO</commentInRDBMS>
<generatorID>Generado por el Usuario</generatorID>
<ownerDesignName>ERD_POLICIA</ownerDesignName>
<nullsAllowed>true</nullsAllowed>
<useDomainConstraints>false</useDomainConstraints>
<use>1</use>
<logicalDatatype>LOGDT019</logicalDatatype>
<dataTypePrecision>4</dataTypePrecision>
<autoIncrementCycle>false</autoIncrementCycle>
</Column>
<Column name="form_dom_estra" id="BD599E01-33B4-AC1F-896C-928E192DE6A4">
<createdBy>Manuel</createdBy>
<createdTime>2016-01-11 03:22:00 UTC</createdTime>
<commentInRDBMS>Estrategia de Formación ( Dominio ESTRATEGIA)</commentInRDBMS>
<generatorID>Generado por el Usuario</generatorID>
<ownerDesignName>ERD_POLICIA</ownerDesignName>
<nullsAllowed>true</nullsAllowed>
<useDomainConstraints>false</useDomainConstraints>
<use>1</use>
<logicalDatatype>LOGDT019</logicalDatatype>
<dataTypePrecision>4</dataTypePrecision>
<autoIncrementCycle>false</autoIncrementCycle>
</Column>
<Column name="form_necesi" id="D30A254A-EB9C-C7FA-2B01-4607CC63E9D6">
<createdBy>Manuel</createdBy>
<createdTime>2016-01-11 03:27:06 UTC</createdTime>
<comment>Número de personas para formación</comment>
<commentInRDBMS>Número de cupos solicitados en la necesidad</commentInRDBMS>
<generatorID>Generado por el Usuario</generatorID>
<ownerDesignName>ERD_POLICIA</ownerDesignName>
<nullsAllowed>true</nullsAllowed>
<useDomainConstraints>false</useDomainConstraints>
<use>1</use>
<logicalDatatype>LOGDT019</logicalDatatype>
<dataTypePrecision>6</dataTypePrecision>
<autoIncrementCycle>false</autoIncrementCycle>
</Column>
<Column name="form_estado" id="B418FA40-9278-B4B6-C0C7-5A993EFCE320">
<createdBy>Manuel</createdBy>
<createdTime>2016-01-11 03:27:06 UTC</createdTime>
<comment>Estado del registro de necesidad de formación. P-Pendiente,A-Aprobado, N-No aprobado</comment>
<commentInRDBMS>Estado del registro de necesidad de formación. P-Pendiente,A-Aprobado, N-No aprobado</commentInRDBMS>
<generatorID>Generado por el Usuario</generatorID>
<ownerDesignName>ERD_POLICIA</ownerDesignName>
<nullsAllowed>true</nullsAllowed>
<useDomainConstraints>false</useDomainConstraints>
<use>1</use>
<logicalDatatype>LOGDT024</logicalDatatype>
<dataTypeSize>1</dataTypeSize>
<autoIncrementCycle>false</autoIncrementCycle>
</Column>
<Column name="form_fuerza" id="FBC58EFA-027A-5BE6-63E9-7375C2134CDE">
<createdBy>Manuel</createdBy>
<createdTime>2016-01-23 00:33:40 UTC</createdTime>
<commentInRDBMS>Identificador de Fuerza</commentInRDBMS>
<generatorID>Generado por el Usuario</generatorID>
<ownerDesignName>ERD_POLICIA</ownerDesignName>
<useDomainConstraints>false</useDomainConstraints>
<use>1</use>
<logicalDatatype>LOGDT019</logicalDatatype>
<dataTypePrecision>1</dataTypePrecision>
<delegate>87B54D08-B9C8-A076-9C56-7B32B0EB19A2</delegate>
<previousColumn>false</previousColumn>
<autoIncrementCycle>false</autoIncrementCycle>
<associations>
<colAssociation fkAssociation="55ED65A3-1F64-A661-D7D8-D0B10B7C95DD" referredColumn="87B54D08-B9C8-A076-9C56-7B32B0EB19A2"/>
</associations>
</Column>
<Column name="form_id_carrera" id="A7E7B974-05A4-29F4-F958-F47F28900073">
<createdBy>Manuel</createdBy>
<createdTime>2016-01-23 00:33:40 UTC</createdTime>
<commentInRDBMS>Identificador de la Carrera.</commentInRDBMS>
<generatorID>Generado por el Usuario</generatorID>
<ownerDesignName>ERD_POLICIA</ownerDesignName>
<useDomainConstraints>false</useDomainConstraints>
<use>1</use>
<logicalDatatype>LOGDT019</logicalDatatype>
<delegate>E2D7CB4E-EEA8-FE40-00DA-B42416FA6E81</delegate>
<previousColumn>false</previousColumn>
<autoIncrementCycle>false</autoIncrementCycle>
<associations>
<colAssociation fkAssociation="55ED65A3-1F64-A661-D7D8-D0B10B7C95DD" referredColumn="E2D7CB4E-EEA8-FE40-00DA-B42416FA6E81"/>
</associations>
</Column>
</columns>
<indexes itemClass="oracle.dbtools.crest.model.design.relational.Index">
<ind_PK_UK id="3A157A4B-CA40-928C-891D-3FDE1F55FD72" name="SIEDU_PAE_FORMACION_PK">
<createdBy>Manuel</createdBy>
<createdTime>2016-01-11 02:35:24 UTC</createdTime>
<generatorID>Generado por el Usuario</generatorID>
<ownerDesignName>ERD_POLICIA</ownerDesignName>
<pk>true</pk>
<indexState>Primary Constraint</indexState>
<isSurrogateKey>false</isSurrogateKey>
<indexColumnUsage>
<colUsage columnID="C333F5AD-C4E4-C125-8EC9-893A13DD4E17"/>
</indexColumnUsage>
</ind_PK_UK>
<ind_PK_UK id="5326BA5F-9CF7-8CF2-DBB9-7C02A6C2AD7E" name="SIEDU_PAE_FORMACION_CARRERA_UK">
<createdBy>Manuel</createdBy>
<createdTime>2016-01-28 04:13:41 UTC</createdTime>
<generatorID>Generado por el Usuario</generatorID>
<ownerDesignName>ERD_POLICIA</ownerDesignName>
<indexState>Unique Constraint</indexState>
<isSurrogateKey>false</isSurrogateKey>
<indexColumnUsage>
<colUsage columnID="4E669F2F-EBDD-F2FB-623A-9FAEEEB4308A"/>
<colUsage columnID="FBC58EFA-027A-5BE6-63E9-7375C2134CDE"/>
<colUsage columnID="A7E7B974-05A4-29F4-F958-F47F28900073"/>
</indexColumnUsage>
</ind_PK_UK>
<ind_PK_UK id="87288984-B64F-705E-F3D4-5D72FCCBD62B" name="SIEDU_PAE_FORMACION_PAE_FK">
<createdBy>Manuel</createdBy>
<createdTime>2016-01-11 02:34:46 UTC</createdTime>
<generatorID>Generado por el Usuario</generatorID>
<ownerDesignName>ERD_POLICIA</ownerDesignName>
<indexState>Foreign Key</indexState>
<isSurrogateKey>false</isSurrogateKey>
<indexColumnUsage>
<colUsage columnID="4E669F2F-EBDD-F2FB-623A-9FAEEEB4308A"/>
</indexColumnUsage>
</ind_PK_UK>
<ind_PK_UK id="E4F9DBFB-5EB6-4F98-63C0-E60597C5B3F9" name="SIEDU_PAE_FORM_CARRERAS_FK">
<createdBy>Manuel</createdBy>
<createdTime>2016-01-23 00:33:40 UTC</createdTime>
<generatorID>Generado por el Usuario</generatorID>
<ownerDesignName>ERD_POLICIA</ownerDesignName>
<indexState>Foreign Key</indexState>
<isSurrogateKey>false</isSurrogateKey>
<indexColumnUsage>
<colUsage columnID="FBC58EFA-027A-5BE6-63E9-7375C2134CDE"/>
<colUsage columnID="A7E7B974-05A4-29F4-F958-F47F28900073"/>
</indexColumnUsage>
</ind_PK_UK>
<ind_PK_UK id="73E412F7-0A93-FDED-308D-3AC9704F909B" name="SIEDU_FORMA_PROGRAM_ACADEM_FK">
<createdBy>itc</createdBy>
<createdTime>2016-02-01 12:31:52 UTC</createdTime>
<generatorID>Generado por el Usuario</generatorID>
<ownerDesignName>ERD_POLICIA</ownerDesignName>
<indexState>Foreign Key</indexState>
<isSurrogateKey>false</isSurrogateKey>
</ind_PK_UK>
</indexes>
<tableCheckConstraints itemClass="oracle.dbtools.crest.model.design.constraint.TableLevelConstraint">
<tableCheckConstraint name="SIEDU_PAE_FORMACION_ESTADO_CK" directorySegmentName="seg_1" id="5842E14D-1348-B31A-5A9F-1F09F499C0B5">
<createdBy>Manuel</createdBy>
<createdTime>2016-01-25 03:46:21 UTC</createdTime>
<generatorID>Generado por el Usuario</generatorID>
<ownerDesignName>ERD_POLICIA</ownerDesignName>
<rule>form_estado in (&apos;P&apos;,&apos;A&apos;,&apos;N&apos;)</rule>
</tableCheckConstraint>
</tableCheckConstraints>
</Table>