<?xml version = '1.0' encoding = 'UTF-8'?>
<Table class="oracle.dbtools.crest.model.design.relational.Table" directorySegmentName="seg_0" id="490D382E-F599-5C3E-EA76-75BC173994E4" name="SIEDU_ACTA_EVENTO">
<sourceDDLFile>SIEDU_ACTA_EVENTO.sql</sourceDDLFile>
<createdBy>Manuel</createdBy>
<createdTime>2016-07-24 16:13:26 UTC</createdTime>
<generatorID>Generado por el Usuario</generatorID>
<ownerDesignName>ERD_POLICIA</ownerDesignName>
<importedID>346F6E36-D9D5-58B9-902E-D95B41CA1B57</importedID>
<allowColumnReorder>false</allowColumnReorder>
<existDependencyGenerateInDDl>true</existDependencyGenerateInDDl>
<columns itemClass="oracle.dbtools.crest.model.design.relational.Column">
<Column name="acta_acta" id="505056D5-C791-7BD7-10F1-5EF7DE1437C8">
<sourceDDLFile>SIEDU_ACTA_EVENTO.sql</sourceDDLFile>
<createdBy>Manuel</createdBy>
<createdTime>2016-07-24 16:13:26 UTC</createdTime>
<commentInRDBMS>Secuencial identificador del acta</commentInRDBMS>
<generatorID>Generado por el Usuario</generatorID>
<ownerDesignName>ERD_POLICIA</ownerDesignName>
<importedID>6864AABE-EF7E-9C8D-C26E-52AF96A96B17</importedID>
<use>0</use>
<logicalDatatype>LOGDT019</logicalDatatype>
<domain>195A7AA5-6CED-2F13-8643-80CAB573C38E</domain>
<autoIncrementCycle>false</autoIncrementCycle>
</Column>
<Column name="acta_nro_acta" id="6741B628-D78A-5BDA-08B5-416D9088B1BB">
<sourceDDLFile>SIEDU_ACTA_EVENTO.sql</sourceDDLFile>
<createdBy>Manuel</createdBy>
<createdTime>2016-07-24 16:13:26 UTC</createdTime>
<commentInRDBMS>Número del acta</commentInRDBMS>
<generatorID>Generado por el Usuario</generatorID>
<ownerDesignName>ERD_POLICIA</ownerDesignName>
<importedID>F86A776B-9784-05E8-BD97-9CD709040BA9</importedID>
<use>0</use>
<logicalDatatype>LOGDT024</logicalDatatype>
<domain>A12B0FE9-328D-0437-D421-D22F6E244046</domain>
<autoIncrementCycle>false</autoIncrementCycle>
</Column>
<Column name="acta_fecha" id="2328A21B-F5AB-1A34-4CE4-CEF3D80C2347">
<sourceDDLFile>SIEDU_ACTA_EVENTO.sql</sourceDDLFile>
<createdBy>Manuel</createdBy>
<createdTime>2016-07-24 16:13:26 UTC</createdTime>
<commentInRDBMS>Fecha del acta</commentInRDBMS>
<generatorID>Generado por el Usuario</generatorID>
<ownerDesignName>ERD_POLICIA</ownerDesignName>
<importedID>952D46E4-B2CF-AA0F-BABC-F9B56B38903B</importedID>
<use>0</use>
<logicalDatatype>LOGDT007</logicalDatatype>
<domain>34D6D752-0BC4-AA45-ED17-A754ADAE39D9</domain>
<autoIncrementCycle>false</autoIncrementCycle>
</Column>
<Column name="acta_nro_libro" id="8DB9EB09-716F-40A9-5A3D-8A2CFBCE074A">
<sourceDDLFile>SIEDU_ACTA_EVENTO.sql</sourceDDLFile>
<createdBy>Manuel</createdBy>
<createdTime>2016-07-24 16:13:26 UTC</createdTime>
<commentInRDBMS>Libro donde se encuentra radicada el acta</commentInRDBMS>
<generatorID>Generado por el Usuario</generatorID>
<ownerDesignName>ERD_POLICIA</ownerDesignName>
<importedID>3B5FA538-6C27-618F-4DE0-19AF9B2C63FC</importedID>
<use>0</use>
<logicalDatatype>LOGDT024</logicalDatatype>
<domain>A12B0FE9-328D-0437-D421-D22F6E244046</domain>
<autoIncrementCycle>false</autoIncrementCycle>
</Column>
<Column name="acta_nro_folio" id="A9488B50-79AE-E321-1364-7FDCD2925032">
<sourceDDLFile>SIEDU_ACTA_EVENTO.sql</sourceDDLFile>
<createdBy>Manuel</createdBy>
<createdTime>2016-07-24 16:13:26 UTC</createdTime>
<commentInRDBMS>Número del folio donde se encuentra radicada el acta</commentInRDBMS>
<generatorID>Generado por el Usuario</generatorID>
<ownerDesignName>ERD_POLICIA</ownerDesignName>
<importedID>3BAA091D-F414-7359-7A1A-1BBF71411881</importedID>
<use>0</use>
<logicalDatatype>LOGDT024</logicalDatatype>
<domain>A12B0FE9-328D-0437-D421-D22F6E244046</domain>
<autoIncrementCycle>false</autoIncrementCycle>
</Column>
<Column name="acta_fecha_inicio" id="594DFE12-B3F8-12E8-0389-FD6E0CAE9F1E">
<sourceDDLFile>SIEDU_ACTA_EVENTO.sql</sourceDDLFile>
<createdBy>Manuel</createdBy>
<createdTime>2016-07-24 16:13:26 UTC</createdTime>
<commentInRDBMS>Fecha de inicio de la capacitación que se certifica</commentInRDBMS>
<generatorID>Generado por el Usuario</generatorID>
<ownerDesignName>ERD_POLICIA</ownerDesignName>
<importedID>B2CE0A26-E975-8CC6-1CAA-FE591F95003E</importedID>
<use>0</use>
<logicalDatatype>LOGDT007</logicalDatatype>
<domain>34D6D752-0BC4-AA45-ED17-A754ADAE39D9</domain>
<autoIncrementCycle>false</autoIncrementCycle>
</Column>
<Column name="acta_fecha_fin" id="076050DC-DB11-FD58-93B2-D29C223C1BF4">
<sourceDDLFile>SIEDU_ACTA_EVENTO.sql</sourceDDLFile>
<createdBy>Manuel</createdBy>
<createdTime>2016-07-24 16:13:26 UTC</createdTime>
<commentInRDBMS>Fecha de finalización de la capacitación que se certifica</commentInRDBMS>
<generatorID>Generado por el Usuario</generatorID>
<ownerDesignName>ERD_POLICIA</ownerDesignName>
<importedID>761C6D4C-B912-1F8C-4800-0709F3520AD5</importedID>
<use>0</use>
<logicalDatatype>LOGDT007</logicalDatatype>
<domain>34D6D752-0BC4-AA45-ED17-A754ADAE39D9</domain>
<autoIncrementCycle>false</autoIncrementCycle>
</Column>
<Column name="acta_fecha_grado" id="35D043D6-1A92-5F94-C284-461B690FE551">
<sourceDDLFile>SIEDU_ACTA_EVENTO.sql</sourceDDLFile>
<createdBy>Manuel</createdBy>
<createdTime>2016-07-24 16:13:26 UTC</createdTime>
<commentInRDBMS>Fecha de grado del evento certificado</commentInRDBMS>
<generatorID>Generado por el Usuario</generatorID>
<ownerDesignName>ERD_POLICIA</ownerDesignName>
<importedID>B8BA3C64-337B-CD14-02A2-7494914CD26C</importedID>
<use>0</use>
<logicalDatatype>LOGDT007</logicalDatatype>
<domain>34D6D752-0BC4-AA45-ED17-A754ADAE39D9</domain>
<autoIncrementCycle>false</autoIncrementCycle>
</Column>
<Column name="acta_evee" id="ADA13D68-A0D0-BDCD-710F-4073E0A3E9B8">
<sourceDDLFile>SIEDU_ACTA_EVENTO.sql</sourceDDLFile>
<createdBy>Manuel</createdBy>
<createdTime>2016-07-24 16:13:26 UTC</createdTime>
<commentInRDBMS>Evento al que pertenece el acta</commentInRDBMS>
<generatorID>Generado por el Usuario</generatorID>
<ownerDesignName>ERD_POLICIA</ownerDesignName>
<importedID>C90F811E-C657-49C7-870B-57159F819204</importedID>
<useDomainConstraints>false</useDomainConstraints>
<use>1</use>
<logicalDatatype>LOGDT019</logicalDatatype>
<dataTypePrecision>6</dataTypePrecision>
<delegate>98B51B8C-8599-502F-63A9-A41AD463BB12</delegate>
<autoIncrementCycle>false</autoIncrementCycle>
<associations>
<colAssociation fkAssociation="711EBB26-01CC-381A-C939-C03EDC2AFAA3" referredColumn="98B51B8C-8599-502F-63A9-A41AD463BB12"/>
</associations>
</Column>
<Column name="acta_usu_crea" id="F5EBDEC1-8045-E353-6603-7FC53E727E97">
<sourceDDLFile>SIEDU_ACTA_EVENTO.sql</sourceDDLFile>
<createdBy>Manuel</createdBy>
<createdTime>2016-07-24 16:13:26 UTC</createdTime>
<generatorID>Generado por el Usuario</generatorID>
<ownerDesignName>ERD_POLICIA</ownerDesignName>
<importedID>3EBC56B9-DC0C-F2CA-D9A0-E8D8F5E4DCA8</importedID>
<use>0</use>
<logicalDatatype>LOGDT024</logicalDatatype>
<domain>62AC5C6E-DF9A-2CE8-05B7-F0C9E3338787</domain>
<autoIncrementCycle>false</autoIncrementCycle>
</Column>
<Column name="acta_fecha_crea" id="80AC85FA-630D-241A-6DCE-4E73571D8E81">
<sourceDDLFile>SIEDU_ACTA_EVENTO.sql</sourceDDLFile>
<createdBy>Manuel</createdBy>
<createdTime>2016-07-24 16:13:26 UTC</createdTime>
<generatorID>Generado por el Usuario</generatorID>
<ownerDesignName>ERD_POLICIA</ownerDesignName>
<importedID>EEF79203-BF10-DDBB-2227-CC267C1FF3EF</importedID>
<use>0</use>
<logicalDatatype>LOGDT007</logicalDatatype>
<domain>34D6D752-0BC4-AA45-ED17-A754ADAE39D9</domain>
<autoIncrementCycle>false</autoIncrementCycle>
</Column>
<Column name="acta_maquina_crea" id="F33DF691-75B8-4833-39C5-2ADF78D792B4">
<sourceDDLFile>SIEDU_ACTA_EVENTO.sql</sourceDDLFile>
<createdBy>Manuel</createdBy>
<createdTime>2016-07-24 16:13:26 UTC</createdTime>
<generatorID>Generado por el Usuario</generatorID>
<ownerDesignName>ERD_POLICIA</ownerDesignName>
<importedID>9518D812-38F8-64D1-85E1-5C14E1ECA581</importedID>
<use>0</use>
<logicalDatatype>LOGDT024</logicalDatatype>
<domain>E6016132-F594-A604-9B12-E4A4183779F5</domain>
<autoIncrementCycle>false</autoIncrementCycle>
</Column>
<Column name="acta_ip_crea" id="13044071-9AE0-7FD4-CA12-CAB32BF7B958">
<sourceDDLFile>SIEDU_ACTA_EVENTO.sql</sourceDDLFile>
<createdBy>Manuel</createdBy>
<createdTime>2016-07-24 16:13:26 UTC</createdTime>
<generatorID>Generado por el Usuario</generatorID>
<ownerDesignName>ERD_POLICIA</ownerDesignName>
<importedID>BB8FCD1B-6FBD-1E19-DF2D-D2BA23DC684B</importedID>
<use>0</use>
<logicalDatatype>LOGDT024</logicalDatatype>
<domain>E6016132-F594-A604-9B12-E4A4183779F5</domain>
<autoIncrementCycle>false</autoIncrementCycle>
</Column>
<Column name="acta_usu_mod" id="65419EA7-1889-91DB-A750-25CC0A7B2C86">
<sourceDDLFile>SIEDU_ACTA_EVENTO.sql</sourceDDLFile>
<createdBy>Manuel</createdBy>
<createdTime>2016-07-24 16:13:26 UTC</createdTime>
<generatorID>Generado por el Usuario</generatorID>
<ownerDesignName>ERD_POLICIA</ownerDesignName>
<importedID>DA9B3247-2DA7-2E44-4737-25F3E742298D</importedID>
<nullsAllowed>true</nullsAllowed>
<use>0</use>
<logicalDatatype>LOGDT024</logicalDatatype>
<domain>62AC5C6E-DF9A-2CE8-05B7-F0C9E3338787</domain>
<autoIncrementCycle>false</autoIncrementCycle>
</Column>
<Column name="acta_fecha_mod" id="EB9C3583-71FD-6D8B-DD3F-43E04D9686F9">
<sourceDDLFile>SIEDU_ACTA_EVENTO.sql</sourceDDLFile>
<createdBy>Manuel</createdBy>
<createdTime>2016-07-24 16:13:26 UTC</createdTime>
<generatorID>Generado por el Usuario</generatorID>
<ownerDesignName>ERD_POLICIA</ownerDesignName>
<importedID>D1747CF1-B702-E38A-B546-D2B4215CD7EA</importedID>
<nullsAllowed>true</nullsAllowed>
<use>0</use>
<logicalDatatype>LOGDT007</logicalDatatype>
<domain>34D6D752-0BC4-AA45-ED17-A754ADAE39D9</domain>
<autoIncrementCycle>false</autoIncrementCycle>
</Column>
<Column name="acta_maquina_mod" id="444FCD30-F2C7-E9D5-552B-922DF32C9735">
<sourceDDLFile>SIEDU_ACTA_EVENTO.sql</sourceDDLFile>
<createdBy>Manuel</createdBy>
<createdTime>2016-07-24 16:13:26 UTC</createdTime>
<generatorID>Generado por el Usuario</generatorID>
<ownerDesignName>ERD_POLICIA</ownerDesignName>
<importedID>25E73DE6-7D10-7095-88D6-F6E0FD1D854D</importedID>
<nullsAllowed>true</nullsAllowed>
<use>0</use>
<logicalDatatype>LOGDT024</logicalDatatype>
<domain>E6016132-F594-A604-9B12-E4A4183779F5</domain>
<autoIncrementCycle>false</autoIncrementCycle>
</Column>
<Column name="acta_ip_mod" id="9C61BA7E-1FAE-0E51-0947-2772C35C0AA5">
<sourceDDLFile>SIEDU_ACTA_EVENTO.sql</sourceDDLFile>
<createdBy>Manuel</createdBy>
<createdTime>2016-07-24 16:13:26 UTC</createdTime>
<generatorID>Generado por el Usuario</generatorID>
<ownerDesignName>ERD_POLICIA</ownerDesignName>
<importedID>11FFA102-C65D-E468-736E-EEAA2E7A06C9</importedID>
<nullsAllowed>true</nullsAllowed>
<use>0</use>
<logicalDatatype>LOGDT024</logicalDatatype>
<domain>E6016132-F594-A604-9B12-E4A4183779F5</domain>
<autoIncrementCycle>false</autoIncrementCycle>
</Column>
</columns>
<indexes itemClass="oracle.dbtools.crest.model.design.relational.Index">
<ind_PK_UK id="D3396032-B1A6-8C3D-25E6-78CE58622D6B" name="siedu_acta_evento_pk">
<sourceDDLFile>SIEDU_ACTA_EVENTO.sql</sourceDDLFile>
<createdBy>Manuel</createdBy>
<createdTime>2016-07-24 16:13:26 UTC</createdTime>
<generatorID>Generado por el Usuario</generatorID>
<ownerDesignName>ERD_POLICIA</ownerDesignName>
<importedID>600B4A37-6D40-9EE4-E631-5C82429B76FF</importedID>
<pk>true</pk>
<indexState>Primary Constraint</indexState>
<isSurrogateKey>false</isSurrogateKey>
<indexColumnUsage>
<colUsage columnID="505056D5-C791-7BD7-10F1-5EF7DE1437C8"/>
</indexColumnUsage>
</ind_PK_UK>
<ind_PK_UK id="44326819-BCA6-D007-4270-40521B71B50C" name="siedu_acta_uk">
<sourceDDLFile>SIEDU_ACTA_EVENTO.sql</sourceDDLFile>
<createdBy>Manuel</createdBy>
<createdTime>2016-07-24 16:13:26 UTC</createdTime>
<generatorID>Generado por el Usuario</generatorID>
<ownerDesignName>ERD_POLICIA</ownerDesignName>
<importedID>1C9B00F3-0B99-2BD5-8E51-A6CCD05D5BEF</importedID>
<indexState>Unique Constraint</indexState>
<isSurrogateKey>false</isSurrogateKey>
<indexColumnUsage>
<colUsage columnID="ADA13D68-A0D0-BDCD-710F-4073E0A3E9B8"/>
<colUsage columnID="6741B628-D78A-5BDA-08B5-416D9088B1BB"/>
<colUsage columnID="2328A21B-F5AB-1A34-4CE4-CEF3D80C2347"/>
</indexColumnUsage>
</ind_PK_UK>
<ind_PK_UK id="1E1ACA24-FD58-FFE8-D6DF-CF813FC5A2ED" name="siedu_act_even_evee_fk">
<createdBy>Manuel</createdBy>
<createdTime>2016-07-24 16:13:26 UTC</createdTime>
<generatorID>Generado por el Usuario</generatorID>
<ownerDesignName>ERD_POLICIA</ownerDesignName>
<indexState>Foreign Key</indexState>
<isSurrogateKey>false</isSurrogateKey>
<indexColumnUsage>
<colUsage columnID="ADA13D68-A0D0-BDCD-710F-4073E0A3E9B8"/>
</indexColumnUsage>
</ind_PK_UK>
</indexes>
</Table>