<?xml version = '1.0' encoding = 'UTF-8'?>
<Table class="oracle.dbtools.crest.model.design.relational.Table" directorySegmentName="seg_0" id="4968681B-0E1F-3FE3-0BE3-DDA0C2FC49D9" name="CARRERAS">
<sourceConnName>POLICIA</sourceConnName>
<sourceObjSchema>USR_EDUC</sourceObjSchema>
<sourceObjName>CARRERAS</sourceObjName>
<createdBy>Manuel</createdBy>
<createdTime>2016-01-11 03:03:31 UTC</createdTime>
<commentInRDBMS>Almacena todos los Programas Acadimicos y Militares que existen</commentInRDBMS>
<generatorID>Generado por el Usuario</generatorID>
<ownerDesignName>ERD_POLICIA</ownerDesignName>
<importedID>EDDD49DE-8B27-5CE1-4064-A5FC8B19CDE3</importedID>
<schemaObject>07BEDC8C-B2C6-5B3A-9A42-997570BDB1E9</schemaObject>
<allowColumnReorder>false</allowColumnReorder>
<existDependencyGenerateInDDl>true</existDependencyGenerateInDDl>
<columns itemClass="oracle.dbtools.crest.model.design.relational.Column">
<Column name="ID_CARRERA" id="E2D7CB4E-EEA8-FE40-00DA-B42416FA6E81">
<sourceConnName>POLICIA</sourceConnName>
<sourceObjSchema>CARRERAS</sourceObjSchema>
<sourceObjName>ID_CARRERA</sourceObjName>
<createdBy>Manuel</createdBy>
<createdTime>2016-01-11 03:03:31 UTC</createdTime>
<commentInRDBMS>Codigo asignado a una carrera profesional</commentInRDBMS>
<generatorID>Generado por el Usuario</generatorID>
<ownerDesignName>ERD_POLICIA</ownerDesignName>
<importedID>2CD11318-A6C0-4579-49A4-E5B818F291A5</importedID>
<useDomainConstraints>false</useDomainConstraints>
<use>1</use>
<logicalDatatype>LOGDT019</logicalDatatype>
<autoIncrementCycle>false</autoIncrementCycle>
</Column>
<Column name="FUERZA" id="87B54D08-B9C8-A076-9C56-7B32B0EB19A2">
<sourceConnName>POLICIA</sourceConnName>
<sourceObjSchema>CARRERAS</sourceObjSchema>
<sourceObjName>FUERZA</sourceObjName>
<createdBy>Manuel</createdBy>
<createdTime>2016-01-11 03:03:31 UTC</createdTime>
<generatorID>Generado por el Usuario</generatorID>
<ownerDesignName>ERD_POLICIA</ownerDesignName>
<importedID>1E4B2CE7-3CE1-0030-5CDE-20D2C09FA8E3</importedID>
<useDomainConstraints>false</useDomainConstraints>
<use>1</use>
<logicalDatatype>LOGDT019</logicalDatatype>
<dataTypePrecision>1</dataTypePrecision>
<autoIncrementCycle>false</autoIncrementCycle>
</Column>
<Column name="ID_NIVEL_ACADEMICO" id="F495CC01-213B-E34B-B73F-EDEC2097A43E">
<sourceConnName>POLICIA</sourceConnName>
<sourceObjSchema>CARRERAS</sourceObjSchema>
<sourceObjName>ID_NIVEL_ACADEMICO</sourceObjName>
<createdBy>Manuel</createdBy>
<createdTime>2016-01-11 03:03:31 UTC</createdTime>
<commentInRDBMS>Secuencia, codigo asignado a un nivel academico </commentInRDBMS>
<generatorID>Generado por el Usuario</generatorID>
<ownerDesignName>ERD_POLICIA</ownerDesignName>
<importedID>A819CD82-00D5-1E05-C722-4CFC2E60804A</importedID>
<useDomainConstraints>false</useDomainConstraints>
<use>1</use>
<logicalDatatype>LOGDT019</logicalDatatype>
<delegate>101DF233-A49C-9EC7-CAAA-8093708F09B8</delegate>
<autoIncrementCycle>false</autoIncrementCycle>
<associations>
<colAssociation fkAssociation="FF05FAC9-D7FF-A705-B3B4-60CBBA63FE59" referredColumn="101DF233-A49C-9EC7-CAAA-8093708F09B8"/>
</associations>
</Column>
<Column name="DESCRIPCION" id="E5138658-B9A9-E745-B046-5C8466D30F44">
<sourceConnName>POLICIA</sourceConnName>
<sourceObjSchema>CARRERAS</sourceObjSchema>
<sourceObjName>DESCRIPCION</sourceObjName>
<createdBy>Manuel</createdBy>
<createdTime>2016-01-11 03:03:31 UTC</createdTime>
<commentInRDBMS>Nombre del programa o carrera profesional, tecnica, tecnologica,</commentInRDBMS>
<generatorID>Generado por el Usuario</generatorID>
<ownerDesignName>ERD_POLICIA</ownerDesignName>
<importedID>D3FD6031-B811-EEA5-730B-69205A3ACF53</importedID>
<useDomainConstraints>false</useDomainConstraints>
<use>1</use>
<logicalDatatype>LOGDT024</logicalDatatype>
<dataTypeSize>300 BYTE</dataTypeSize>
<autoIncrementCycle>false</autoIncrementCycle>
</Column>
<Column name="CLASE_EDUCACION" id="7940A5C7-BDEF-89F6-BD3B-2BDE68321BC3">
<sourceConnName>POLICIA</sourceConnName>
<sourceObjSchema>CARRERAS</sourceObjSchema>
<sourceObjName>CLASE_EDUCACION</sourceObjName>
<createdBy>Manuel</createdBy>
<createdTime>2016-01-11 03:03:31 UTC</createdTime>
<commentInRDBMS>Clase de educacion recibida (Formal, No Formal)</commentInRDBMS>
<generatorID>Generado por el Usuario</generatorID>
<ownerDesignName>ERD_POLICIA</ownerDesignName>
<importedID>53799426-5F66-F35A-415C-9F87701C2078</importedID>
<useDomainConstraints>false</useDomainConstraints>
<use>1</use>
<logicalDatatype>LOGDT025</logicalDatatype>
<dataTypeSize>2 BYTE</dataTypeSize>
<autoIncrementCycle>false</autoIncrementCycle>
</Column>
<Column name="TIPO_PROGRAMA" id="94D928FE-3BF1-4ED5-9E7A-006E37FF6FE4">
<sourceConnName>POLICIA</sourceConnName>
<sourceObjSchema>CARRERAS</sourceObjSchema>
<sourceObjName>TIPO_PROGRAMA</sourceObjName>
<createdBy>Manuel</createdBy>
<createdTime>2016-01-11 03:03:31 UTC</createdTime>
<commentInRDBMS>Tipo de Programa que puede adelantar el alumno en la Universidad</commentInRDBMS>
<generatorID>Generado por el Usuario</generatorID>
<ownerDesignName>ERD_POLICIA</ownerDesignName>
<importedID>EFA836E1-03B3-F637-3330-B8706023C7A7</importedID>
<useDomainConstraints>false</useDomainConstraints>
<use>1</use>
<logicalDatatype>LOGDT025</logicalDatatype>
<dataTypeSize>1 BYTE</dataTypeSize>
<autoIncrementCycle>false</autoIncrementCycle>
</Column>
<Column name="TITULO" id="096EAB9E-9617-3BA9-F35D-713F54487D38">
<sourceConnName>POLICIA</sourceConnName>
<sourceObjSchema>CARRERAS</sourceObjSchema>
<sourceObjName>TITULO</sourceObjName>
<createdBy>Manuel</createdBy>
<createdTime>2016-01-11 03:03:31 UTC</createdTime>
<commentInRDBMS>Nombre del titulo que otorga la carrera Formal o no Formal</commentInRDBMS>
<generatorID>Generado por el Usuario</generatorID>
<ownerDesignName>ERD_POLICIA</ownerDesignName>
<importedID>FC120D59-499E-0D46-8D41-4289D041A4BC</importedID>
<nullsAllowed>true</nullsAllowed>
<useDomainConstraints>false</useDomainConstraints>
<use>1</use>
<logicalDatatype>LOGDT024</logicalDatatype>
<dataTypeSize>300 BYTE</dataTypeSize>
<autoIncrementCycle>false</autoIncrementCycle>
</Column>
<Column name="OBSERVACION" id="12B45BC3-2B86-76EB-B199-E0EC4245323F">
<sourceConnName>POLICIA</sourceConnName>
<sourceObjSchema>CARRERAS</sourceObjSchema>
<sourceObjName>OBSERVACION</sourceObjName>
<createdBy>Manuel</createdBy>
<createdTime>2016-01-11 03:03:31 UTC</createdTime>
<commentInRDBMS>Observacion</commentInRDBMS>
<generatorID>Generado por el Usuario</generatorID>
<ownerDesignName>ERD_POLICIA</ownerDesignName>
<importedID>380D6C83-D28A-7679-920B-9B6D0F2D8C96</importedID>
<nullsAllowed>true</nullsAllowed>
<useDomainConstraints>false</useDomainConstraints>
<use>1</use>
<logicalDatatype>LOGDT024</logicalDatatype>
<dataTypeSize>250 BYTE</dataTypeSize>
<autoIncrementCycle>false</autoIncrementCycle>
</Column>
<Column name="ABREVIATURA" id="945594A0-00E2-292B-26D9-8BEBE6AF0C5C">
<sourceConnName>POLICIA</sourceConnName>
<sourceObjSchema>CARRERAS</sourceObjSchema>
<sourceObjName>ABREVIATURA</sourceObjName>
<createdBy>Manuel</createdBy>
<createdTime>2016-01-11 03:03:31 UTC</createdTime>
<commentInRDBMS>Nombre abreviado del programa academico</commentInRDBMS>
<generatorID>Generado por el Usuario</generatorID>
<ownerDesignName>ERD_POLICIA</ownerDesignName>
<importedID>B4317F77-F7F1-BF4B-AE76-DAF654AE6F5C</importedID>
<nullsAllowed>true</nullsAllowed>
<useDomainConstraints>false</useDomainConstraints>
<use>1</use>
<logicalDatatype>LOGDT024</logicalDatatype>
<dataTypeSize>40 BYTE</dataTypeSize>
<autoIncrementCycle>false</autoIncrementCycle>
</Column>
<Column name="CREADO_POR" id="8961886A-05A1-D4E5-5F41-A07D29D72F01">
<sourceConnName>POLICIA</sourceConnName>
<sourceObjSchema>CARRERAS</sourceObjSchema>
<sourceObjName>CREADO_POR</sourceObjName>
<createdBy>Manuel</createdBy>
<createdTime>2016-01-11 03:03:31 UTC</createdTime>
<generatorID>Generado por el Usuario</generatorID>
<ownerDesignName>ERD_POLICIA</ownerDesignName>
<importedID>2FD055BE-C5AA-BA1F-2688-E92B739004F0</importedID>
<useDomainConstraints>false</useDomainConstraints>
<use>1</use>
<logicalDatatype>LOGDT024</logicalDatatype>
<dataTypeSize>30 BYTE</dataTypeSize>
<autoIncrementCycle>false</autoIncrementCycle>
</Column>
<Column name="FECHA_CREACION" id="FDDDD3D2-E45E-D0D2-E96B-A1BA07E467EC">
<sourceConnName>POLICIA</sourceConnName>
<sourceObjSchema>CARRERAS</sourceObjSchema>
<sourceObjName>FECHA_CREACION</sourceObjName>
<createdBy>Manuel</createdBy>
<createdTime>2016-01-11 03:03:31 UTC</createdTime>
<generatorID>Generado por el Usuario</generatorID>
<ownerDesignName>ERD_POLICIA</ownerDesignName>
<importedID>83F9BF71-EFE0-BABB-43B9-17EF15A50266</importedID>
<useDomainConstraints>false</useDomainConstraints>
<use>1</use>
<logicalDatatype>LOGDT007</logicalDatatype>
<dataTypeSize>7</dataTypeSize>
<autoIncrementCycle>false</autoIncrementCycle>
</Column>
<Column name="MAQUINA_CREACION" id="F21E812C-6243-4D02-568B-A33D772612B7">
<sourceConnName>POLICIA</sourceConnName>
<sourceObjSchema>CARRERAS</sourceObjSchema>
<sourceObjName>MAQUINA_CREACION</sourceObjName>
<createdBy>Manuel</createdBy>
<createdTime>2016-01-11 03:03:31 UTC</createdTime>
<generatorID>Generado por el Usuario</generatorID>
<ownerDesignName>ERD_POLICIA</ownerDesignName>
<importedID>4A2EDB38-6B21-FF2D-4645-375D1ACEB117</importedID>
<useDomainConstraints>false</useDomainConstraints>
<use>1</use>
<logicalDatatype>LOGDT024</logicalDatatype>
<dataTypeSize>150 BYTE</dataTypeSize>
<autoIncrementCycle>false</autoIncrementCycle>
</Column>
<Column name="ACTUALIZADO_POR" id="A31DACAF-D698-F7CC-FF64-5D577E584979">
<sourceConnName>POLICIA</sourceConnName>
<sourceObjSchema>CARRERAS</sourceObjSchema>
<sourceObjName>ACTUALIZADO_POR</sourceObjName>
<createdBy>Manuel</createdBy>
<createdTime>2016-01-11 03:03:31 UTC</createdTime>
<generatorID>Generado por el Usuario</generatorID>
<ownerDesignName>ERD_POLICIA</ownerDesignName>
<importedID>D899DCF0-AA45-DB14-D48F-81D90C4B8593</importedID>
<nullsAllowed>true</nullsAllowed>
<useDomainConstraints>false</useDomainConstraints>
<use>1</use>
<logicalDatatype>LOGDT024</logicalDatatype>
<dataTypeSize>150 BYTE</dataTypeSize>
<autoIncrementCycle>false</autoIncrementCycle>
</Column>
<Column name="FECHA_ACTUALIZA" id="495CBA13-6CD9-B864-D802-9DE56D685177">
<sourceConnName>POLICIA</sourceConnName>
<sourceObjSchema>CARRERAS</sourceObjSchema>
<sourceObjName>FECHA_ACTUALIZA</sourceObjName>
<createdBy>Manuel</createdBy>
<createdTime>2016-01-11 03:03:31 UTC</createdTime>
<generatorID>Generado por el Usuario</generatorID>
<ownerDesignName>ERD_POLICIA</ownerDesignName>
<importedID>73A3F319-6B6E-49F3-68C4-96C75A6AF165</importedID>
<nullsAllowed>true</nullsAllowed>
<useDomainConstraints>false</useDomainConstraints>
<use>1</use>
<logicalDatatype>LOGDT007</logicalDatatype>
<dataTypeSize>7</dataTypeSize>
<autoIncrementCycle>false</autoIncrementCycle>
</Column>
<Column name="MAQUINA_ACTUALIZA" id="E6C9490A-86DD-ADE0-816D-B09DC3FBFADE">
<sourceConnName>POLICIA</sourceConnName>
<sourceObjSchema>CARRERAS</sourceObjSchema>
<sourceObjName>MAQUINA_ACTUALIZA</sourceObjName>
<createdBy>Manuel</createdBy>
<createdTime>2016-01-11 03:03:31 UTC</createdTime>
<generatorID>Generado por el Usuario</generatorID>
<ownerDesignName>ERD_POLICIA</ownerDesignName>
<importedID>83C6C2D2-C14E-A51D-4A8F-1740D18A32FF</importedID>
<nullsAllowed>true</nullsAllowed>
<useDomainConstraints>false</useDomainConstraints>
<use>1</use>
<logicalDatatype>LOGDT024</logicalDatatype>
<dataTypeSize>30 BYTE</dataTypeSize>
<autoIncrementCycle>false</autoIncrementCycle>
</Column>
<Column name="VIGENTE" id="AB5EBD77-F0C3-7EA3-BAFA-AD79DB2C69C2">
<sourceConnName>POLICIA</sourceConnName>
<sourceObjSchema>CARRERAS</sourceObjSchema>
<sourceObjName>VIGENTE</sourceObjName>
<createdBy>Manuel</createdBy>
<createdTime>2016-01-11 03:03:31 UTC</createdTime>
<commentInRDBMS>Filtrar los registrosa mal creados</commentInRDBMS>
<generatorID>Generado por el Usuario</generatorID>
<ownerDesignName>ERD_POLICIA</ownerDesignName>
<importedID>ED9EF181-6A52-89BF-4D8C-BD7482035260</importedID>
<nullsAllowed>true</nullsAllowed>
<useDomainConstraints>false</useDomainConstraints>
<use>1</use>
<logicalDatatype>LOGDT024</logicalDatatype>
<dataTypeSize>2 BYTE</dataTypeSize>
<defaultValue>&apos;SI&apos;</defaultValue>
<autoIncrementCycle>false</autoIncrementCycle>
</Column>
</columns>
<indexes itemClass="oracle.dbtools.crest.model.design.relational.Index">
<ind_PK_UK id="1136428E-F91E-5CF1-C831-A63B9F8C8BE6" name="CARR_PK">
<sourceConnName>POLICIA</sourceConnName>
<sourceObjSchema>USR_EDUC</sourceObjSchema>
<sourceObjName>CARR_PK</sourceObjName>
<createdBy>Manuel</createdBy>
<createdTime>2016-01-11 03:03:31 UTC</createdTime>
<generatorID>Generado por el Usuario</generatorID>
<ownerDesignName>ERD_POLICIA</ownerDesignName>
<importedID>4F9C72AE-7F22-C55E-7B4A-CFDC9CD89037</importedID>
<pk>true</pk>
<indexState>Primary Constraint</indexState>
<isSurrogateKey>false</isSurrogateKey>
<indexColumnUsage>
<colUsage columnID="87B54D08-B9C8-A076-9C56-7B32B0EB19A2"/>
<colUsage columnID="E2D7CB4E-EEA8-FE40-00DA-B42416FA6E81"/>
</indexColumnUsage>
</ind_PK_UK>
<ind_PK_UK id="90AC7350-CD1A-AB61-02CC-65AA51A4428F" name="CARR_PK">
<sourceConnName>POLICIA</sourceConnName>
<sourceObjSchema>USR_EDUC</sourceObjSchema>
<sourceObjName>CARR_PK</sourceObjName>
<createdBy>Manuel</createdBy>
<createdTime>2016-01-11 03:03:31 UTC</createdTime>
<generatorID>Generado por el Usuario</generatorID>
<ownerDesignName>ERD_POLICIA</ownerDesignName>
<importedID>60AA477A-6611-0611-C1EE-07A09502B187</importedID>
<indexState>Unique Plain Index</indexState>
<schemaObject>07BEDC8C-B2C6-5B3A-9A42-997570BDB1E9</schemaObject>
<isSurrogateKey>false</isSurrogateKey>
<indexColumnUsage>
<colUsage columnID="87B54D08-B9C8-A076-9C56-7B32B0EB19A2"/>
<colUsage columnID="E2D7CB4E-EEA8-FE40-00DA-B42416FA6E81"/>
</indexColumnUsage>
</ind_PK_UK>
<ind_PK_UK id="25E1B07F-8AEB-8192-421B-9FA690EF2FAB" name="CARR_DESC_I">
<sourceConnName>POLICIA</sourceConnName>
<sourceObjSchema>USR_EDUC</sourceObjSchema>
<sourceObjName>CARR_DESC_I</sourceObjName>
<createdBy>Manuel</createdBy>
<createdTime>2016-01-11 03:03:31 UTC</createdTime>
<generatorID>Generado por el Usuario</generatorID>
<ownerDesignName>ERD_POLICIA</ownerDesignName>
<importedID>E4759CCB-847C-BA90-FE51-BD05CF5C0E49</importedID>
<schemaObject>07BEDC8C-B2C6-5B3A-9A42-997570BDB1E9</schemaObject>
<isSurrogateKey>false</isSurrogateKey>
<indexColumnUsage>
<colUsage columnID="E5138658-B9A9-E745-B046-5C8466D30F44"/>
</indexColumnUsage>
</ind_PK_UK>
<ind_PK_UK id="D75C72FB-A56C-7F51-57CF-40AA2CD10DEA" name="CARR_TITU_I">
<sourceConnName>POLICIA</sourceConnName>
<sourceObjSchema>USR_EDUC</sourceObjSchema>
<sourceObjName>CARR_TITU_I</sourceObjName>
<createdBy>Manuel</createdBy>
<createdTime>2016-01-11 03:03:31 UTC</createdTime>
<generatorID>Generado por el Usuario</generatorID>
<ownerDesignName>ERD_POLICIA</ownerDesignName>
<importedID>C23E4A2A-355E-408E-B741-177AC9923819</importedID>
<schemaObject>07BEDC8C-B2C6-5B3A-9A42-997570BDB1E9</schemaObject>
<isSurrogateKey>false</isSurrogateKey>
<indexColumnUsage>
<colUsage columnID="096EAB9E-9617-3BA9-F35D-713F54487D38"/>
</indexColumnUsage>
</ind_PK_UK>
<ind_PK_UK id="16C7F7F2-67E6-4519-58FE-734E5462AB05" name="CARR_NIAC_FK_I">
<sourceConnName>POLICIA</sourceConnName>
<sourceObjSchema>USR_EDUC</sourceObjSchema>
<sourceObjName>CARR_NIAC_FK_I</sourceObjName>
<createdBy>Manuel</createdBy>
<createdTime>2016-01-11 03:03:31 UTC</createdTime>
<generatorID>Generado por el Usuario</generatorID>
<ownerDesignName>ERD_POLICIA</ownerDesignName>
<importedID>9EF68D66-29F3-2F73-F1B2-E802CB0D6483</importedID>
<schemaObject>07BEDC8C-B2C6-5B3A-9A42-997570BDB1E9</schemaObject>
<isSurrogateKey>false</isSurrogateKey>
<indexColumnUsage>
<colUsage columnID="F495CC01-213B-E34B-B73F-EDEC2097A43E"/>
</indexColumnUsage>
</ind_PK_UK>
<ind_PK_UK id="48697425-96C5-8599-A54D-FA9857A54786" name="CARRE_UK">
<sourceConnName>POLICIA</sourceConnName>
<sourceObjSchema>USR_EDUC</sourceObjSchema>
<sourceObjName>CARRE_UK</sourceObjName>
<createdBy>Manuel</createdBy>
<createdTime>2016-01-11 03:03:31 UTC</createdTime>
<generatorID>Generado por el Usuario</generatorID>
<ownerDesignName>ERD_POLICIA</ownerDesignName>
<importedID>DB8CB099-280F-1E6F-9EBF-6B8A467BA973</importedID>
<indexState>Unique Plain Index</indexState>
<schemaObject>07BEDC8C-B2C6-5B3A-9A42-997570BDB1E9</schemaObject>
<isSurrogateKey>false</isSurrogateKey>
<indexColumnUsage>
<colUsage columnID="87B54D08-B9C8-A076-9C56-7B32B0EB19A2"/>
<colUsage columnID="945594A0-00E2-292B-26D9-8BEBE6AF0C5C"/>
</indexColumnUsage>
</ind_PK_UK>
<ind_PK_UK id="BF8F6E38-C07B-5411-2B89-03493291E9C9" name="ID_CARRERA_I">
<sourceConnName>POLICIA</sourceConnName>
<sourceObjSchema>USR_EDUC</sourceObjSchema>
<sourceObjName>ID_CARRERA_I</sourceObjName>
<createdBy>Manuel</createdBy>
<createdTime>2016-01-11 03:03:31 UTC</createdTime>
<generatorID>Generado por el Usuario</generatorID>
<ownerDesignName>ERD_POLICIA</ownerDesignName>
<importedID>6580DA37-FECA-29E7-6FAA-C24195704DEE</importedID>
<schemaObject>08A89F83-F1B6-076C-845F-07354A8D2081</schemaObject>
<isSurrogateKey>false</isSurrogateKey>
<indexColumnUsage>
<colUsage columnID="E2D7CB4E-EEA8-FE40-00DA-B42416FA6E81"/>
</indexColumnUsage>
</ind_PK_UK>
<ind_PK_UK id="71CE8682-1FB6-BBBF-C78D-8B6FDEC5BD92" name="CARR_NIAC_FK">
<createdBy>Manuel</createdBy>
<createdTime>2016-01-11 03:03:31 UTC</createdTime>
<generatorID>Generado por el Usuario</generatorID>
<ownerDesignName>ERD_POLICIA</ownerDesignName>
<indexState>Foreign Key</indexState>
<isSurrogateKey>false</isSurrogateKey>
<indexColumnUsage>
<colUsage columnID="F495CC01-213B-E34B-B73F-EDEC2097A43E"/>
</indexColumnUsage>
</ind_PK_UK>
</indexes>
<validTimeDimensions>
<validTimeDimension class="oracle.dbtools.crest.model.design.relational.ValidTimeDimension" name="SYS_STS9FV5Y14F86EC6PYHY4397GI" directorySegmentName="seg_0" id="E134F9B5-F42D-1605-D2F2-E356B1323E70">
<createdBy>Manuel</createdBy>
<createdTime>2016-01-24 17:09:25 UTC</createdTime>
<generatorID>Generado por el Usuario</generatorID>
<ownerDesignName>ERD_POLICIA</ownerDesignName>
</validTimeDimension>
<validTimeDimension class="oracle.dbtools.crest.model.design.relational.ValidTimeDimension" name="SYS_STSL$Z947ZX#6GJZG08O32PK9P" directorySegmentName="seg_0" id="B2B3F643-CE79-B396-57FF-740E50ADE3A9">
<createdBy>Manuel</createdBy>
<createdTime>2016-01-24 17:09:25 UTC</createdTime>
<generatorID>Generado por el Usuario</generatorID>
<ownerDesignName>ERD_POLICIA</ownerDesignName>
</validTimeDimension>
<validTimeDimension class="oracle.dbtools.crest.model.design.relational.ValidTimeDimension" name="SYS_STS3ILSLA4GIPKY#CX300J1PS1" directorySegmentName="seg_0" id="9EF712F2-922D-75AD-7EA2-5C9351319C3D">
<createdBy>Manuel</createdBy>
<createdTime>2016-01-24 17:09:25 UTC</createdTime>
<generatorID>Generado por el Usuario</generatorID>
<ownerDesignName>ERD_POLICIA</ownerDesignName>
</validTimeDimension>
<validTimeDimension class="oracle.dbtools.crest.model.design.relational.ValidTimeDimension" name="SYS_STS_MMFHRPNEN1C65O4GCBV$B7" directorySegmentName="seg_0" id="1843A5ED-02BE-FDF6-6E0E-1D6264AF1E4D">
<createdBy>Manuel</createdBy>
<createdTime>2016-01-24 17:09:25 UTC</createdTime>
<generatorID>Generado por el Usuario</generatorID>
<ownerDesignName>ERD_POLICIA</ownerDesignName>
</validTimeDimension>
<validTimeDimension class="oracle.dbtools.crest.model.design.relational.ValidTimeDimension" name="SYS_STSRTIMNR3JF6THCOT$SYB#5U#" directorySegmentName="seg_0" id="6DFFE84B-7809-8B16-E9A5-31DBFFD7973D">
<createdBy>Manuel</createdBy>
<createdTime>2016-01-24 17:09:25 UTC</createdTime>
<generatorID>Generado por el Usuario</generatorID>
<ownerDesignName>ERD_POLICIA</ownerDesignName>
</validTimeDimension>
<validTimeDimension class="oracle.dbtools.crest.model.design.relational.ValidTimeDimension" name="SYS_STSZ_Q4XVPATB247H6#ZJTQYZ6" directorySegmentName="seg_0" id="0289B1E8-CA6F-2BE3-E5BA-49EF4C40E646">
<createdBy>Manuel</createdBy>
<createdTime>2016-01-24 17:09:25 UTC</createdTime>
<generatorID>Generado por el Usuario</generatorID>
<ownerDesignName>ERD_POLICIA</ownerDesignName>
</validTimeDimension>
<validTimeDimension class="oracle.dbtools.crest.model.design.relational.ValidTimeDimension" name="SYS_STSWWHB9F5BE7ESDD37AS0C7B$" directorySegmentName="seg_0" id="211BF175-41F9-C088-BCE0-70524934BA21">
<createdBy>Manuel</createdBy>
<createdTime>2016-01-24 17:09:25 UTC</createdTime>
<generatorID>Generado por el Usuario</generatorID>
<ownerDesignName>ERD_POLICIA</ownerDesignName>
</validTimeDimension>
<validTimeDimension class="oracle.dbtools.crest.model.design.relational.ValidTimeDimension" name="SYS_STS$4SN_FIWXG41MG680#YP8TC" directorySegmentName="seg_0" id="698A7EDD-BF4C-E02C-63E3-2FEB62852758">
<createdBy>Manuel</createdBy>
<createdTime>2016-01-24 17:09:25 UTC</createdTime>
<generatorID>Generado por el Usuario</generatorID>
<ownerDesignName>ERD_POLICIA</ownerDesignName>
</validTimeDimension>
<validTimeDimension class="oracle.dbtools.crest.model.design.relational.ValidTimeDimension" name="SYS_STSO4UDO#H0GI9LFXO3BGLDH78" directorySegmentName="seg_0" id="054337CA-D14D-9889-F533-09718BB92F73">
<createdBy>Manuel</createdBy>
<createdTime>2016-01-24 17:09:25 UTC</createdTime>
<generatorID>Generado por el Usuario</generatorID>
<ownerDesignName>ERD_POLICIA</ownerDesignName>
</validTimeDimension>
<validTimeDimension class="oracle.dbtools.crest.model.design.relational.ValidTimeDimension" name="SYS_STS_9$75QLDJ48ILD68CDDRPVR" directorySegmentName="seg_0" id="1DA49CF4-0321-2662-164B-B450597F15A5">
<createdBy>Manuel</createdBy>
<createdTime>2016-01-24 17:09:25 UTC</createdTime>
<generatorID>Generado por el Usuario</generatorID>
<ownerDesignName>ERD_POLICIA</ownerDesignName>
</validTimeDimension>
</validTimeDimensions>
</Table>