<?xml version = '1.0' encoding = 'UTF-8'?>
<Table class="oracle.dbtools.crest.model.design.relational.Table" directorySegmentName="seg_0" id="49FEABFC-47A2-6403-2D4A-ADD6827DABE5" name="SIEDU_INASISTE_EVENTO">
<createdBy>Manuel</createdBy>
<createdTime>2016-03-06 22:17:38 UTC</createdTime>
<commentInRDBMS>Tabla de Inasistencias de Participantes a Eventos</commentInRDBMS>
<generatorID>Generado por el Usuario</generatorID>
<ownerDesignName>ERD_POLICIA</ownerDesignName>
<allowColumnReorder>false</allowColumnReorder>
<existDependencyGenerateInDDl>true</existDependencyGenerateInDDl>
<columns itemClass="oracle.dbtools.crest.model.design.relational.Column">
<Column name="inae_inae" id="4BA8C3F0-D817-181B-1EAE-86EAA8427FCF">
<createdBy>Manuel</createdBy>
<createdTime>2016-03-06 22:20:56 UTC</createdTime>
<commentInRDBMS>Secuencial identificador del registro de inasistencia</commentInRDBMS>
<generatorID>Generado por el Usuario</generatorID>
<ownerDesignName>ERD_POLICIA</ownerDesignName>
<useDomainConstraints>false</useDomainConstraints>
<use>1</use>
<logicalDatatype>LOGDT019</logicalDatatype>
<dataTypePrecision>8</dataTypePrecision>
<autoIncrementCycle>false</autoIncrementCycle>
</Column>
<Column name="inae_pare" id="8FC6C605-46DB-BCAD-295A-43A4FF42C473">
<createdBy>Manuel</createdBy>
<createdTime>2016-03-06 22:18:53 UTC</createdTime>
<commentInRDBMS>Secuencial Identificador de Participante Evento</commentInRDBMS>
<generatorID>Generado por el Usuario</generatorID>
<ownerDesignName>ERD_POLICIA</ownerDesignName>
<useDomainConstraints>false</useDomainConstraints>
<use>1</use>
<logicalDatatype>LOGDT019</logicalDatatype>
<dataTypePrecision>8</dataTypePrecision>
<delegate>56B0220B-E93B-F29A-AC4C-C0731C7E47CF</delegate>
<previousColumn>false</previousColumn>
<autoIncrementCycle>false</autoIncrementCycle>
<associations>
<colAssociation fkAssociation="D70253A0-9B40-E705-A85B-D7E5855D5833" referredColumn="56B0220B-E93B-F29A-AC4C-C0731C7E47CF"/>
</associations>
</Column>
<Column name="inae_fecha" id="8E0A3413-AB01-B476-BAC8-F3AC2C52ADB2">
<createdBy>Manuel</createdBy>
<createdTime>2016-03-06 22:23:42 UTC</createdTime>
<commentInRDBMS>Fecha de la Inasistencia</commentInRDBMS>
<generatorID>Generado por el Usuario</generatorID>
<ownerDesignName>ERD_POLICIA</ownerDesignName>
<useDomainConstraints>false</useDomainConstraints>
<use>1</use>
<logicalDatatype>LOGDT007</logicalDatatype>
<autoIncrementCycle>false</autoIncrementCycle>
</Column>
<Column name="inae_tiempo" id="51182668-43C8-B8F2-B139-7D2C4B5131AC">
<createdBy>Manuel</createdBy>
<createdTime>2016-03-06 22:24:38 UTC</createdTime>
<commentInRDBMS>Tiempo de Inasistencia. Valores comprendidos entre 1 y 480 minutos</commentInRDBMS>
<generatorID>Generado por el Usuario</generatorID>
<ownerDesignName>ERD_POLICIA</ownerDesignName>
<nullsAllowed>true</nullsAllowed>
<useDomainConstraints>false</useDomainConstraints>
<use>1</use>
<logicalDatatype>LOGDT019</logicalDatatype>
<dataTypePrecision>3</dataTypePrecision>
<autoIncrementCycle>false</autoIncrementCycle>
</Column>
</columns>
<indexes itemClass="oracle.dbtools.crest.model.design.relational.Index">
<ind_PK_UK id="AF78CA18-DCB6-6AB4-F55A-65F31A894C6E" name="SIEDU_INASISTE_EVENTO_V2_PK">
<createdBy>Manuel</createdBy>
<createdTime>2016-03-06 22:21:01 UTC</createdTime>
<generatorID>Generado por el Usuario</generatorID>
<ownerDesignName>ERD_POLICIA</ownerDesignName>
<pk>true</pk>
<indexState>Primary Constraint</indexState>
<isSurrogateKey>false</isSurrogateKey>
<indexColumnUsage>
<colUsage columnID="4BA8C3F0-D817-181B-1EAE-86EAA8427FCF"/>
</indexColumnUsage>
</ind_PK_UK>
<ind_PK_UK id="CB4AD7A9-4D4C-FE91-C2EB-1DA794CD860B" name="SIEDU_INASISTE_EVENTO_UK">
<createdBy>Manuel</createdBy>
<createdTime>2016-06-03 03:39:46 UTC</createdTime>
<generatorID>Generado por el Usuario</generatorID>
<ownerDesignName>ERD_POLICIA</ownerDesignName>
<indexState>Unique Constraint</indexState>
<isSurrogateKey>false</isSurrogateKey>
<indexColumnUsage>
<colUsage columnID="8FC6C605-46DB-BCAD-295A-43A4FF42C473"/>
<colUsage columnID="8E0A3413-AB01-B476-BAC8-F3AC2C52ADB2"/>
</indexColumnUsage>
</ind_PK_UK>
<ind_PK_UK id="D4E7DDEA-E608-111B-54D1-B8949BAA7F6D" name="SIEDU_INASI_EVEN_PARTI_FK">
<createdBy>Manuel</createdBy>
<createdTime>2016-03-06 22:18:53 UTC</createdTime>
<generatorID>Generado por el Usuario</generatorID>
<ownerDesignName>ERD_POLICIA</ownerDesignName>
<indexState>Foreign Key</indexState>
<isSurrogateKey>false</isSurrogateKey>
<indexColumnUsage>
<colUsage columnID="8FC6C605-46DB-BCAD-295A-43A4FF42C473"/>
</indexColumnUsage>
</ind_PK_UK>
</indexes>
</Table>