<?xml version = '1.0' encoding = 'UTF-8'?>
<Table class="oracle.dbtools.crest.model.design.relational.Table" directorySegmentName="seg_0" id="4CBD3A8F-E4C4-98BA-F9CD-BEE59944EFA0" name="SIEDU_COBERTURA">
<createdBy>Manuel</createdBy>
<createdTime>2016-01-11 04:52:23 UTC</createdTime>
<commentInRDBMS>Tabla que indica las Unidades físicas y escuelas disponibles para la vigencia</commentInRDBMS>
<generatorID>Generado por el Usuario</generatorID>
<ownerDesignName>ERD_POLICIA</ownerDesignName>
<allowColumnReorder>false</allowColumnReorder>
<existDependencyGenerateInDDl>true</existDependencyGenerateInDDl>
<columns itemClass="oracle.dbtools.crest.model.design.relational.Column">
<Column name="cobe_cobe" id="36D829A2-1825-4DF6-1FE0-ACD19DC3F068">
<createdBy>Manuel</createdBy>
<createdTime>2016-01-24 16:20:37 UTC</createdTime>
<commentInRDBMS>Secuencial identificador único del registro de cobertura</commentInRDBMS>
<generatorID>Generado por el Usuario</generatorID>
<ownerDesignName>ERD_POLICIA</ownerDesignName>
<useDomainConstraints>false</useDomainConstraints>
<use>1</use>
<logicalDatatype>LOGDT019</logicalDatatype>
<dataTypePrecision>8</dataTypePrecision>
<autoIncrementCycle>false</autoIncrementCycle>
</Column>
<Column name="cobe_pae" id="937D9383-E525-CCD8-61B0-2C5AC4A332A6">
<createdBy>Manuel</createdBy>
<createdTime>2016-05-06 22:55:48 UTC</createdTime>
<commentInRDBMS>Secuencial identificador del PAE alque corresponde el registro de cobertura.</commentInRDBMS>
<generatorID>Generado por el Usuario</generatorID>
<ownerDesignName>ERD_POLICIA</ownerDesignName>
<useDomainConstraints>false</useDomainConstraints>
<use>1</use>
<logicalDatatype>LOGDT019</logicalDatatype>
<dataTypePrecision>6</dataTypePrecision>
<delegate>D4EB1715-0A09-BFB9-BFBC-D7849F8F6054</delegate>
<previousColumn>false</previousColumn>
<autoIncrementCycle>false</autoIncrementCycle>
<associations>
<colAssociation fkAssociation="7E7EAFD3-DF0F-F34B-3B5F-662BAA09BF65" referredColumn="D4EB1715-0A09-BFB9-BFBC-D7849F8F6054"/>
</associations>
</Column>
<Column name="cobe_ude_fuerza_ufisi" id="DFAEFB96-19D9-EAFF-4B03-1F44650DCE27">
<createdBy>itc</createdBy>
<createdTime>2016-04-08 17:52:45 UTC</createdTime>
<commentInRDBMS>identificador de Fuerza para la  Unidad Física</commentInRDBMS>
<generatorID>Generado por el Usuario</generatorID>
<ownerDesignName>ERD_POLICIA</ownerDesignName>
<useDomainConstraints>false</useDomainConstraints>
<use>1</use>
<logicalDatatype>LOGDT019</logicalDatatype>
<dataTypePrecision>1</dataTypePrecision>
<delegate>B764DAD6-1855-4EAD-8A37-FCAD767947B5</delegate>
<previousColumn>false</previousColumn>
<autoIncrementCycle>false</autoIncrementCycle>
<associations>
<colAssociation fkAssociation="5010740E-04AE-3E09-0BD4-A6DC7C7F7A94" referredColumn="B764DAD6-1855-4EAD-8A37-FCAD767947B5"/>
</associations>
</Column>
<Column name="cobe_ude_ufisi" id="E27B2DD3-69DB-503D-D391-BD8AF95B9B91">
<createdBy>Manuel</createdBy>
<createdTime>2016-01-11 04:57:45 UTC</createdTime>
<commentInRDBMS>Identificador de la Unidad Física</commentInRDBMS>
<generatorID>Generado por el Usuario</generatorID>
<ownerDesignName>ERD_POLICIA</ownerDesignName>
<useDomainConstraints>false</useDomainConstraints>
<use>1</use>
<logicalDatatype>LOGDT019</logicalDatatype>
<delegate>F6F05773-92EE-8132-AD3D-C0BD5E5218D8</delegate>
<autoIncrementCycle>false</autoIncrementCycle>
<associations>
<colAssociation fkAssociation="5010740E-04AE-3E09-0BD4-A6DC7C7F7A94" referredColumn="F6F05773-92EE-8132-AD3D-C0BD5E5218D8"/>
</associations>
</Column>
<Column name="cobe_dom_estra" id="968D3250-82CF-8182-F0F4-2DB5EA6D3188">
<createdBy>Manuel</createdBy>
<createdTime>2016-01-11 04:56:00 UTC</createdTime>
<comment>Estrategia ( Dominio ESTRATEGIA)</comment>
<commentInRDBMS>Estrategia ( Dominio ESTRATEGIA)</commentInRDBMS>
<generatorID>Generado por el Usuario</generatorID>
<ownerDesignName>ERD_POLICIA</ownerDesignName>
<useDomainConstraints>false</useDomainConstraints>
<use>1</use>
<logicalDatatype>LOGDT019</logicalDatatype>
<dataTypePrecision>4</dataTypePrecision>
<autoIncrementCycle>false</autoIncrementCycle>
</Column>
<Column name="cobe_ude_fuerza_escu" id="C40A542E-C2E2-4EBE-93D4-5F8A6760EDFF">
<createdBy>Manuel</createdBy>
<createdTime>2016-01-11 04:53:51 UTC</createdTime>
<commentInRDBMS>Identificador de Fuerza para la Escuela</commentInRDBMS>
<generatorID>Generado por el Usuario</generatorID>
<ownerDesignName>ERD_POLICIA</ownerDesignName>
<useDomainConstraints>false</useDomainConstraints>
<use>1</use>
<logicalDatatype>LOGDT019</logicalDatatype>
<dataTypePrecision>1</dataTypePrecision>
<delegate>B764DAD6-1855-4EAD-8A37-FCAD767947B5</delegate>
<previousColumn>false</previousColumn>
<autoIncrementCycle>false</autoIncrementCycle>
<associations>
<colAssociation fkAssociation="D006D57C-891D-E4BC-DE87-41FF6DEB560E" referredColumn="B764DAD6-1855-4EAD-8A37-FCAD767947B5"/>
</associations>
</Column>
<Column name="cobe_ude_escu" id="F25128E0-DFFA-E182-F36D-2972409FBEFC">
<createdBy>Manuel</createdBy>
<createdTime>2016-01-11 04:53:51 UTC</createdTime>
<commentInRDBMS>Identificador de Escuela</commentInRDBMS>
<generatorID>Generado por el Usuario</generatorID>
<ownerDesignName>ERD_POLICIA</ownerDesignName>
<useDomainConstraints>false</useDomainConstraints>
<use>1</use>
<logicalDatatype>LOGDT019</logicalDatatype>
<delegate>F6F05773-92EE-8132-AD3D-C0BD5E5218D8</delegate>
<previousColumn>false</previousColumn>
<autoIncrementCycle>false</autoIncrementCycle>
<associations>
<colAssociation fkAssociation="D006D57C-891D-E4BC-DE87-41FF6DEB560E" referredColumn="F6F05773-92EE-8132-AD3D-C0BD5E5218D8"/>
</associations>
</Column>
</columns>
<indexes itemClass="oracle.dbtools.crest.model.design.relational.Index">
<ind_PK_UK id="6C4E81EE-EFBA-1359-5D19-779CEA7B5D6E" name="SIEDU_COBERTURA_PK">
<createdBy>Manuel</createdBy>
<createdTime>2016-01-11 05:03:47 UTC</createdTime>
<generatorID>Generado por el Usuario</generatorID>
<ownerDesignName>ERD_POLICIA</ownerDesignName>
<pk>true</pk>
<indexState>Primary Constraint</indexState>
<isSurrogateKey>false</isSurrogateKey>
<indexColumnUsage>
<colUsage columnID="36D829A2-1825-4DF6-1FE0-ACD19DC3F068"/>
</indexColumnUsage>
</ind_PK_UK>
<ind_PK_UK id="F86F5387-FF83-E4A8-DB73-61DF35082F63" name="SIEDU_COBERTURA_UK">
<createdBy>Manuel</createdBy>
<createdTime>2016-05-06 22:58:47 UTC</createdTime>
<generatorID>Generado por el Usuario</generatorID>
<ownerDesignName>ERD_POLICIA</ownerDesignName>
<indexState>Unique Constraint</indexState>
<isSurrogateKey>false</isSurrogateKey>
<indexColumnUsage>
<colUsage columnID="937D9383-E525-CCD8-61B0-2C5AC4A332A6"/>
<colUsage columnID="E27B2DD3-69DB-503D-D391-BD8AF95B9B91"/>
<colUsage columnID="DFAEFB96-19D9-EAFF-4B03-1F44650DCE27"/>
<colUsage columnID="968D3250-82CF-8182-F0F4-2DB5EA6D3188"/>
</indexColumnUsage>
</ind_PK_UK>
<ind_PK_UK id="2301C34D-734E-758E-47A7-069A63D1AB4C" name="SIEDU_COBER_UDE_ESCU_FK">
<createdBy>Manuel</createdBy>
<createdTime>2016-01-11 04:53:51 UTC</createdTime>
<generatorID>Generado por el Usuario</generatorID>
<ownerDesignName>ERD_POLICIA</ownerDesignName>
<indexState>Foreign Key</indexState>
<isSurrogateKey>false</isSurrogateKey>
<indexColumnUsage>
<colUsage columnID="C40A542E-C2E2-4EBE-93D4-5F8A6760EDFF"/>
<colUsage columnID="F25128E0-DFFA-E182-F36D-2972409FBEFC"/>
</indexColumnUsage>
</ind_PK_UK>
<ind_PK_UK id="79838EA9-561D-86C5-9A7A-C65552805724" name="SIEDU_COBER_UDE_UFISI_FK">
<createdBy>itc</createdBy>
<createdTime>2016-04-08 17:52:45 UTC</createdTime>
<generatorID>Generado por el Usuario</generatorID>
<ownerDesignName>ERD_POLICIA</ownerDesignName>
<indexState>Foreign Key</indexState>
<isSurrogateKey>false</isSurrogateKey>
<indexColumnUsage>
<colUsage columnID="DFAEFB96-19D9-EAFF-4B03-1F44650DCE27"/>
<colUsage columnID="E27B2DD3-69DB-503D-D391-BD8AF95B9B91"/>
</indexColumnUsage>
</ind_PK_UK>
<ind_PK_UK id="D1477864-75FF-B6FB-B8DD-4B6565E80A3B" name="SIEDU_COBERTURA_PAE_FK">
<createdBy>Manuel</createdBy>
<createdTime>2016-05-06 22:55:48 UTC</createdTime>
<generatorID>Generado por el Usuario</generatorID>
<ownerDesignName>ERD_POLICIA</ownerDesignName>
<indexState>Foreign Key</indexState>
<isSurrogateKey>false</isSurrogateKey>
<indexColumnUsage>
<colUsage columnID="937D9383-E525-CCD8-61B0-2C5AC4A332A6"/>
</indexColumnUsage>
</ind_PK_UK>
</indexes>
</Table>