<?xml version = '1.0' encoding = 'UTF-8'?>
<Table class="oracle.dbtools.crest.model.design.relational.Table" directorySegmentName="seg_0" id="4D0C46F9-39D9-B036-8A2E-7D9C5FC4B1B6" name="SIEDU_EVALUACION">
<createdBy>itc</createdBy>
<createdTime>2016-03-10 11:10:45 UTC</createdTime>
<commentInRDBMS>Tabla de Evaluaciones en Vigencia - PAE</commentInRDBMS>
<generatorID>Generado por el Usuario</generatorID>
<ownerDesignName>ERD_POLICIA</ownerDesignName>
<allowColumnReorder>false</allowColumnReorder>
<existDependencyGenerateInDDl>true</existDependencyGenerateInDDl>
<columns itemClass="oracle.dbtools.crest.model.design.relational.Column">
<Column name="eval_eval" id="9D763F7B-4B52-9A07-B911-C5A719B46D6C">
<createdBy>itc</createdBy>
<createdTime>2016-03-10 11:11:27 UTC</createdTime>
<commentInRDBMS>Secuencial identificador único del registro de Evaluación</commentInRDBMS>
<generatorID>Generado por el Usuario</generatorID>
<ownerDesignName>ERD_POLICIA</ownerDesignName>
<useDomainConstraints>false</useDomainConstraints>
<use>1</use>
<logicalDatatype>LOGDT019</logicalDatatype>
<dataTypePrecision>8</dataTypePrecision>
<autoIncrementCycle>false</autoIncrementCycle>
</Column>
<Column name="eval_pae" id="D71AB357-3969-BEC1-1BDD-E9DAC2C2D4E9">
<createdBy>itc</createdBy>
<createdTime>2016-03-10 11:42:25 UTC</createdTime>
<commentInRDBMS>Identificador del PAE</commentInRDBMS>
<generatorID>Generado por el Usuario</generatorID>
<ownerDesignName>ERD_POLICIA</ownerDesignName>
<useDomainConstraints>false</useDomainConstraints>
<use>1</use>
<logicalDatatype>LOGDT019</logicalDatatype>
<dataTypePrecision>6</dataTypePrecision>
<delegate>D4EB1715-0A09-BFB9-BFBC-D7849F8F6054</delegate>
<previousColumn>false</previousColumn>
<autoIncrementCycle>false</autoIncrementCycle>
<associations>
<colAssociation fkAssociation="DBAF0BD1-E617-9294-692B-18C99420D684" referredColumn="D4EB1715-0A09-BFB9-BFBC-D7849F8F6054"/>
</associations>
</Column>
<Column name="eval_descri" id="811A10CF-F190-2BC2-2ED6-C8C36D94C5E7">
<createdBy>itc</createdBy>
<createdTime>2016-03-10 11:34:50 UTC</createdTime>
<commentInRDBMS>Descripción de la Evaluación</commentInRDBMS>
<generatorID>Generado por el Usuario</generatorID>
<ownerDesignName>ERD_POLICIA</ownerDesignName>
<useDomainConstraints>false</useDomainConstraints>
<use>1</use>
<logicalDatatype>LOGDT024</logicalDatatype>
<dataTypeSize>100</dataTypeSize>
<autoIncrementCycle>false</autoIncrementCycle>
</Column>
<Column name="eval_even" id="BC0CCB66-357F-7666-B69F-EF14DEDF2452">
<createdBy>itc</createdBy>
<createdTime>2016-03-10 11:22:18 UTC</createdTime>
<commentInRDBMS>Identificador del Evento</commentInRDBMS>
<generatorID>Generado por el Usuario</generatorID>
<ownerDesignName>ERD_POLICIA</ownerDesignName>
<useDomainConstraints>false</useDomainConstraints>
<use>1</use>
<logicalDatatype>LOGDT019</logicalDatatype>
<dataTypePrecision>8</dataTypePrecision>
<delegate>754CEE57-AD0A-3328-130A-FAA3A5EB8966</delegate>
<previousColumn>false</previousColumn>
<autoIncrementCycle>false</autoIncrementCycle>
<associations>
<colAssociation fkAssociation="0AE4A390-891B-FEB6-6AD6-686E3714826B" referredColumn="754CEE57-AD0A-3328-130A-FAA3A5EB8966"/>
</associations>
</Column>
<Column name="eval_dom_proce" id="67CD512A-5AB6-DFA2-A13A-2C77D3BE889C">
<createdBy>itc</createdBy>
<createdTime>2016-03-10 11:23:48 UTC</createdTime>
<commentInRDBMS>Proceso ( DOMINIO PROCESO )</commentInRDBMS>
<generatorID>Generado por el Usuario</generatorID>
<ownerDesignName>ERD_POLICIA</ownerDesignName>
<useDomainConstraints>false</useDomainConstraints>
<use>1</use>
<logicalDatatype>LOGDT019</logicalDatatype>
<dataTypePrecision>4</dataTypePrecision>
<autoIncrementCycle>false</autoIncrementCycle>
</Column>
<Column name="eval_dom_modal" id="8234C4F8-F7B9-CD91-B178-1CEF8E2523E7">
<createdBy>itc</createdBy>
<createdTime>2016-03-10 11:24:34 UTC</createdTime>
<commentInRDBMS>Modalidad ( DOMINIO METODOLOGIA )</commentInRDBMS>
<generatorID>Generado por el Usuario</generatorID>
<ownerDesignName>ERD_POLICIA</ownerDesignName>
<useDomainConstraints>false</useDomainConstraints>
<use>1</use>
<logicalDatatype>LOGDT019</logicalDatatype>
<dataTypePrecision>4</dataTypePrecision>
<autoIncrementCycle>false</autoIncrementCycle>
</Column>
<Column name="eval_nro_preg" id="D4463195-FD62-3875-7888-EAAD53F2A3DE">
<createdBy>itc</createdBy>
<createdTime>2016-03-10 11:35:52 UTC</createdTime>
<commentInRDBMS>Número de Preguntas que componen la Evaluación. </commentInRDBMS>
<generatorID>Generado por el Usuario</generatorID>
<ownerDesignName>ERD_POLICIA</ownerDesignName>
<useDomainConstraints>false</useDomainConstraints>
<use>1</use>
<logicalDatatype>LOGDT019</logicalDatatype>
<dataTypePrecision>2</dataTypePrecision>
<autoIncrementCycle>false</autoIncrementCycle>
</Column>
<Column name="eval_fecha" id="3B882249-81C7-F890-E15F-7E6FF2BB63B3">
<createdBy>itc</createdBy>
<createdTime>2016-03-10 11:44:31 UTC</createdTime>
<commentInRDBMS>Fecha de la versión de la Evaluación</commentInRDBMS>
<generatorID>Generado por el Usuario</generatorID>
<ownerDesignName>ERD_POLICIA</ownerDesignName>
<useDomainConstraints>false</useDomainConstraints>
<use>1</use>
<logicalDatatype>LOGDT007</logicalDatatype>
<autoIncrementCycle>false</autoIncrementCycle>
</Column>
<Column name="eval_estado" id="F6C7FB60-C918-2033-B41C-AF6D1ED9F21D">
<createdBy>itc</createdBy>
<createdTime>2016-03-10 11:45:26 UTC</createdTime>
<commentInRDBMS>Estado de la Evaluación P-Pendiente, A-Activa, I-Inactiva</commentInRDBMS>
<generatorID>Generado por el Usuario</generatorID>
<ownerDesignName>ERD_POLICIA</ownerDesignName>
<useDomainConstraints>false</useDomainConstraints>
<use>1</use>
<logicalDatatype>LOGDT024</logicalDatatype>
<dataTypeSize>1</dataTypeSize>
<autoIncrementCycle>false</autoIncrementCycle>
</Column>
<Column name="eval_aplicada" id="5DBF6A27-D5C7-D646-8D25-390FCDD49A05">
<createdBy>Manuel</createdBy>
<createdTime>2016-04-14 04:41:31 UTC</createdTime>
<commentInRDBMS>Indica si para la Evaluación ya hay o ha habido participantes.</commentInRDBMS>
<generatorID>Generado por el Usuario</generatorID>
<ownerDesignName>ERD_POLICIA</ownerDesignName>
<useDomainConstraints>false</useDomainConstraints>
<use>1</use>
<logicalDatatype>LOGDT024</logicalDatatype>
<dataTypeSize>1</dataTypeSize>
<autoIncrementCycle>false</autoIncrementCycle>
</Column>
</columns>
<indexes itemClass="oracle.dbtools.crest.model.design.relational.Index">
<ind_PK_UK id="2CA4867E-FFC8-4B2B-9132-96F753445C98" name="SIEDU_EVALUACION_PK">
<createdBy>itc</createdBy>
<createdTime>2016-03-10 11:11:27 UTC</createdTime>
<generatorID>Generado por el Usuario</generatorID>
<ownerDesignName>ERD_POLICIA</ownerDesignName>
<pk>true</pk>
<indexState>Primary Constraint</indexState>
<isSurrogateKey>false</isSurrogateKey>
<indexColumnUsage>
<colUsage columnID="9D763F7B-4B52-9A07-B911-C5A719B46D6C"/>
</indexColumnUsage>
</ind_PK_UK>
<ind_PK_UK id="138BBD27-169E-FF80-DCA0-7A5A8BABB7DB" name="SIEDU_EVALUACION_EVEN_UK">
<createdBy>Manuel</createdBy>
<createdTime>2016-06-12 17:54:53 UTC</createdTime>
<generatorID>Generado por el Usuario</generatorID>
<ownerDesignName>ERD_POLICIA</ownerDesignName>
<indexState>Unique Constraint</indexState>
<isSurrogateKey>false</isSurrogateKey>
<indexColumnUsage>
<colUsage columnID="BC0CCB66-357F-7666-B69F-EF14DEDF2452"/>
<colUsage columnID="F6C7FB60-C918-2033-B41C-AF6D1ED9F21D"/>
</indexColumnUsage>
</ind_PK_UK>
<ind_PK_UK id="99F9B9D1-70BB-20AF-56BF-7E24D48AD662" name="SIEDU_EVALUACION_EVENTO_FK">
<createdBy>itc</createdBy>
<createdTime>2016-03-10 11:22:18 UTC</createdTime>
<generatorID>Generado por el Usuario</generatorID>
<ownerDesignName>ERD_POLICIA</ownerDesignName>
<indexState>Foreign Key</indexState>
<isSurrogateKey>false</isSurrogateKey>
<indexColumnUsage>
<colUsage columnID="BC0CCB66-357F-7666-B69F-EF14DEDF2452"/>
</indexColumnUsage>
</ind_PK_UK>
<ind_PK_UK id="BC0E5A09-E410-3B15-F5DC-EEEFA89FEADD" name="SIEDU_EVALUACION_PAE_FK">
<createdBy>itc</createdBy>
<createdTime>2016-03-10 11:42:25 UTC</createdTime>
<generatorID>Generado por el Usuario</generatorID>
<ownerDesignName>ERD_POLICIA</ownerDesignName>
<indexState>Foreign Key</indexState>
<isSurrogateKey>false</isSurrogateKey>
<indexColumnUsage>
<colUsage columnID="D71AB357-3969-BEC1-1BDD-E9DAC2C2D4E9"/>
</indexColumnUsage>
</ind_PK_UK>
</indexes>
<tableCheckConstraints itemClass="oracle.dbtools.crest.model.design.constraint.TableLevelConstraint">
<tableCheckConstraint name="SIEDU_EVALUACION_ESTADO_CK" directorySegmentName="seg_2" id="99863A98-454B-F31C-FD41-01CAD20FAF15">
<createdBy>itc</createdBy>
<createdTime>2016-03-10 11:46:22 UTC</createdTime>
<generatorID>Generado por el Usuario</generatorID>
<ownerDesignName>ERD_POLICIA</ownerDesignName>
<rule>eval_estado in ( &apos;P&apos;, &apos;A&apos;, &apos;I&apos; )</rule>
</tableCheckConstraint>
<tableCheckConstraint name="SIEDU_EVALUACION_ACTIVADA_CK" directorySegmentName="seg_2" id="29147D62-DA9B-F8C1-A421-3CC97A513E0D">
<createdBy>Manuel</createdBy>
<createdTime>2016-04-14 04:43:06 UTC</createdTime>
<generatorID>Generado por el Usuario</generatorID>
<ownerDesignName>ERD_POLICIA</ownerDesignName>
<rule>eval_activada in (&apos;S&apos;, &apos;N&apos;)</rule>
</tableCheckConstraint>
</tableCheckConstraints>
</Table>