<?xml version = '1.0' encoding = 'UTF-8'?>
<Table class="oracle.dbtools.crest.model.design.relational.Table" directorySegmentName="seg_0" id="4E9743B4-001F-0AA5-9691-66A0BDBD1F94" name="SIEDU_CONVOCATORIA_EVENTO">
<createdBy>Manuel</createdBy>
<createdTime>2016-03-04 04:19:08 UTC</createdTime>
<commentInRDBMS>Tabla de Convocatorias por Evento</commentInRDBMS>
<generatorID>Generado por el Usuario</generatorID>
<ownerDesignName>ERD_POLICIA</ownerDesignName>
<allowColumnReorder>false</allowColumnReorder>
<existDependencyGenerateInDDl>true</existDependencyGenerateInDDl>
<columns itemClass="oracle.dbtools.crest.model.design.relational.Column">
<Column name="cone_cone" id="98B21C7F-6CB4-AFEA-17BC-9DD25048CAB5">
<createdBy>Manuel</createdBy>
<createdTime>2016-03-04 04:20:08 UTC</createdTime>
<comment>Identificador secuencial del registro de Convocatoria Evento</comment>
<generatorID>Generado por el Usuario</generatorID>
<ownerDesignName>ERD_POLICIA</ownerDesignName>
<useDomainConstraints>false</useDomainConstraints>
<use>1</use>
<logicalDatatype>LOGDT019</logicalDatatype>
<dataTypePrecision>6</dataTypePrecision>
<autoIncrementCycle>false</autoIncrementCycle>
</Column>
<Column name="cone_evee" id="958D981E-E80A-B813-E4D2-723B6D5E809B">
<createdBy>Manuel</createdBy>
<createdTime>2016-03-04 04:31:56 UTC</createdTime>
<commentInRDBMS>Secuencial identificador del Evento Escuela</commentInRDBMS>
<generatorID>Generado por el Usuario</generatorID>
<ownerDesignName>ERD_POLICIA</ownerDesignName>
<useDomainConstraints>false</useDomainConstraints>
<use>1</use>
<logicalDatatype>LOGDT019</logicalDatatype>
<dataTypePrecision>6</dataTypePrecision>
<delegate>98B51B8C-8599-502F-63A9-A41AD463BB12</delegate>
<previousColumn>false</previousColumn>
<autoIncrementCycle>false</autoIncrementCycle>
<associations>
<colAssociation fkAssociation="BD6547FE-D3B2-7877-7C69-C61CD7A2104F" referredColumn="98B51B8C-8599-502F-63A9-A41AD463BB12"/>
</associations>
</Column>
<Column name="cone_ude_fuerza" id="86383DA1-A567-23D4-461B-665032912493">
<createdBy>Manuel</createdBy>
<createdTime>2016-03-04 04:22:44 UTC</createdTime>
<commentInRDBMS>Identificador de la Fuerza</commentInRDBMS>
<generatorID>Generado por el Usuario</generatorID>
<ownerDesignName>ERD_POLICIA</ownerDesignName>
<useDomainConstraints>false</useDomainConstraints>
<use>1</use>
<logicalDatatype>LOGDT019</logicalDatatype>
<dataTypePrecision>1</dataTypePrecision>
<delegate>B764DAD6-1855-4EAD-8A37-FCAD767947B5</delegate>
<previousColumn>false</previousColumn>
<autoIncrementCycle>false</autoIncrementCycle>
<associations>
<colAssociation fkAssociation="FD4CF42D-40AB-3D75-55AE-FBCECBF597BB" referredColumn="B764DAD6-1855-4EAD-8A37-FCAD767947B5"/>
</associations>
</Column>
<Column name="cone_ude_udepe" id="F5EF3FA4-EAB8-73C1-D56B-84BE591674F3">
<createdBy>Manuel</createdBy>
<createdTime>2016-03-04 04:22:44 UTC</createdTime>
<commentInRDBMS>Identificador de Unidad Dependencia</commentInRDBMS>
<generatorID>Generado por el Usuario</generatorID>
<ownerDesignName>ERD_POLICIA</ownerDesignName>
<useDomainConstraints>false</useDomainConstraints>
<use>1</use>
<logicalDatatype>LOGDT019</logicalDatatype>
<delegate>F6F05773-92EE-8132-AD3D-C0BD5E5218D8</delegate>
<previousColumn>false</previousColumn>
<autoIncrementCycle>false</autoIncrementCycle>
<associations>
<colAssociation fkAssociation="FD4CF42D-40AB-3D75-55AE-FBCECBF597BB" referredColumn="F6F05773-92EE-8132-AD3D-C0BD5E5218D8"/>
</associations>
</Column>
<Column name="cone_dom_tpcomu" id="01ADF741-12F7-7502-C83E-2CDF3D93C6AF">
<createdBy>Manuel</createdBy>
<createdTime>2016-03-04 04:27:10 UTC</createdTime>
<commentInRDBMS>Id del Tipo de Comunicación ( DOMINIO TIPO_COMUNICACION)</commentInRDBMS>
<generatorID>Generado por el Usuario</generatorID>
<ownerDesignName>ERD_POLICIA</ownerDesignName>
<nullsAllowed>true</nullsAllowed>
<useDomainConstraints>false</useDomainConstraints>
<use>1</use>
<logicalDatatype>LOGDT019</logicalDatatype>
<dataTypePrecision>4</dataTypePrecision>
<autoIncrementCycle>false</autoIncrementCycle>
</Column>
<Column name="cone_nro_comu" id="6E67484C-00D9-DD67-F34F-A71F3FA21B42">
<createdBy>Manuel</createdBy>
<createdTime>2016-03-04 04:28:18 UTC</createdTime>
<commentInRDBMS>Número de Comunicación</commentInRDBMS>
<generatorID>Generado por el Usuario</generatorID>
<ownerDesignName>ERD_POLICIA</ownerDesignName>
<nullsAllowed>true</nullsAllowed>
<useDomainConstraints>false</useDomainConstraints>
<use>1</use>
<logicalDatatype>LOGDT024</logicalDatatype>
<dataTypeSize>20</dataTypeSize>
<autoIncrementCycle>false</autoIncrementCycle>
</Column>
<Column name="cone_nro_convocados" id="241803B0-C6FE-7AD0-16C2-20C473C9919A">
<createdBy>Manuel</createdBy>
<createdTime>2016-03-04 04:29:19 UTC</createdTime>
<commentInRDBMS>Número de Convocados al Evento</commentInRDBMS>
<generatorID>Generado por el Usuario</generatorID>
<ownerDesignName>ERD_POLICIA</ownerDesignName>
<nullsAllowed>true</nullsAllowed>
<useDomainConstraints>false</useDomainConstraints>
<use>1</use>
<logicalDatatype>LOGDT019</logicalDatatype>
<dataTypePrecision>6</dataTypePrecision>
<autoIncrementCycle>false</autoIncrementCycle>
</Column>
<Column name="cone_nro_presentados" id="6D2022A7-6134-BDD7-8642-02BFFA33FA5E">
<createdBy>Manuel</createdBy>
<createdTime>2016-03-04 04:30:34 UTC</createdTime>
<commentInRDBMS>Número de Presentados.  Calculado.</commentInRDBMS>
<generatorID>Generado por el Usuario</generatorID>
<ownerDesignName>ERD_POLICIA</ownerDesignName>
<nullsAllowed>true</nullsAllowed>
<useDomainConstraints>false</useDomainConstraints>
<use>1</use>
<logicalDatatype>LOGDT019</logicalDatatype>
<dataTypePrecision>6</dataTypePrecision>
<autoIncrementCycle>false</autoIncrementCycle>
</Column>
</columns>
<indexes itemClass="oracle.dbtools.crest.model.design.relational.Index">
<ind_PK_UK id="DC71547D-3608-BB38-4B36-4E8BE7B60296" name="SIEDU_CONVOCATORIA_EVENTO_V2_PK">
<createdBy>Manuel</createdBy>
<createdTime>2016-03-04 04:20:08 UTC</createdTime>
<generatorID>Generado por el Usuario</generatorID>
<ownerDesignName>ERD_POLICIA</ownerDesignName>
<pk>true</pk>
<indexState>Primary Constraint</indexState>
<isSurrogateKey>false</isSurrogateKey>
<indexColumnUsage>
<colUsage columnID="98B21C7F-6CB4-AFEA-17BC-9DD25048CAB5"/>
</indexColumnUsage>
</ind_PK_UK>
<ind_PK_UK id="C04461A0-E4AA-368C-B4A1-EC0D080A9FDB" name="SIEDU_CONVOC_EVENTO_UDEPE_FK">
<createdBy>Manuel</createdBy>
<createdTime>2016-03-04 04:22:44 UTC</createdTime>
<generatorID>Generado por el Usuario</generatorID>
<ownerDesignName>ERD_POLICIA</ownerDesignName>
<indexState>Foreign Key</indexState>
<isSurrogateKey>false</isSurrogateKey>
<indexColumnUsage>
<colUsage columnID="86383DA1-A567-23D4-461B-665032912493"/>
<colUsage columnID="F5EF3FA4-EAB8-73C1-D56B-84BE591674F3"/>
</indexColumnUsage>
</ind_PK_UK>
<ind_PK_UK id="E8E8C179-F8AC-4460-08F5-E81EAD436DA1" name="SIEDU_CONVO_EVENTO_ESCUELA_FK">
<createdBy>Manuel</createdBy>
<createdTime>2016-03-04 04:31:56 UTC</createdTime>
<generatorID>Generado por el Usuario</generatorID>
<ownerDesignName>ERD_POLICIA</ownerDesignName>
<indexState>Foreign Key</indexState>
<isSurrogateKey>false</isSurrogateKey>
<indexColumnUsage>
<colUsage columnID="958D981E-E80A-B813-E4D2-723B6D5E809B"/>
</indexColumnUsage>
</ind_PK_UK>
</indexes>
</Table>