<?xml version = '1.0' encoding = 'UTF-8'?>
<Table class="oracle.dbtools.crest.model.design.relational.Table" directorySegmentName="seg_0" id="4EFF49C3-62FB-B352-3C31-506A5DEC1C99" name="PROGRAMAS_ACADEMICO">
<sourceConnName>POLICIA</sourceConnName>
<sourceObjSchema>USR_EDUC</sourceObjSchema>
<sourceObjName>PROGRAMAS_ACADEMICO</sourceObjName>
<createdBy>Manuel</createdBy>
<createdTime>2016-01-11 03:03:31 UTC</createdTime>
<generatorID>Generado por el Usuario</generatorID>
<ownerDesignName>ERD_POLICIA</ownerDesignName>
<importedID>40A61174-8B57-5F54-1A86-CD8775B9D637</importedID>
<schemaObject>07BEDC8C-B2C6-5B3A-9A42-997570BDB1E9</schemaObject>
<allowColumnReorder>false</allowColumnReorder>
<existDependencyGenerateInDDl>true</existDependencyGenerateInDDl>
<columns itemClass="oracle.dbtools.crest.model.design.relational.Column">
<Column name="ID_PROGRAMACA" id="AFBB2123-A47D-FB38-676A-4C2997F54F61">
<sourceConnName>POLICIA</sourceConnName>
<sourceObjSchema>PROGRAMAS_ACADEMICO</sourceObjSchema>
<sourceObjName>ID_PROGRAMACA</sourceObjName>
<createdBy>Manuel</createdBy>
<createdTime>2016-01-11 03:03:31 UTC</createdTime>
<commentInRDBMS>Consecutivo programa academico</commentInRDBMS>
<generatorID>Generado por el Usuario</generatorID>
<ownerDesignName>ERD_POLICIA</ownerDesignName>
<importedID>A4DB2483-7791-CA48-ED08-530CB86ECEBB</importedID>
<useDomainConstraints>false</useDomainConstraints>
<use>1</use>
<logicalDatatype>LOGDT019</logicalDatatype>
<autoIncrementCycle>false</autoIncrementCycle>
</Column>
<Column name="TIPO_NORMA" id="583AFF46-0762-B4EE-93E8-94AC0A2A3F29">
<sourceConnName>POLICIA</sourceConnName>
<sourceObjSchema>PROGRAMAS_ACADEMICO</sourceObjSchema>
<sourceObjName>TIPO_NORMA</sourceObjName>
<createdBy>Manuel</createdBy>
<createdTime>2016-01-11 03:03:31 UTC</createdTime>
<commentInRDBMS>Tipo norma que determina el programa</commentInRDBMS>
<generatorID>Generado por el Usuario</generatorID>
<ownerDesignName>ERD_POLICIA</ownerDesignName>
<importedID>983B552D-F027-61C7-7C6D-BCEF8CFDD393</importedID>
<useDomainConstraints>false</useDomainConstraints>
<use>1</use>
<logicalDatatype>LOGDT025</logicalDatatype>
<dataTypeSize>2 BYTE</dataTypeSize>
<autoIncrementCycle>false</autoIncrementCycle>
</Column>
<Column name="ACREDITADO" id="E17B1BD7-E297-470C-E57D-EC1790636B7B">
<sourceConnName>POLICIA</sourceConnName>
<sourceObjSchema>PROGRAMAS_ACADEMICO</sourceObjSchema>
<sourceObjName>ACREDITADO</sourceObjName>
<createdBy>Manuel</createdBy>
<createdTime>2016-01-11 03:03:31 UTC</createdTime>
<commentInRDBMS>Acreditado el programa si o no</commentInRDBMS>
<generatorID>Generado por el Usuario</generatorID>
<ownerDesignName>ERD_POLICIA</ownerDesignName>
<importedID>B7E56AEE-1740-67CD-3FEA-B9C52CCB03BF</importedID>
<useDomainConstraints>false</useDomainConstraints>
<use>1</use>
<logicalDatatype>LOGDT025</logicalDatatype>
<dataTypeSize>2 BYTE</dataTypeSize>
<autoIncrementCycle>false</autoIncrementCycle>
</Column>
<Column name="AUTORIDAD_EXPIDE" id="425774D9-70AC-4039-E77C-9C05C0C0584D">
<sourceConnName>POLICIA</sourceConnName>
<sourceObjSchema>PROGRAMAS_ACADEMICO</sourceObjSchema>
<sourceObjName>AUTORIDAD_EXPIDE</sourceObjName>
<createdBy>Manuel</createdBy>
<createdTime>2016-01-11 03:03:31 UTC</createdTime>
<commentInRDBMS>Autoridad que otorga el permiso</commentInRDBMS>
<generatorID>Generado por el Usuario</generatorID>
<ownerDesignName>ERD_POLICIA</ownerDesignName>
<importedID>ABA26B4F-584E-912E-E1B9-6C008DE18795</importedID>
<useDomainConstraints>false</useDomainConstraints>
<use>1</use>
<logicalDatatype>LOGDT025</logicalDatatype>
<dataTypeSize>50 BYTE</dataTypeSize>
<autoIncrementCycle>false</autoIncrementCycle>
</Column>
<Column name="FECHA_REGISTROICFES" id="FE425A97-1C7D-827A-90C4-B9D35B537F5B">
<sourceConnName>POLICIA</sourceConnName>
<sourceObjSchema>PROGRAMAS_ACADEMICO</sourceObjSchema>
<sourceObjName>FECHA_REGISTROICFES</sourceObjName>
<createdBy>Manuel</createdBy>
<createdTime>2016-01-11 03:03:31 UTC</createdTime>
<commentInRDBMS>Fecha registro ante el Icfes</commentInRDBMS>
<generatorID>Generado por el Usuario</generatorID>
<ownerDesignName>ERD_POLICIA</ownerDesignName>
<importedID>30D59B77-F20E-65F2-E16C-78D07CC9457E</importedID>
<nullsAllowed>true</nullsAllowed>
<useDomainConstraints>false</useDomainConstraints>
<use>1</use>
<logicalDatatype>LOGDT007</logicalDatatype>
<dataTypeSize>7</dataTypeSize>
<autoIncrementCycle>false</autoIncrementCycle>
</Column>
<Column name="FECHA_NORMA" id="49BB8C7B-6EB6-72E4-74FD-8B1DB7FFBD15">
<sourceConnName>POLICIA</sourceConnName>
<sourceObjSchema>PROGRAMAS_ACADEMICO</sourceObjSchema>
<sourceObjName>FECHA_NORMA</sourceObjName>
<createdBy>Manuel</createdBy>
<createdTime>2016-01-11 03:03:31 UTC</createdTime>
<commentInRDBMS>Fecha norma del programa</commentInRDBMS>
<generatorID>Generado por el Usuario</generatorID>
<ownerDesignName>ERD_POLICIA</ownerDesignName>
<importedID>BA421F58-1E58-032C-A92A-D87EA8C572E0</importedID>
<nullsAllowed>true</nullsAllowed>
<useDomainConstraints>false</useDomainConstraints>
<use>1</use>
<logicalDatatype>LOGDT007</logicalDatatype>
<dataTypeSize>7</dataTypeSize>
<autoIncrementCycle>false</autoIncrementCycle>
</Column>
<Column name="ENFASIS_PROGRAMA" id="BA67BFD4-9971-FC7D-FBD4-9DC80C8F41FF">
<sourceConnName>POLICIA</sourceConnName>
<sourceObjSchema>PROGRAMAS_ACADEMICO</sourceObjSchema>
<sourceObjName>ENFASIS_PROGRAMA</sourceObjName>
<createdBy>Manuel</createdBy>
<createdTime>2016-01-11 03:03:31 UTC</createdTime>
<commentInRDBMS>Enfasis del programa general</commentInRDBMS>
<generatorID>Generado por el Usuario</generatorID>
<ownerDesignName>ERD_POLICIA</ownerDesignName>
<importedID>C39AB907-43A5-217F-0F1C-BDAE232A5FBF</importedID>
<nullsAllowed>true</nullsAllowed>
<useDomainConstraints>false</useDomainConstraints>
<use>1</use>
<logicalDatatype>LOGDT024</logicalDatatype>
<dataTypeSize>2000 BYTE</dataTypeSize>
<autoIncrementCycle>false</autoIncrementCycle>
</Column>
<Column name="ENFASIS_PROFESIONAL" id="38AC135B-F06A-E00C-318F-113B31303B30">
<sourceConnName>POLICIA</sourceConnName>
<sourceObjSchema>PROGRAMAS_ACADEMICO</sourceObjSchema>
<sourceObjName>ENFASIS_PROFESIONAL</sourceObjName>
<createdBy>Manuel</createdBy>
<createdTime>2016-01-11 03:03:31 UTC</createdTime>
<commentInRDBMS>Enfasis del programa profesional</commentInRDBMS>
<generatorID>Generado por el Usuario</generatorID>
<ownerDesignName>ERD_POLICIA</ownerDesignName>
<importedID>D6872428-6909-6F44-9D3A-C1F8BD3E0749</importedID>
<nullsAllowed>true</nullsAllowed>
<useDomainConstraints>false</useDomainConstraints>
<use>1</use>
<logicalDatatype>LOGDT024</logicalDatatype>
<dataTypeSize>2000 BYTE</dataTypeSize>
<autoIncrementCycle>false</autoIncrementCycle>
</Column>
<Column name="COD_REGISTROICFES" id="CDDA58D3-4F0E-914C-B399-DEFE4C387B54">
<sourceConnName>POLICIA</sourceConnName>
<sourceObjSchema>PROGRAMAS_ACADEMICO</sourceObjSchema>
<sourceObjName>COD_REGISTROICFES</sourceObjName>
<createdBy>Manuel</createdBy>
<createdTime>2016-01-11 03:03:31 UTC</createdTime>
<commentInRDBMS>Cod registro ante el Icfes</commentInRDBMS>
<generatorID>Generado por el Usuario</generatorID>
<ownerDesignName>ERD_POLICIA</ownerDesignName>
<importedID>E0D34938-67CA-0C78-C15C-709D099A6DDA</importedID>
<nullsAllowed>true</nullsAllowed>
<useDomainConstraints>false</useDomainConstraints>
<use>1</use>
<logicalDatatype>LOGDT024</logicalDatatype>
<dataTypeSize>22 BYTE</dataTypeSize>
<autoIncrementCycle>false</autoIncrementCycle>
</Column>
<Column name="ENFASIS_ALUMNO" id="5D69FAFC-09D9-211B-4080-A866FC675477">
<sourceConnName>POLICIA</sourceConnName>
<sourceObjSchema>PROGRAMAS_ACADEMICO</sourceObjSchema>
<sourceObjName>ENFASIS_ALUMNO</sourceObjName>
<createdBy>Manuel</createdBy>
<createdTime>2016-01-11 03:03:31 UTC</createdTime>
<commentInRDBMS>Enfasis del programa hacia el alumno</commentInRDBMS>
<generatorID>Generado por el Usuario</generatorID>
<ownerDesignName>ERD_POLICIA</ownerDesignName>
<importedID>34D489B8-436F-5D91-A01B-F46F9EE36BE5</importedID>
<nullsAllowed>true</nullsAllowed>
<useDomainConstraints>false</useDomainConstraints>
<use>1</use>
<logicalDatatype>LOGDT024</logicalDatatype>
<dataTypeSize>2000 BYTE</dataTypeSize>
<autoIncrementCycle>false</autoIncrementCycle>
</Column>
<Column name="NRO_NORMA" id="B3EA8F66-B59F-62AC-7CF8-272F672010B0">
<sourceConnName>POLICIA</sourceConnName>
<sourceObjSchema>PROGRAMAS_ACADEMICO</sourceObjSchema>
<sourceObjName>NRO_NORMA</sourceObjName>
<createdBy>Manuel</createdBy>
<createdTime>2016-01-11 03:03:31 UTC</createdTime>
<commentInRDBMS>Nro de norma que establece el programa</commentInRDBMS>
<generatorID>Generado por el Usuario</generatorID>
<ownerDesignName>ERD_POLICIA</ownerDesignName>
<importedID>C77C27CC-327F-BFE6-B4EB-5086A808160F</importedID>
<nullsAllowed>true</nullsAllowed>
<useDomainConstraints>false</useDomainConstraints>
<use>1</use>
<logicalDatatype>LOGDT024</logicalDatatype>
<dataTypeSize>10 BYTE</dataTypeSize>
<autoIncrementCycle>false</autoIncrementCycle>
</Column>
<Column name="FACU_ID_FACULTAD" id="598253EA-3B34-1BB6-07AB-022DC4741563">
<sourceConnName>POLICIA</sourceConnName>
<sourceObjSchema>PROGRAMAS_ACADEMICO</sourceObjSchema>
<sourceObjName>FACU_ID_FACULTAD</sourceObjName>
<createdBy>Manuel</createdBy>
<createdTime>2016-01-11 03:03:31 UTC</createdTime>
<commentInRDBMS>Consecutivo facultad</commentInRDBMS>
<generatorID>Generado por el Usuario</generatorID>
<ownerDesignName>ERD_POLICIA</ownerDesignName>
<importedID>0EDF0B32-F20A-83BE-020C-BF712BFFEC20</importedID>
<useDomainConstraints>false</useDomainConstraints>
<use>1</use>
<logicalDatatype>LOGDT019</logicalDatatype>
<dataTypePrecision>3</dataTypePrecision>
<autoIncrementCycle>false</autoIncrementCycle>
</Column>
<Column name="PRGR_ID_PROGRAMA" id="46B4BC81-5D99-DC13-C2F7-47AE9EC761AE">
<sourceConnName>POLICIA</sourceConnName>
<sourceObjSchema>PROGRAMAS_ACADEMICO</sourceObjSchema>
<sourceObjName>PRGR_ID_PROGRAMA</sourceObjName>
<createdBy>Manuel</createdBy>
<createdTime>2016-01-11 03:03:31 UTC</createdTime>
<commentInRDBMS>Consecutivo de programa</commentInRDBMS>
<generatorID>Generado por el Usuario</generatorID>
<ownerDesignName>ERD_POLICIA</ownerDesignName>
<importedID>CB7A9A21-46BE-F94B-7120-CEA9816A8959</importedID>
<useDomainConstraints>false</useDomainConstraints>
<use>1</use>
<logicalDatatype>LOGDT019</logicalDatatype>
<delegate>F342DF23-8CEF-C1AD-1C45-8E5C5E7AA1C5</delegate>
<autoIncrementCycle>false</autoIncrementCycle>
<associations>
<colAssociation fkAssociation="193C5165-C5CA-7697-6961-8E20D559D6E5" referredColumn="F342DF23-8CEF-C1AD-1C45-8E5C5E7AA1C5"/>
</associations>
</Column>
<Column name="NIAC_ID_NIVEL_ACADEMICO" id="17D0DF08-FE88-146E-AA16-DC4B2010AF7E">
<sourceConnName>POLICIA</sourceConnName>
<sourceObjSchema>PROGRAMAS_ACADEMICO</sourceObjSchema>
<sourceObjName>NIAC_ID_NIVEL_ACADEMICO</sourceObjName>
<createdBy>Manuel</createdBy>
<createdTime>2016-01-11 03:03:31 UTC</createdTime>
<commentInRDBMS>Secuencia, codigo asignado a un nivel academico</commentInRDBMS>
<generatorID>Generado por el Usuario</generatorID>
<ownerDesignName>ERD_POLICIA</ownerDesignName>
<importedID>4D33C655-5107-5808-774C-17AF46DB16B9</importedID>
<useDomainConstraints>false</useDomainConstraints>
<use>1</use>
<logicalDatatype>LOGDT019</logicalDatatype>
<delegate>101DF233-A49C-9EC7-CAAA-8093708F09B8</delegate>
<autoIncrementCycle>false</autoIncrementCycle>
<associations>
<colAssociation fkAssociation="508924EB-51C1-AB30-C2FC-C33608A3B05E" referredColumn="101DF233-A49C-9EC7-CAAA-8093708F09B8"/>
</associations>
</Column>
<Column name="CREADO_POR" id="6B1955EF-2D23-6776-5921-ADDC75C864FE">
<sourceConnName>POLICIA</sourceConnName>
<sourceObjSchema>PROGRAMAS_ACADEMICO</sourceObjSchema>
<sourceObjName>CREADO_POR</sourceObjName>
<createdBy>Manuel</createdBy>
<createdTime>2016-01-11 03:03:31 UTC</createdTime>
<commentInRDBMS>Creado por</commentInRDBMS>
<generatorID>Generado por el Usuario</generatorID>
<ownerDesignName>ERD_POLICIA</ownerDesignName>
<importedID>3027E3AB-7E05-B0BD-F2B6-B4B6FCA1B142</importedID>
<useDomainConstraints>false</useDomainConstraints>
<use>1</use>
<logicalDatatype>LOGDT024</logicalDatatype>
<dataTypeSize>30 BYTE</dataTypeSize>
<autoIncrementCycle>false</autoIncrementCycle>
</Column>
<Column name="FECHA_CREACION" id="2F58ECEC-4D6B-3C7C-9B59-902345D57A77">
<sourceConnName>POLICIA</sourceConnName>
<sourceObjSchema>PROGRAMAS_ACADEMICO</sourceObjSchema>
<sourceObjName>FECHA_CREACION</sourceObjName>
<createdBy>Manuel</createdBy>
<createdTime>2016-01-11 03:03:31 UTC</createdTime>
<commentInRDBMS>Fecha creacion</commentInRDBMS>
<generatorID>Generado por el Usuario</generatorID>
<ownerDesignName>ERD_POLICIA</ownerDesignName>
<importedID>4FDBC892-F6E7-9BB9-C3A3-20F2DB46D3BC</importedID>
<useDomainConstraints>false</useDomainConstraints>
<use>1</use>
<logicalDatatype>LOGDT007</logicalDatatype>
<dataTypeSize>7</dataTypeSize>
<autoIncrementCycle>false</autoIncrementCycle>
</Column>
<Column name="MAQUINA_CREACION" id="BC7B2F0A-E28E-2584-1F94-7AEA966702E8">
<sourceConnName>POLICIA</sourceConnName>
<sourceObjSchema>PROGRAMAS_ACADEMICO</sourceObjSchema>
<sourceObjName>MAQUINA_CREACION</sourceObjName>
<createdBy>Manuel</createdBy>
<createdTime>2016-01-11 03:03:31 UTC</createdTime>
<commentInRDBMS>Maquina Creacion</commentInRDBMS>
<generatorID>Generado por el Usuario</generatorID>
<ownerDesignName>ERD_POLICIA</ownerDesignName>
<importedID>65AE07E8-84D5-D854-9EFF-FCBC532CA2CB</importedID>
<useDomainConstraints>false</useDomainConstraints>
<use>1</use>
<logicalDatatype>LOGDT024</logicalDatatype>
<dataTypeSize>30 BYTE</dataTypeSize>
<autoIncrementCycle>false</autoIncrementCycle>
</Column>
<Column name="MODALIDAD_EDUCACION" id="F3483DDD-AB36-B097-B725-3CAA7ADC35B4">
<sourceConnName>POLICIA</sourceConnName>
<sourceObjSchema>PROGRAMAS_ACADEMICO</sourceObjSchema>
<sourceObjName>MODALIDAD_EDUCACION</sourceObjName>
<createdBy>Manuel</createdBy>
<createdTime>2016-01-11 03:03:31 UTC</createdTime>
<commentInRDBMS>Modalidad de educación (Formal - No formal)</commentInRDBMS>
<generatorID>Generado por el Usuario</generatorID>
<ownerDesignName>ERD_POLICIA</ownerDesignName>
<importedID>54DBDA00-1295-7F04-D208-39521AC6E1C7</importedID>
<nullsAllowed>true</nullsAllowed>
<useDomainConstraints>false</useDomainConstraints>
<use>1</use>
<logicalDatatype>LOGDT019</logicalDatatype>
<autoIncrementCycle>false</autoIncrementCycle>
</Column>
<Column name="VIGENTE" id="8993A624-460B-9DEF-23E6-D311C99037F5">
<sourceConnName>POLICIA</sourceConnName>
<sourceObjSchema>PROGRAMAS_ACADEMICO</sourceObjSchema>
<sourceObjName>VIGENTE</sourceObjName>
<createdBy>Manuel</createdBy>
<createdTime>2016-01-11 03:03:31 UTC</createdTime>
<commentInRDBMS>Vigente</commentInRDBMS>
<generatorID>Generado por el Usuario</generatorID>
<ownerDesignName>ERD_POLICIA</ownerDesignName>
<importedID>DEF798E5-1E94-2964-E7F7-AA81533734BC</importedID>
<nullsAllowed>true</nullsAllowed>
<useDomainConstraints>false</useDomainConstraints>
<use>1</use>
<logicalDatatype>LOGDT024</logicalDatatype>
<dataTypeSize>2 BYTE</dataTypeSize>
<defaultValue>&apos;SI&apos;</defaultValue>
<autoIncrementCycle>false</autoIncrementCycle>
</Column>
<Column name="TIPO_PROGRAMA" id="3B492D23-BDAB-5FAF-0EF3-958B27811AEA">
<sourceConnName>POLICIA</sourceConnName>
<sourceObjSchema>PROGRAMAS_ACADEMICO</sourceObjSchema>
<sourceObjName>TIPO_PROGRAMA</sourceObjName>
<createdBy>Manuel</createdBy>
<createdTime>2016-01-11 03:03:31 UTC</createdTime>
<commentInRDBMS>Tipo de programa (formacion, actualizacion y entrenamiento)</commentInRDBMS>
<generatorID>Generado por el Usuario</generatorID>
<ownerDesignName>ERD_POLICIA</ownerDesignName>
<importedID>A663808D-425C-26C5-F736-0E11A6D81572</importedID>
<nullsAllowed>true</nullsAllowed>
<useDomainConstraints>false</useDomainConstraints>
<use>1</use>
<logicalDatatype>LOGDT019</logicalDatatype>
<autoIncrementCycle>false</autoIncrementCycle>
</Column>
<Column name="NIVEL_ESTUDIO" id="0241C350-34AC-9097-8907-6FCC99C12180">
<sourceConnName>POLICIA</sourceConnName>
<sourceObjSchema>PROGRAMAS_ACADEMICO</sourceObjSchema>
<sourceObjName>NIVEL_ESTUDIO</sourceObjName>
<createdBy>Manuel</createdBy>
<createdTime>2016-01-11 03:03:31 UTC</createdTime>
<commentInRDBMS>En este campo registramos el nivel de estudio </commentInRDBMS>
<generatorID>Generado por el Usuario</generatorID>
<ownerDesignName>ERD_POLICIA</ownerDesignName>
<importedID>46CF0B4B-C947-0D76-6C41-C53B9764AF58</importedID>
<nullsAllowed>true</nullsAllowed>
<useDomainConstraints>false</useDomainConstraints>
<use>1</use>
<logicalDatatype>LOGDT019</logicalDatatype>
<autoIncrementCycle>false</autoIncrementCycle>
</Column>
<Column name="DESCRIPCION" id="2A8E18D2-D544-038C-3A07-73A9E7CA76CA">
<sourceConnName>POLICIA</sourceConnName>
<sourceObjSchema>PROGRAMAS_ACADEMICO</sourceObjSchema>
<sourceObjName>DESCRIPCION</sourceObjName>
<createdBy>Manuel</createdBy>
<createdTime>2016-01-11 03:03:31 UTC</createdTime>
<commentInRDBMS>Nombre del programa</commentInRDBMS>
<generatorID>Generado por el Usuario</generatorID>
<ownerDesignName>ERD_POLICIA</ownerDesignName>
<importedID>619D2360-0FBC-9B37-3826-79B3443F867A</importedID>
<nullsAllowed>true</nullsAllowed>
<useDomainConstraints>false</useDomainConstraints>
<use>1</use>
<logicalDatatype>LOGDT024</logicalDatatype>
<dataTypeSize>140 BYTE</dataTypeSize>
<autoIncrementCycle>false</autoIncrementCycle>
</Column>
<Column name="PLAN_EDUCACION" id="124A417D-0485-653E-7ECE-6B34CA910696">
<sourceConnName>POLICIA</sourceConnName>
<sourceObjSchema>PROGRAMAS_ACADEMICO</sourceObjSchema>
<sourceObjName>PLAN_EDUCACION</sourceObjName>
<createdBy>Manuel</createdBy>
<createdTime>2016-01-11 03:03:31 UTC</createdTime>
<generatorID>Generado por el Usuario</generatorID>
<ownerDesignName>ERD_POLICIA</ownerDesignName>
<importedID>33F31D09-5400-C65A-F0EA-2C0AFF6B9BC6</importedID>
<nullsAllowed>true</nullsAllowed>
<useDomainConstraints>false</useDomainConstraints>
<use>1</use>
<logicalDatatype>LOGDT019</logicalDatatype>
<defaultValue>2</defaultValue>
<autoIncrementCycle>false</autoIncrementCycle>
</Column>
<Column name="PLAN_CAPACITACION" id="06B2B0A4-C9B4-1ACE-48D6-4D4A2FB8D287">
<sourceConnName>POLICIA</sourceConnName>
<sourceObjSchema>PROGRAMAS_ACADEMICO</sourceObjSchema>
<sourceObjName>PLAN_CAPACITACION</sourceObjName>
<createdBy>Manuel</createdBy>
<createdTime>2016-01-11 03:03:31 UTC</createdTime>
<generatorID>Generado por el Usuario</generatorID>
<ownerDesignName>ERD_POLICIA</ownerDesignName>
<importedID>2396CC3D-97D1-6445-6449-FC1031BD08FC</importedID>
<nullsAllowed>true</nullsAllowed>
<useDomainConstraints>false</useDomainConstraints>
<use>1</use>
<logicalDatatype>LOGDT019</logicalDatatype>
<defaultValue>1</defaultValue>
<autoIncrementCycle>false</autoIncrementCycle>
</Column>
</columns>
<indexes itemClass="oracle.dbtools.crest.model.design.relational.Index">
<ind_PK_UK id="7F4C3026-2F11-F00C-03A1-60E081497000" name="PRAC_PK">
<sourceConnName>POLICIA</sourceConnName>
<sourceObjSchema>USR_EDUC</sourceObjSchema>
<sourceObjName>PRAC_PK</sourceObjName>
<createdBy>Manuel</createdBy>
<createdTime>2016-01-11 03:03:31 UTC</createdTime>
<generatorID>Generado por el Usuario</generatorID>
<ownerDesignName>ERD_POLICIA</ownerDesignName>
<importedID>7A781073-3540-78C5-1D1F-BE014C9E369B</importedID>
<pk>true</pk>
<indexState>Primary Constraint</indexState>
<isSurrogateKey>false</isSurrogateKey>
<indexColumnUsage>
<colUsage columnID="AFBB2123-A47D-FB38-676A-4C2997F54F61"/>
</indexColumnUsage>
</ind_PK_UK>
<ind_PK_UK id="1BDB1009-CF4B-A50C-1D6F-FD16ACA11F25" name="PRAC_UK">
<sourceConnName>POLICIA</sourceConnName>
<sourceObjSchema>USR_EDUC</sourceObjSchema>
<sourceObjName>PRAC_UK</sourceObjName>
<createdBy>Manuel</createdBy>
<createdTime>2016-01-11 03:03:31 UTC</createdTime>
<generatorID>Generado por el Usuario</generatorID>
<ownerDesignName>ERD_POLICIA</ownerDesignName>
<importedID>7FDA20E0-5AF6-9497-A766-1BADD2C1C1A7</importedID>
<indexState>Unique Constraint</indexState>
<isSurrogateKey>false</isSurrogateKey>
<indexColumnUsage>
<colUsage columnID="AFBB2123-A47D-FB38-676A-4C2997F54F61"/>
<colUsage columnID="46B4BC81-5D99-DC13-C2F7-47AE9EC761AE"/>
<colUsage columnID="B3EA8F66-B59F-62AC-7CF8-272F672010B0"/>
</indexColumnUsage>
</ind_PK_UK>
<ind_PK_UK id="C8F6342E-A242-E572-EFD5-4884BE11ACDD" name="PRAC_UK">
<sourceConnName>POLICIA</sourceConnName>
<sourceObjSchema>USR_EDUC</sourceObjSchema>
<sourceObjName>PRAC_UK</sourceObjName>
<createdBy>Manuel</createdBy>
<createdTime>2016-01-11 03:03:31 UTC</createdTime>
<generatorID>Generado por el Usuario</generatorID>
<ownerDesignName>ERD_POLICIA</ownerDesignName>
<importedID>CF9858F2-901B-4BBB-BC7A-6EFA390AAFB4</importedID>
<indexState>Unique Plain Index</indexState>
<schemaObject>07BEDC8C-B2C6-5B3A-9A42-997570BDB1E9</schemaObject>
<isSurrogateKey>false</isSurrogateKey>
<indexColumnUsage>
<colUsage columnID="AFBB2123-A47D-FB38-676A-4C2997F54F61"/>
<colUsage columnID="46B4BC81-5D99-DC13-C2F7-47AE9EC761AE"/>
<colUsage columnID="B3EA8F66-B59F-62AC-7CF8-272F672010B0"/>
</indexColumnUsage>
</ind_PK_UK>
<ind_PK_UK id="B10FF386-D2D7-EE93-6014-9FDBD442B5D8" name="PRAC_FACU_FK_I">
<sourceConnName>POLICIA</sourceConnName>
<sourceObjSchema>USR_EDUC</sourceObjSchema>
<sourceObjName>PRAC_FACU_FK_I</sourceObjName>
<createdBy>Manuel</createdBy>
<createdTime>2016-01-11 03:03:31 UTC</createdTime>
<generatorID>Generado por el Usuario</generatorID>
<ownerDesignName>ERD_POLICIA</ownerDesignName>
<importedID>CE0AB0D6-5779-A9DF-6096-003677D6C7B1</importedID>
<schemaObject>07BEDC8C-B2C6-5B3A-9A42-997570BDB1E9</schemaObject>
<isSurrogateKey>false</isSurrogateKey>
<indexColumnUsage>
<colUsage columnID="598253EA-3B34-1BB6-07AB-022DC4741563"/>
</indexColumnUsage>
</ind_PK_UK>
<ind_PK_UK id="A81FB909-0904-3E5C-46B6-B95FAF5C09E4" name="PRAC_NIAC_FK_I">
<sourceConnName>POLICIA</sourceConnName>
<sourceObjSchema>USR_EDUC</sourceObjSchema>
<sourceObjName>PRAC_NIAC_FK_I</sourceObjName>
<createdBy>Manuel</createdBy>
<createdTime>2016-01-11 03:03:31 UTC</createdTime>
<generatorID>Generado por el Usuario</generatorID>
<ownerDesignName>ERD_POLICIA</ownerDesignName>
<importedID>89FEB670-C371-B0C3-4A30-D833EEAD927C</importedID>
<schemaObject>07BEDC8C-B2C6-5B3A-9A42-997570BDB1E9</schemaObject>
<isSurrogateKey>false</isSurrogateKey>
<indexColumnUsage>
<colUsage columnID="17D0DF08-FE88-146E-AA16-DC4B2010AF7E"/>
</indexColumnUsage>
</ind_PK_UK>
<ind_PK_UK id="E93E64B1-5C45-99AF-05E2-DBDDBDF80ED7" name="PRAC_PRGR_FK_I">
<sourceConnName>POLICIA</sourceConnName>
<sourceObjSchema>USR_EDUC</sourceObjSchema>
<sourceObjName>PRAC_PRGR_FK_I</sourceObjName>
<createdBy>Manuel</createdBy>
<createdTime>2016-01-11 03:03:31 UTC</createdTime>
<generatorID>Generado por el Usuario</generatorID>
<ownerDesignName>ERD_POLICIA</ownerDesignName>
<importedID>8070985C-3B14-A48E-8B5F-D88099191585</importedID>
<schemaObject>07BEDC8C-B2C6-5B3A-9A42-997570BDB1E9</schemaObject>
<isSurrogateKey>false</isSurrogateKey>
<indexColumnUsage>
<colUsage columnID="46B4BC81-5D99-DC13-C2F7-47AE9EC761AE"/>
</indexColumnUsage>
</ind_PK_UK>
<ind_PK_UK id="E5862469-472C-7EBF-3E23-17C1DA3FCDC2" name="PRAC_PK">
<sourceConnName>POLICIA</sourceConnName>
<sourceObjSchema>USR_EDUC</sourceObjSchema>
<sourceObjName>PRAC_PK</sourceObjName>
<createdBy>Manuel</createdBy>
<createdTime>2016-01-11 03:03:31 UTC</createdTime>
<generatorID>Generado por el Usuario</generatorID>
<ownerDesignName>ERD_POLICIA</ownerDesignName>
<importedID>B10CC6D6-294A-775B-1F5D-2D70EA2599A3</importedID>
<indexState>Unique Plain Index</indexState>
<schemaObject>07BEDC8C-B2C6-5B3A-9A42-997570BDB1E9</schemaObject>
<isSurrogateKey>false</isSurrogateKey>
<indexColumnUsage>
<colUsage columnID="AFBB2123-A47D-FB38-676A-4C2997F54F61"/>
</indexColumnUsage>
</ind_PK_UK>
<ind_PK_UK id="16B1C1B9-A679-3BD2-0B3A-6A99CE1AA0AC" name="PRAC_NIAC_FK">
<createdBy>Manuel</createdBy>
<createdTime>2016-01-11 03:03:31 UTC</createdTime>
<generatorID>Generado por el Usuario</generatorID>
<ownerDesignName>ERD_POLICIA</ownerDesignName>
<indexState>Foreign Key</indexState>
<isSurrogateKey>false</isSurrogateKey>
<indexColumnUsage>
<colUsage columnID="17D0DF08-FE88-146E-AA16-DC4B2010AF7E"/>
</indexColumnUsage>
</ind_PK_UK>
<ind_PK_UK id="192B48F3-3116-EB28-1069-1AB19D8371A9" name="PRAC_PRGR_FK">
<createdBy>Manuel</createdBy>
<createdTime>2016-01-11 03:03:31 UTC</createdTime>
<generatorID>Generado por el Usuario</generatorID>
<ownerDesignName>ERD_POLICIA</ownerDesignName>
<indexState>Foreign Key</indexState>
<isSurrogateKey>false</isSurrogateKey>
<indexColumnUsage>
<colUsage columnID="46B4BC81-5D99-DC13-C2F7-47AE9EC761AE"/>
</indexColumnUsage>
</ind_PK_UK>
</indexes>
</Table>