<?xml version = '1.0' encoding = 'UTF-8'?>
<Table class="oracle.dbtools.crest.model.design.relational.Table" directorySegmentName="seg_0" id="53E8FA20-B205-EFB1-33C6-DCEDF3913B8D" name="SIEDU_EVENTO">
<createdBy>Manuel</createdBy>
<createdTime>2016-01-17 04:12:56 UTC</createdTime>
<commentInRDBMS>Tabla de Eventos o Programas de Capacitación</commentInRDBMS>
<generatorID>Generado por el Usuario</generatorID>
<ownerDesignName>ERD_POLICIA</ownerDesignName>
<allowColumnReorder>false</allowColumnReorder>
<existDependencyGenerateInDDl>true</existDependencyGenerateInDDl>
<columns itemClass="oracle.dbtools.crest.model.design.relational.Column">
<Column name="even_even" id="754CEE57-AD0A-3328-130A-FAA3A5EB8966">
<createdBy>Manuel</createdBy>
<createdTime>2016-01-17 04:34:11 UTC</createdTime>
<commentInRDBMS>Identificación secuencial única del Programa de Capacitación</commentInRDBMS>
<generatorID>Generado por el Usuario</generatorID>
<ownerDesignName>ERD_POLICIA</ownerDesignName>
<useDomainConstraints>false</useDomainConstraints>
<use>1</use>
<logicalDatatype>LOGDT019</logicalDatatype>
<dataTypePrecision>8</dataTypePrecision>
<autoIncrementCycle>false</autoIncrementCycle>
</Column>
<Column name="even_dom_modal" id="F301D190-62EA-621A-A006-DFC4E4E107C4">
<createdBy>Manuel</createdBy>
<createdTime>2016-01-17 04:18:27 UTC</createdTime>
<commentInRDBMS>Modalidad ( DOMINIO METODOLOGIA )</commentInRDBMS>
<generatorID>Generado por el Usuario</generatorID>
<ownerDesignName>ERD_POLICIA</ownerDesignName>
<useDomainConstraints>false</useDomainConstraints>
<use>1</use>
<logicalDatatype>LOGDT019</logicalDatatype>
<dataTypePrecision>4</dataTypePrecision>
<autoIncrementCycle>false</autoIncrementCycle>
</Column>
<Column name="even_dom_proce" id="C69BE2AF-78AC-C5EB-9A30-F9F1F6163666">
<createdBy>Manuel</createdBy>
<createdTime>2016-01-17 04:18:45 UTC</createdTime>
<commentInRDBMS>Proceso ( DOMINIO PROCESO )</commentInRDBMS>
<generatorID>Generado por el Usuario</generatorID>
<ownerDesignName>ERD_POLICIA</ownerDesignName>
<useDomainConstraints>false</useDomainConstraints>
<use>1</use>
<logicalDatatype>LOGDT019</logicalDatatype>
<dataTypePrecision>4</dataTypePrecision>
<autoIncrementCycle>false</autoIncrementCycle>
</Column>
<Column name="even_fuerza" id="53ADD5A5-EF55-F3D6-5AC2-26A2334A3114">
<createdBy>Manuel</createdBy>
<createdTime>2016-01-17 04:21:21 UTC</createdTime>
<generatorID>Generado por el Usuario</generatorID>
<ownerDesignName>ERD_POLICIA</ownerDesignName>
<useDomainConstraints>false</useDomainConstraints>
<use>1</use>
<logicalDatatype>LOGDT019</logicalDatatype>
<dataTypePrecision>1</dataTypePrecision>
<delegate>87B54D08-B9C8-A076-9C56-7B32B0EB19A2</delegate>
<previousColumn>false</previousColumn>
<autoIncrementCycle>false</autoIncrementCycle>
<associations>
<colAssociation fkAssociation="40134062-1451-9080-0CCB-E686FF10CA7E" referredColumn="87B54D08-B9C8-A076-9C56-7B32B0EB19A2"/>
</associations>
</Column>
<Column name="even_id_carrera" id="BD5D16EB-149B-0996-B92B-32585A089454">
<createdBy>Manuel</createdBy>
<createdTime>2016-01-17 04:21:21 UTC</createdTime>
<generatorID>Generado por el Usuario</generatorID>
<ownerDesignName>ERD_POLICIA</ownerDesignName>
<useDomainConstraints>false</useDomainConstraints>
<use>1</use>
<logicalDatatype>LOGDT019</logicalDatatype>
<delegate>E2D7CB4E-EEA8-FE40-00DA-B42416FA6E81</delegate>
<previousColumn>false</previousColumn>
<autoIncrementCycle>false</autoIncrementCycle>
<associations>
<colAssociation fkAssociation="40134062-1451-9080-0CCB-E686FF10CA7E" referredColumn="E2D7CB4E-EEA8-FE40-00DA-B42416FA6E81"/>
</associations>
</Column>
<Column name="even_justifica" id="E67B39A0-85F2-F848-72E8-416BC8405375">
<createdBy>Manuel</createdBy>
<createdTime>2016-03-03 03:25:46 UTC</createdTime>
<commentInRDBMS>Justificación</commentInRDBMS>
<generatorID>Generado por el Usuario</generatorID>
<ownerDesignName>ERD_POLICIA</ownerDesignName>
<useDomainConstraints>false</useDomainConstraints>
<use>1</use>
<logicalDatatype>LOGDT024</logicalDatatype>
<dataTypeSize>1000</dataTypeSize>
<autoIncrementCycle>false</autoIncrementCycle>
</Column>
<Column name="even_obje_gral" id="4840512E-F1A2-DF14-450B-E26F72BC8B1D">
<createdBy>Manuel</createdBy>
<createdTime>2016-01-17 04:23:41 UTC</createdTime>
<commentInRDBMS>Objetivo General del Programa</commentInRDBMS>
<generatorID>Generado por el Usuario</generatorID>
<ownerDesignName>ERD_POLICIA</ownerDesignName>
<useDomainConstraints>false</useDomainConstraints>
<use>1</use>
<logicalDatatype>LOGDT024</logicalDatatype>
<dataTypeSize>500</dataTypeSize>
<autoIncrementCycle>false</autoIncrementCycle>
</Column>
<Column name="even_obje_espe" id="F3FA78F5-5644-B2C0-D69B-930D7DAFC9FE">
<createdBy>Manuel</createdBy>
<createdTime>2016-01-17 04:24:26 UTC</createdTime>
<commentInRDBMS>Objetivos específicos del Programa</commentInRDBMS>
<generatorID>Generado por el Usuario</generatorID>
<ownerDesignName>ERD_POLICIA</ownerDesignName>
<useDomainConstraints>false</useDomainConstraints>
<use>1</use>
<logicalDatatype>LOGDT024</logicalDatatype>
<dataTypeSize>1000</dataTypeSize>
<autoIncrementCycle>false</autoIncrementCycle>
</Column>
<Column name="even_dirigidoa" id="E598A678-87F3-37E3-8817-F4AAD013FCF9">
<createdBy>Manuel</createdBy>
<createdTime>2016-01-17 04:25:24 UTC</createdTime>
<commentInRDBMS>A quiénes está dirigido el programa?&lt;br/&gt;</commentInRDBMS>
<generatorID>Generado por el Usuario</generatorID>
<ownerDesignName>ERD_POLICIA</ownerDesignName>
<useDomainConstraints>false</useDomainConstraints>
<use>1</use>
<logicalDatatype>LOGDT024</logicalDatatype>
<dataTypeSize>1000</dataTypeSize>
<autoIncrementCycle>false</autoIncrementCycle>
</Column>
<Column name="even_inten_horas" id="C2C4EAE9-6655-C7CE-4B61-A09AD78C7FC8">
<createdBy>Manuel</createdBy>
<createdTime>2016-01-17 04:26:07 UTC</createdTime>
<commentInRDBMS>Intensidad horaria del Programa</commentInRDBMS>
<generatorID>Generado por el Usuario</generatorID>
<ownerDesignName>ERD_POLICIA</ownerDesignName>
<useDomainConstraints>false</useDomainConstraints>
<use>1</use>
<logicalDatatype>LOGDT019</logicalDatatype>
<dataTypePrecision>4</dataTypePrecision>
<autoIncrementCycle>false</autoIncrementCycle>
</Column>
<Column name="even_fecha_ver" id="62EFFBD5-1EDA-DE43-ECFE-622E58320122">
<createdBy>Manuel</createdBy>
<createdTime>2016-01-17 04:52:10 UTC</createdTime>
<commentInRDBMS>Fecha de generación del Programa de Capacitación</commentInRDBMS>
<generatorID>Generado por el Usuario</generatorID>
<ownerDesignName>ERD_POLICIA</ownerDesignName>
<useDomainConstraints>false</useDomainConstraints>
<use>1</use>
<logicalDatatype>LOGDT007</logicalDatatype>
<autoIncrementCycle>false</autoIncrementCycle>
</Column>
<Column name="even_estado" id="1D6ED363-EBA5-6116-334C-37F29FA76D81">
<createdBy>Manuel</createdBy>
<createdTime>2016-01-17 04:52:47 UTC</createdTime>
<commentInRDBMS>Estado del Programa de Capacitación</commentInRDBMS>
<generatorID>Generado por el Usuario</generatorID>
<ownerDesignName>ERD_POLICIA</ownerDesignName>
<useDomainConstraints>false</useDomainConstraints>
<use>1</use>
<logicalDatatype>LOGDT024</logicalDatatype>
<dataTypeSize>1</dataTypeSize>
<autoIncrementCycle>false</autoIncrementCycle>
</Column>
</columns>
<indexes itemClass="oracle.dbtools.crest.model.design.relational.Index">
<ind_PK_UK id="4F778E84-F2E3-9573-E10B-4CCF35A53A77" name="SIEDU_EVENTO_PK">
<createdBy>Manuel</createdBy>
<createdTime>2016-01-17 04:34:11 UTC</createdTime>
<generatorID>Generado por el Usuario</generatorID>
<ownerDesignName>ERD_POLICIA</ownerDesignName>
<pk>true</pk>
<indexState>Primary Constraint</indexState>
<isSurrogateKey>false</isSurrogateKey>
<indexColumnUsage>
<colUsage columnID="754CEE57-AD0A-3328-130A-FAA3A5EB8966"/>
</indexColumnUsage>
</ind_PK_UK>
<ind_PK_UK id="0D735B9A-DF1D-B4F5-1FE5-C383BB941CAE" name="SIEDU_EVENTO_CARRERA_FK">
<createdBy>Manuel</createdBy>
<createdTime>2016-01-17 04:21:21 UTC</createdTime>
<generatorID>Generado por el Usuario</generatorID>
<ownerDesignName>ERD_POLICIA</ownerDesignName>
<indexState>Foreign Key</indexState>
<isSurrogateKey>false</isSurrogateKey>
<indexColumnUsage>
<colUsage columnID="53ADD5A5-EF55-F3D6-5AC2-26A2334A3114"/>
<colUsage columnID="BD5D16EB-149B-0996-B92B-32585A089454"/>
</indexColumnUsage>
</ind_PK_UK>
</indexes>
</Table>