<?xml version = '1.0' encoding = 'UTF-8'?>
<Table class="oracle.dbtools.crest.model.design.relational.Table" directorySegmentName="seg_0" id="5EC42A50-9255-7666-666C-6A9D023C0629" name="SIEDU_NOVEDAD_PAE">
<createdBy>Manuel</createdBy>
<createdTime>2016-01-11 02:08:50 UTC</createdTime>
<commentInRDBMS>Tabla de registro de operaciones del PAE</commentInRDBMS>
<generatorID>Generado por el Usuario</generatorID>
<ownerDesignName>ERD_POLICIA</ownerDesignName>
<allowColumnReorder>false</allowColumnReorder>
<existDependencyGenerateInDDl>true</existDependencyGenerateInDDl>
<columns itemClass="oracle.dbtools.crest.model.design.relational.Column">
<Column name="nove_nove" id="DA890413-A315-F7B0-F013-FD981062E38A">
<createdBy>Manuel</createdBy>
<createdTime>2016-01-11 02:12:13 UTC</createdTime>
<commentInRDBMS>Identificador único del registro</commentInRDBMS>
<generatorID>Generado por el Usuario</generatorID>
<ownerDesignName>ERD_POLICIA</ownerDesignName>
<useDomainConstraints>false</useDomainConstraints>
<use>1</use>
<logicalDatatype>LOGDT019</logicalDatatype>
<dataTypePrecision>4</dataTypePrecision>
<autoIncrementCycle>false</autoIncrementCycle>
</Column>
<Column name="nove_pae" id="9F4D57A0-0521-BC2D-256A-F755848D0569">
<createdBy>Manuel</createdBy>
<createdTime>2016-01-11 02:09:45 UTC</createdTime>
<commentInRDBMS>Identificador del PAE al que corresponde la novedad</commentInRDBMS>
<generatorID>Generado por el Usuario</generatorID>
<ownerDesignName>ERD_POLICIA</ownerDesignName>
<useDomainConstraints>false</useDomainConstraints>
<use>1</use>
<logicalDatatype>LOGDT019</logicalDatatype>
<dataTypePrecision>6</dataTypePrecision>
<delegate>D4EB1715-0A09-BFB9-BFBC-D7849F8F6054</delegate>
<previousColumn>false</previousColumn>
<autoIncrementCycle>false</autoIncrementCycle>
<associations>
<colAssociation fkAssociation="0EC29B4A-76E6-C315-3CB1-8C2BCBC1783F" referredColumn="D4EB1715-0A09-BFB9-BFBC-D7849F8F6054"/>
</associations>
</Column>
<Column name="nove_fecha" id="FC897338-1E27-9BFF-0AEE-83F10CB3A6CF">
<createdBy>Manuel</createdBy>
<createdTime>2016-01-11 02:14:06 UTC</createdTime>
<commentInRDBMS>Fecha de registro de la novedad</commentInRDBMS>
<generatorID>Generado por el Usuario</generatorID>
<ownerDesignName>ERD_POLICIA</ownerDesignName>
<useDomainConstraints>false</useDomainConstraints>
<use>1</use>
<logicalDatatype>LOGDT007</logicalDatatype>
<autoIncrementCycle>false</autoIncrementCycle>
</Column>
<Column name="nove_procedi" id="B30D48CB-9316-8C62-2D8A-8A8620337E5D">
<createdBy>Manuel</createdBy>
<createdTime>2016-01-11 02:15:45 UTC</createdTime>
<commentInRDBMS>Procedimiento asociado a la novedad</commentInRDBMS>
<generatorID>Generado por el Usuario</generatorID>
<ownerDesignName>ERD_POLICIA</ownerDesignName>
<useDomainConstraints>false</useDomainConstraints>
<use>1</use>
<logicalDatatype>LOGDT024</logicalDatatype>
<dataTypeSize>10</dataTypeSize>
<autoIncrementCycle>false</autoIncrementCycle>
</Column>
<Column name="nove_tpo_doc" id="B12CCBB3-E36E-64BC-7442-BFA7B2AABD6D">
<createdBy>Manuel</createdBy>
<createdTime>2016-01-11 02:18:31 UTC</createdTime>
<commentInRDBMS>Tipo de documento asociado a la novedad</commentInRDBMS>
<generatorID>Generado por el Usuario</generatorID>
<ownerDesignName>ERD_POLICIA</ownerDesignName>
<useDomainConstraints>false</useDomainConstraints>
<use>1</use>
<logicalDatatype>LOGDT024</logicalDatatype>
<dataTypeSize>100</dataTypeSize>
<autoIncrementCycle>false</autoIncrementCycle>
</Column>
<Column name="nove_nro_doc" id="51B2757A-E8FF-5F5A-7D08-3C629BD71189">
<createdBy>Manuel</createdBy>
<createdTime>2016-01-11 02:19:24 UTC</createdTime>
<commentInRDBMS>Número de documento asociado a la novedad</commentInRDBMS>
<generatorID>Generado por el Usuario</generatorID>
<ownerDesignName>ERD_POLICIA</ownerDesignName>
<useDomainConstraints>false</useDomainConstraints>
<use>1</use>
<logicalDatatype>LOGDT024</logicalDatatype>
<dataTypeSize>30</dataTypeSize>
<autoIncrementCycle>false</autoIncrementCycle>
</Column>
<Column name="nove_fecha_doc" id="F0BE1311-E27E-18FB-030F-A39EF924FD9C">
<createdBy>Manuel</createdBy>
<createdTime>2016-01-11 02:20:32 UTC</createdTime>
<commentInRDBMS>Fecha del documento asociado a la novedad</commentInRDBMS>
<generatorID>Generado por el Usuario</generatorID>
<ownerDesignName>ERD_POLICIA</ownerDesignName>
<useDomainConstraints>false</useDomainConstraints>
<use>1</use>
<logicalDatatype>LOGDT007</logicalDatatype>
<autoIncrementCycle>false</autoIncrementCycle>
</Column>
<Column name="nove_observa" id="C0D2B873-CBED-BBBB-72A3-6B90CA5C9CFB">
<createdBy>Manuel</createdBy>
<createdTime>2016-01-11 02:21:20 UTC</createdTime>
<commentInRDBMS>Observaciones asociadas a la novedad</commentInRDBMS>
<generatorID>Generado por el Usuario</generatorID>
<ownerDesignName>ERD_POLICIA</ownerDesignName>
<nullsAllowed>true</nullsAllowed>
<useDomainConstraints>false</useDomainConstraints>
<use>1</use>
<logicalDatatype>LOGDT024</logicalDatatype>
<dataTypeSize>1000</dataTypeSize>
<autoIncrementCycle>false</autoIncrementCycle>
</Column>
<Column name="nove_anexo_pdf" id="38FE2A2C-ABA4-B95C-1351-5AF5A6DC40B0">
<createdBy>Manuel</createdBy>
<createdTime>2016-01-11 02:23:38 UTC</createdTime>
<commentInRDBMS>Archivo relacionado con la novedad</commentInRDBMS>
<generatorID>Generado por el Usuario</generatorID>
<ownerDesignName>ERD_POLICIA</ownerDesignName>
<useDomainConstraints>false</useDomainConstraints>
<use>1</use>
<logicalDatatype>LOGDT019</logicalDatatype>
<dataTypePrecision>8</dataTypePrecision>
<delegate>DBAA0746-76C5-9CC1-19B0-82B7F5380F27</delegate>
<autoIncrementCycle>false</autoIncrementCycle>
<associations>
<colAssociation fkAssociation="87314E8C-EFE1-E7E6-1FB1-93E1ADB40B2F" referredColumn="DBAA0746-76C5-9CC1-19B0-82B7F5380F27"/>
</associations>
</Column>
</columns>
<indexes itemClass="oracle.dbtools.crest.model.design.relational.Index">
<ind_PK_UK id="142B4041-DAF5-0DC6-8E4A-77E91386C4FB" name="SIEDU_NOVEDAD_PAE_PK">
<createdBy>Manuel</createdBy>
<createdTime>2016-01-11 02:14:06 UTC</createdTime>
<generatorID>Generado por el Usuario</generatorID>
<ownerDesignName>ERD_POLICIA</ownerDesignName>
<pk>true</pk>
<indexState>Primary Constraint</indexState>
<isSurrogateKey>false</isSurrogateKey>
<indexColumnUsage>
<colUsage columnID="DA890413-A315-F7B0-F013-FD981062E38A"/>
</indexColumnUsage>
</ind_PK_UK>
<ind_PK_UK id="B5569E97-3EF4-AA31-4BC3-395C025B9287" name="SIEDU_NOVEDAD_PAE_FK">
<createdBy>Manuel</createdBy>
<createdTime>2016-01-11 02:09:45 UTC</createdTime>
<generatorID>Generado por el Usuario</generatorID>
<ownerDesignName>ERD_POLICIA</ownerDesignName>
<indexState>Foreign Key</indexState>
<isSurrogateKey>false</isSurrogateKey>
<indexColumnUsage>
<colUsage columnID="9F4D57A0-0521-BC2D-256A-F755848D0569"/>
</indexColumnUsage>
</ind_PK_UK>
<ind_PK_UK id="ED793B24-146E-43FB-B083-06678DA05C91" name="SIEDU_NOVEDAD_ARCHIVO_FK">
<createdBy>Manuel</createdBy>
<createdTime>2016-03-01 02:11:20 UTC</createdTime>
<generatorID>Generado por el Usuario</generatorID>
<ownerDesignName>ERD_POLICIA</ownerDesignName>
<indexState>Foreign Key</indexState>
<isSurrogateKey>false</isSurrogateKey>
<indexColumnUsage>
<colUsage columnID="38FE2A2C-ABA4-B95C-1351-5AF5A6DC40B0"/>
</indexColumnUsage>
</ind_PK_UK>
</indexes>
</Table>