<?xml version = '1.0' encoding = 'UTF-8'?>
<Table class="oracle.dbtools.crest.model.design.relational.Table" directorySegmentName="seg_0" id="6B47575A-D19D-3E2F-5E27-83406650AA06" name="SIEDU_CONVENIO">
<sourceConnName>POLICIA</sourceConnName>
<sourceObjSchema>USR_DISIGAC2</sourceObjSchema>
<sourceObjName>SIEDU_CONVENIO</sourceObjName>
<createdBy>Manuel</createdBy>
<createdTime>2016-01-07 04:30:58 UTC</createdTime>
<generatorID>Generado por el Usuario</generatorID>
<ownerDesignName>ERD_POLICIA</ownerDesignName>
<schemaObject>ED8B0381-61E9-98DB-D254-F5EC1AB94C4F</schemaObject>
<allowColumnReorder>false</allowColumnReorder>
<existDependencyGenerateInDDl>true</existDependencyGenerateInDDl>
<columns itemClass="oracle.dbtools.crest.model.design.relational.Column">
<Column name="conv_conv" id="2A5DC394-FE81-3C7F-2D9F-5EAD8F88CA1F">
<sourceConnName>POLICIA</sourceConnName>
<sourceObjSchema>SIEDU_CONVENIO</sourceObjSchema>
<sourceObjName>ID_CONVENIO</sourceObjName>
<createdBy>Manuel</createdBy>
<createdTime>2016-01-07 04:31:27 UTC</createdTime>
<commentInRDBMS>Secuencial Identificador del Convenio</commentInRDBMS>
<generatorID>Generado por el Usuario</generatorID>
<ownerDesignName>ERD_POLICIA</ownerDesignName>
<useDomainConstraints>false</useDomainConstraints>
<use>1</use>
<logicalDatatype>LOGDT019</logicalDatatype>
<dataTypePrecision>4</dataTypePrecision>
<autoIncrementCycle>false</autoIncrementCycle>
</Column>
<Column name="conv_descri" id="48D25E57-5F6F-8752-1E5A-5E36EFAE0FDB">
<sourceConnName>POLICIA</sourceConnName>
<sourceObjSchema>SIEDU_CONVENIO</sourceObjSchema>
<sourceObjName>DESCRIPCION</sourceObjName>
<createdBy>Manuel</createdBy>
<createdTime>2016-01-07 04:31:27 UTC</createdTime>
<commentInRDBMS>Descripción del Convenio</commentInRDBMS>
<generatorID>Generado por el Usuario</generatorID>
<ownerDesignName>ERD_POLICIA</ownerDesignName>
<useDomainConstraints>false</useDomainConstraints>
<use>1</use>
<logicalDatatype>LOGDT024</logicalDatatype>
<dataTypeSize>50</dataTypeSize>
<autoIncrementCycle>false</autoIncrementCycle>
</Column>
<Column name="conv_fecha_ini" id="5F34E439-AE56-5135-48B9-B75D105A8853">
<sourceConnName>POLICIA</sourceConnName>
<sourceObjSchema>SIEDU_CONVENIO</sourceObjSchema>
<sourceObjName>FECHA_INICIO</sourceObjName>
<createdBy>Manuel</createdBy>
<createdTime>2016-01-07 04:31:27 UTC</createdTime>
<commentInRDBMS>Fecha de Inicio del Convenio</commentInRDBMS>
<generatorID>Generado por el Usuario</generatorID>
<ownerDesignName>ERD_POLICIA</ownerDesignName>
<nullsAllowed>true</nullsAllowed>
<useDomainConstraints>false</useDomainConstraints>
<use>1</use>
<logicalDatatype>LOGDT007</logicalDatatype>
<autoIncrementCycle>false</autoIncrementCycle>
</Column>
<Column name="conv_fecha_fin" id="E13889AC-9865-3288-18A6-6105E983BDD0">
<sourceConnName>POLICIA</sourceConnName>
<sourceObjSchema>SIEDU_CONVENIO</sourceObjSchema>
<sourceObjName>FECHA_FIN</sourceObjName>
<createdBy>Manuel</createdBy>
<createdTime>2016-01-07 04:31:27 UTC</createdTime>
<commentInRDBMS>Fecha Fin del Convenio</commentInRDBMS>
<generatorID>Generado por el Usuario</generatorID>
<ownerDesignName>ERD_POLICIA</ownerDesignName>
<nullsAllowed>true</nullsAllowed>
<useDomainConstraints>false</useDomainConstraints>
<use>1</use>
<logicalDatatype>LOGDT007</logicalDatatype>
<autoIncrementCycle>false</autoIncrementCycle>
</Column>
</columns>
<indexes itemClass="oracle.dbtools.crest.model.design.relational.Index">
<ind_PK_UK id="02465B6F-1306-A388-C883-156E9B710EA6" name="CONVENIO_PK">
<sourceConnName>POLICIA</sourceConnName>
<sourceObjSchema>USR_DISIGAC2</sourceObjSchema>
<sourceObjName>CONVENIO_PK</sourceObjName>
<createdBy>Manuel</createdBy>
<createdTime>2016-01-07 04:31:38 UTC</createdTime>
<generatorID>Generado por el Usuario</generatorID>
<ownerDesignName>ERD_POLICIA</ownerDesignName>
<pk>true</pk>
<indexState>Primary Constraint</indexState>
<isSurrogateKey>false</isSurrogateKey>
<indexColumnUsage>
<colUsage columnID="2A5DC394-FE81-3C7F-2D9F-5EAD8F88CA1F"/>
</indexColumnUsage>
</ind_PK_UK>
<ind_PK_UK id="7CC3A2ED-2CB0-3C34-C929-FD687BF103A6" name="CONVENIO_UK">
<sourceConnName>POLICIA</sourceConnName>
<sourceObjSchema>USR_DISIGAC2</sourceObjSchema>
<sourceObjName>CONVENIO_UK</sourceObjName>
<createdBy>Manuel</createdBy>
<createdTime>2016-01-07 04:31:38 UTC</createdTime>
<generatorID>Generado por el Usuario</generatorID>
<ownerDesignName>ERD_POLICIA</ownerDesignName>
<indexState>Unique Constraint</indexState>
<isSurrogateKey>false</isSurrogateKey>
<indexColumnUsage>
<colUsage columnID="48D25E57-5F6F-8752-1E5A-5E36EFAE0FDB"/>
<colUsage columnID="5F34E439-AE56-5135-48B9-B75D105A8853"/>
<colUsage columnID="E13889AC-9865-3288-18A6-6105E983BDD0"/>
</indexColumnUsage>
</ind_PK_UK>
</indexes>
</Table>