<?xml version = '1.0' encoding = 'UTF-8'?>
<Table class="oracle.dbtools.crest.model.design.relational.Table" directorySegmentName="seg_0" id="6EC3976B-6963-2D11-1AE2-ED18918DA9CD" name="SIEDU_CIERRE_PAE">
<createdBy>Manuel</createdBy>
<createdTime>2016-01-28 02:53:39 UTC</createdTime>
<commentInRDBMS>Almacena los registros de necesidad consolidada por cada registro de Capacitación o Formación en cada cierre de PAE.</commentInRDBMS>
<generatorID>Generado por el Usuario</generatorID>
<ownerDesignName>ERD_POLICIA</ownerDesignName>
<allowColumnReorder>false</allowColumnReorder>
<existDependencyGenerateInDDl>true</existDependencyGenerateInDDl>
<columns itemClass="oracle.dbtools.crest.model.design.relational.Column">
<Column name="rpae_rpae" id="6CB93E58-5BAA-E687-CC59-1429167AC59A">
<createdBy>Manuel</createdBy>
<createdTime>2016-02-04 02:06:07 UTC</createdTime>
<commentInRDBMS>Secuencial identificador del registro</commentInRDBMS>
<generatorID>Generado por el Usuario</generatorID>
<ownerDesignName>ERD_POLICIA</ownerDesignName>
<useDomainConstraints>false</useDomainConstraints>
<use>1</use>
<logicalDatatype>LOGDT019</logicalDatatype>
<dataTypePrecision>6</dataTypePrecision>
<autoIncrementCycle>false</autoIncrementCycle>
</Column>
<Column name="rpae_nove" id="AB17FDDE-792E-43DD-42A6-BB2F73A1C998">
<createdBy>Manuel</createdBy>
<createdTime>2016-01-28 02:53:52 UTC</createdTime>
<commentInRDBMS>Identificador del registro de novedad de cierre</commentInRDBMS>
<generatorID>Generado por el Usuario</generatorID>
<ownerDesignName>ERD_POLICIA</ownerDesignName>
<useDomainConstraints>false</useDomainConstraints>
<use>1</use>
<logicalDatatype>LOGDT019</logicalDatatype>
<dataTypePrecision>4</dataTypePrecision>
<delegate>DA890413-A315-F7B0-F013-FD981062E38A</delegate>
<previousColumn>false</previousColumn>
<autoIncrementCycle>false</autoIncrementCycle>
<associations>
<colAssociation fkAssociation="E34B36EA-D1E3-7A2A-3E5D-0234BA21EA5F" referredColumn="DA890413-A315-F7B0-F013-FD981062E38A"/>
</associations>
</Column>
<Column name="rpae_capa" id="BC87870C-2A11-74B9-CD13-A81382799CAB">
<createdBy>Manuel</createdBy>
<createdTime>2016-01-28 02:54:12 UTC</createdTime>
<commentInRDBMS>Identifica el registro de Capacitación para el cual se toma el número de estudiantes necesarios consolidados al momento del cierre.</commentInRDBMS>
<generatorID>Generado por el Usuario</generatorID>
<ownerDesignName>ERD_POLICIA</ownerDesignName>
<useDomainConstraints>false</useDomainConstraints>
<use>1</use>
<logicalDatatype>LOGDT019</logicalDatatype>
<dataTypePrecision>6</dataTypePrecision>
<delegate>EB02EC2C-C82C-B0BE-64FF-E7016548F163</delegate>
<previousColumn>false</previousColumn>
<autoIncrementCycle>false</autoIncrementCycle>
<associations>
<colAssociation fkAssociation="FAFFBC6E-B726-A86B-54F9-8809A8FC87AC" referredColumn="EB02EC2C-C82C-B0BE-64FF-E7016548F163"/>
</associations>
</Column>
<Column name="rpae_capa_nro_nece" id="42D77ADA-E812-9DF4-AE92-633928FBD10E">
<createdBy>Manuel</createdBy>
<createdTime>2016-01-28 03:09:41 UTC</createdTime>
<commentInRDBMS>Número de estudiantes necesarios consolidados al momento del cierre para el Identificador del registro de Capacitación</commentInRDBMS>
<generatorID>Generado por el Usuario</generatorID>
<ownerDesignName>ERD_POLICIA</ownerDesignName>
<useDomainConstraints>false</useDomainConstraints>
<use>1</use>
<logicalDatatype>LOGDT019</logicalDatatype>
<dataTypePrecision>4</dataTypePrecision>
<autoIncrementCycle>false</autoIncrementCycle>
</Column>
<Column name="rpae_form" id="9D69E328-14E3-B58C-BF2D-C6982E82E797">
<createdBy>Manuel</createdBy>
<createdTime>2016-01-28 03:11:07 UTC</createdTime>
<commentInRDBMS>Identifica el registro de Formación para el cual se toma el número de estudiantes consolidados necesarios al momento del cierre.</commentInRDBMS>
<generatorID>Generado por el Usuario</generatorID>
<ownerDesignName>ERD_POLICIA</ownerDesignName>
<useDomainConstraints>false</useDomainConstraints>
<use>1</use>
<logicalDatatype>LOGDT019</logicalDatatype>
<dataTypePrecision>6</dataTypePrecision>
<delegate>C333F5AD-C4E4-C125-8EC9-893A13DD4E17</delegate>
<previousColumn>false</previousColumn>
<autoIncrementCycle>false</autoIncrementCycle>
<associations>
<colAssociation fkAssociation="87355E6E-360E-E628-08FC-6D37BE477434" referredColumn="C333F5AD-C4E4-C125-8EC9-893A13DD4E17"/>
</associations>
</Column>
<Column name="rpae_form_nro_nece" id="8C60B659-30EC-310A-A6A1-5053A0CAA63A">
<createdBy>Manuel</createdBy>
<createdTime>2016-01-28 03:11:47 UTC</createdTime>
<commentInRDBMS>Número de estudiantes necesarios consolidados al momento del cierre para el Identificador del registro de Formación</commentInRDBMS>
<generatorID>Generado por el Usuario</generatorID>
<ownerDesignName>ERD_POLICIA</ownerDesignName>
<useDomainConstraints>false</useDomainConstraints>
<use>1</use>
<logicalDatatype>LOGDT019</logicalDatatype>
<dataTypePrecision>4</dataTypePrecision>
<autoIncrementCycle>false</autoIncrementCycle>
</Column>
</columns>
<indexes itemClass="oracle.dbtools.crest.model.design.relational.Index">
<ind_PK_UK id="F89DED32-D0FF-2294-E7CD-75D3EDCDB889" name="SIEDU_CIERRE_PAE_PK">
<createdBy>Manuel</createdBy>
<createdTime>2016-02-04 02:06:32 UTC</createdTime>
<generatorID>Generado por el Usuario</generatorID>
<ownerDesignName>ERD_POLICIA</ownerDesignName>
<pk>true</pk>
<indexState>Primary Constraint</indexState>
<isSurrogateKey>false</isSurrogateKey>
<indexColumnUsage>
<colUsage columnID="6CB93E58-5BAA-E687-CC59-1429167AC59A"/>
</indexColumnUsage>
</ind_PK_UK>
<ind_PK_UK id="B32754B3-0C32-98C1-2CEF-25F6409A59D3" name="SIEDU_CIERRE_NOVEDAD_PAE_FK">
<createdBy>Manuel</createdBy>
<createdTime>2016-01-28 02:53:52 UTC</createdTime>
<generatorID>Generado por el Usuario</generatorID>
<ownerDesignName>ERD_POLICIA</ownerDesignName>
<indexState>Foreign Key</indexState>
<isSurrogateKey>false</isSurrogateKey>
<indexColumnUsage>
<colUsage columnID="AB17FDDE-792E-43DD-42A6-BB2F73A1C998"/>
</indexColumnUsage>
</ind_PK_UK>
<ind_PK_UK id="81F7428A-3116-AB8B-0A2F-C1CA26908D84" name="SIEDU_CIERRE_CAPACITA_FK">
<createdBy>Manuel</createdBy>
<createdTime>2016-01-28 02:54:12 UTC</createdTime>
<generatorID>Generado por el Usuario</generatorID>
<ownerDesignName>ERD_POLICIA</ownerDesignName>
<indexState>Foreign Key</indexState>
<isSurrogateKey>false</isSurrogateKey>
<indexColumnUsage>
<colUsage columnID="BC87870C-2A11-74B9-CD13-A81382799CAB"/>
</indexColumnUsage>
</ind_PK_UK>
<ind_PK_UK id="C7DA59B0-98EE-E30D-E587-2E029ADF4D9A" name="SIEDU_CIERRE_FORMACION_FK">
<createdBy>Manuel</createdBy>
<createdTime>2016-01-28 03:11:07 UTC</createdTime>
<generatorID>Generado por el Usuario</generatorID>
<ownerDesignName>ERD_POLICIA</ownerDesignName>
<indexState>Foreign Key</indexState>
<isSurrogateKey>false</isSurrogateKey>
<indexColumnUsage>
<colUsage columnID="9D69E328-14E3-B58C-BF2D-C6982E82E797"/>
</indexColumnUsage>
</ind_PK_UK>
</indexes>
</Table>