<?xml version = '1.0' encoding = 'UTF-8'?>
<Table class="oracle.dbtools.crest.model.design.relational.Table" directorySegmentName="seg_0" id="7AD47B3A-8BCD-56D5-2B92-56A43491AC3F" name="SIEDU_EVAL_PARTICIPANTE">
<createdBy>itc</createdBy>
<createdTime>2016-03-10 12:13:19 UTC</createdTime>
<commentInRDBMS>Tabla de Registro de Evaluación de un Participante Evento</commentInRDBMS>
<generatorID>Generado por el Usuario</generatorID>
<ownerDesignName>ERD_POLICIA</ownerDesignName>
<allowColumnReorder>false</allowColumnReorder>
<existDependencyGenerateInDDl>true</existDependencyGenerateInDDl>
<columns itemClass="oracle.dbtools.crest.model.design.relational.Column">
<Column name="evpa_eval" id="B83E1262-43FA-7C4E-24C7-6E236FAA590C">
<createdBy>itc</createdBy>
<createdTime>2016-03-10 12:13:42 UTC</createdTime>
<commentInRDBMS>Identificador de la Evaluación</commentInRDBMS>
<generatorID>Generado por el Usuario</generatorID>
<ownerDesignName>ERD_POLICIA</ownerDesignName>
<useDomainConstraints>false</useDomainConstraints>
<use>1</use>
<logicalDatatype>LOGDT019</logicalDatatype>
<dataTypePrecision>8</dataTypePrecision>
<delegate>9D763F7B-4B52-9A07-B911-C5A719B46D6C</delegate>
<previousColumn>false</previousColumn>
<autoIncrementCycle>false</autoIncrementCycle>
<associations>
<colAssociation fkAssociation="8CA87464-2ED2-6CF9-8423-227A3B1E9337" referredColumn="9D763F7B-4B52-9A07-B911-C5A719B46D6C"/>
</associations>
</Column>
<Column name="evpa_pare" id="5567E549-4B67-645A-7DFB-A65001EB2538">
<createdBy>itc</createdBy>
<createdTime>2016-03-10 12:14:24 UTC</createdTime>
<commentInRDBMS>Identificador del Participante Evento</commentInRDBMS>
<generatorID>Generado por el Usuario</generatorID>
<ownerDesignName>ERD_POLICIA</ownerDesignName>
<useDomainConstraints>false</useDomainConstraints>
<use>1</use>
<logicalDatatype>LOGDT019</logicalDatatype>
<dataTypePrecision>8</dataTypePrecision>
<delegate>56B0220B-E93B-F29A-AC4C-C0731C7E47CF</delegate>
<previousColumn>false</previousColumn>
<autoIncrementCycle>false</autoIncrementCycle>
<associations>
<colAssociation fkAssociation="A2F56362-E5A8-AF68-2961-603D35884C3B" referredColumn="56B0220B-E93B-F29A-AC4C-C0731C7E47CF"/>
</associations>
</Column>
<Column name="evpa_observa" id="85103057-26B6-E2AD-9077-2E56CD385627">
<createdBy>Manuel</createdBy>
<createdTime>2016-03-18 04:06:00 UTC</createdTime>
<commentInRDBMS>Campo de inserción de sugerencias y/u observaciones de la Evaluación</commentInRDBMS>
<generatorID>Generado por el Usuario</generatorID>
<ownerDesignName>ERD_POLICIA</ownerDesignName>
<nullsAllowed>true</nullsAllowed>
<useDomainConstraints>false</useDomainConstraints>
<use>1</use>
<logicalDatatype>LOGDT024</logicalDatatype>
<dataTypeSize>500</dataTypeSize>
<autoIncrementCycle>false</autoIncrementCycle>
</Column>
<Column name="evpa_estado" id="DC88F6CF-27EE-58D5-7FEB-A9D09D9B9282">
<createdBy>itc</createdBy>
<createdTime>2016-03-10 12:19:13 UTC</createdTime>
<commentInRDBMS>Estado de la Evaluación del Participante. A-Activa, I-Inactiva, D-Desarrollada</commentInRDBMS>
<generatorID>Generado por el Usuario</generatorID>
<ownerDesignName>ERD_POLICIA</ownerDesignName>
<useDomainConstraints>false</useDomainConstraints>
<use>1</use>
<logicalDatatype>LOGDT024</logicalDatatype>
<dataTypeSize>1</dataTypeSize>
<autoIncrementCycle>false</autoIncrementCycle>
</Column>
</columns>
<indexes itemClass="oracle.dbtools.crest.model.design.relational.Index">
<ind_PK_UK id="79072C2C-F0C5-706D-BF34-8C819E77186E" name="SIEDU_EVAL_PARTICIPANTE_PK">
<createdBy>itc</createdBy>
<createdTime>2016-03-10 12:28:23 UTC</createdTime>
<generatorID>Generado por el Usuario</generatorID>
<ownerDesignName>ERD_POLICIA</ownerDesignName>
<pk>true</pk>
<indexState>Primary Constraint</indexState>
<isSurrogateKey>false</isSurrogateKey>
<indexColumnUsage>
<colUsage columnID="B83E1262-43FA-7C4E-24C7-6E236FAA590C"/>
<colUsage columnID="5567E549-4B67-645A-7DFB-A65001EB2538"/>
</indexColumnUsage>
</ind_PK_UK>
<ind_PK_UK id="92416B7D-5FAD-A56D-FBCA-3B82C3E524E9" name="SIEDU_EVAL_PARTICIP_EVAL_FK">
<createdBy>itc</createdBy>
<createdTime>2016-03-10 12:13:42 UTC</createdTime>
<generatorID>Generado por el Usuario</generatorID>
<ownerDesignName>ERD_POLICIA</ownerDesignName>
<indexState>Foreign Key</indexState>
<isSurrogateKey>false</isSurrogateKey>
<indexColumnUsage>
<colUsage columnID="B83E1262-43FA-7C4E-24C7-6E236FAA590C"/>
</indexColumnUsage>
</ind_PK_UK>
<ind_PK_UK id="474657EA-7D66-6AB2-E6FB-6B19B039B80B" name="SIEDU_EVAL_PARTICIP_PARTI_FK">
<createdBy>itc</createdBy>
<createdTime>2016-03-10 12:14:24 UTC</createdTime>
<generatorID>Generado por el Usuario</generatorID>
<ownerDesignName>ERD_POLICIA</ownerDesignName>
<indexState>Foreign Key</indexState>
<isSurrogateKey>false</isSurrogateKey>
<indexColumnUsage>
<colUsage columnID="5567E549-4B67-645A-7DFB-A65001EB2538"/>
</indexColumnUsage>
</ind_PK_UK>
</indexes>
<tableCheckConstraints itemClass="oracle.dbtools.crest.model.design.constraint.TableLevelConstraint">
<tableCheckConstraint name="SIEDU_EVAL_PARTICI_ESTADO_CK" directorySegmentName="seg_2" id="0BF9CE29-6D60-D127-AF6F-42887A549D94">
<createdBy>itc</createdBy>
<createdTime>2016-03-10 12:20:20 UTC</createdTime>
<generatorID>Generado por el Usuario</generatorID>
<ownerDesignName>ERD_POLICIA</ownerDesignName>
<rule>evpa_estado in ( &apos;A&apos;, &apos;I&apos;, &apos;D&apos; )</rule>
</tableCheckConstraint>
</tableCheckConstraints>
</Table>