<?xml version = '1.0' encoding = 'UTF-8'?>
<Table class="oracle.dbtools.crest.model.design.relational.Table" directorySegmentName="seg_0" id="81A771D7-0C98-FF22-D16B-D7C51566DF46" name="SIEDU_DOCENTE_EVENTO">
<createdBy>Manuel</createdBy>
<createdTime>2016-03-04 03:44:32 UTC</createdTime>
<commentInRDBMS>Tabla de Docentes por Evento y Tema</commentInRDBMS>
<generatorID>Generado por el Usuario</generatorID>
<ownerDesignName>ERD_POLICIA</ownerDesignName>
<allowColumnReorder>false</allowColumnReorder>
<existDependencyGenerateInDDl>true</existDependencyGenerateInDDl>
<columns itemClass="oracle.dbtools.crest.model.design.relational.Column">
<Column name="doce_doce" id="0597E4D0-4643-BAEC-5E5B-FDC73C8DFA05">
<createdBy>Manuel</createdBy>
<createdTime>2016-03-04 03:52:30 UTC</createdTime>
<commentInRDBMS>Identificador secuencial del registro</commentInRDBMS>
<generatorID>Generado por el Usuario</generatorID>
<ownerDesignName>ERD_POLICIA</ownerDesignName>
<useDomainConstraints>false</useDomainConstraints>
<use>1</use>
<logicalDatatype>LOGDT019</logicalDatatype>
<dataTypePrecision>6</dataTypePrecision>
<autoIncrementCycle>false</autoIncrementCycle>
</Column>
<Column name="doce_evee" id="549CD57C-2BE2-66CD-8997-2E5A854CB50F">
<createdBy>Manuel</createdBy>
<createdTime>2016-03-04 04:06:19 UTC</createdTime>
<commentInRDBMS>Identificador del Registro de Evento Escuela</commentInRDBMS>
<generatorID>Generado por el Usuario</generatorID>
<ownerDesignName>ERD_POLICIA</ownerDesignName>
<useDomainConstraints>false</useDomainConstraints>
<use>1</use>
<logicalDatatype>LOGDT019</logicalDatatype>
<dataTypePrecision>6</dataTypePrecision>
<delegate>98B51B8C-8599-502F-63A9-A41AD463BB12</delegate>
<previousColumn>false</previousColumn>
<autoIncrementCycle>false</autoIncrementCycle>
<associations>
<colAssociation fkAssociation="2A357B9B-C29E-1E11-B59B-CAFBC2FC581F" referredColumn="98B51B8C-8599-502F-63A9-A41AD463BB12"/>
</associations>
</Column>
<Column name="doce_tema" id="DF575BF9-09CF-0E0D-B286-B8B51EA9CCAD">
<createdBy>Manuel</createdBy>
<createdTime>2016-03-04 04:09:14 UTC</createdTime>
<generatorID>Generado por el Usuario</generatorID>
<ownerDesignName>ERD_POLICIA</ownerDesignName>
<useDomainConstraints>false</useDomainConstraints>
<use>1</use>
<logicalDatatype>LOGDT019</logicalDatatype>
<dataTypePrecision>8</dataTypePrecision>
<delegate>06EB393D-6EBA-336E-0492-C6F139A110C9</delegate>
<previousColumn>false</previousColumn>
<autoIncrementCycle>false</autoIncrementCycle>
<associations>
<colAssociation fkAssociation="F2C9B92C-9B2E-EA18-E0FB-D15E01B6BE76" referredColumn="06EB393D-6EBA-336E-0492-C6F139A110C9"/>
</associations>
</Column>
<Column name="doce_pers" id="033BBD17-0AFA-678A-6093-D17217E8031F">
<createdBy>Manuel</createdBy>
<createdTime>2016-03-06 22:09:12 UTC</createdTime>
<commentInRDBMS>Identificador de Persona del Docente</commentInRDBMS>
<generatorID>Generado por el Usuario</generatorID>
<ownerDesignName>ERD_POLICIA</ownerDesignName>
<useDomainConstraints>false</useDomainConstraints>
<use>1</use>
<logicalDatatype>LOGDT019</logicalDatatype>
<dataTypePrecision>10</dataTypePrecision>
<delegate>5655400A-4792-C20D-17CF-6697E579D26D</delegate>
<previousColumn>false</previousColumn>
<autoIncrementCycle>false</autoIncrementCycle>
<associations>
<colAssociation fkAssociation="10F5FC51-2D15-03B2-F151-D05C7E45D5EA" referredColumn="5655400A-4792-C20D-17CF-6697E579D26D"/>
</associations>
</Column>
</columns>
<indexes itemClass="oracle.dbtools.crest.model.design.relational.Index">
<ind_PK_UK id="7483B738-3F67-7121-87BB-85DCD677E141" name="SIEDU_DOCENTE_EVENTO_V2_PK">
<createdBy>Manuel</createdBy>
<createdTime>2016-03-04 03:53:32 UTC</createdTime>
<generatorID>Generado por el Usuario</generatorID>
<ownerDesignName>ERD_POLICIA</ownerDesignName>
<pk>true</pk>
<indexState>Primary Constraint</indexState>
<isSurrogateKey>false</isSurrogateKey>
<indexColumnUsage>
<colUsage columnID="0597E4D0-4643-BAEC-5E5B-FDC73C8DFA05"/>
</indexColumnUsage>
</ind_PK_UK>
<ind_PK_UK id="7D942AF9-F618-BBE6-0150-3D1DC93813A7" name="SIEDU_DOCENTE_EVENTO_UK">
<createdBy>Manuel</createdBy>
<createdTime>2016-05-28 23:35:44 UTC</createdTime>
<generatorID>Generado por el Usuario</generatorID>
<ownerDesignName>ERD_POLICIA</ownerDesignName>
<indexState>Unique Constraint</indexState>
<isSurrogateKey>false</isSurrogateKey>
<indexColumnUsage>
<colUsage columnID="549CD57C-2BE2-66CD-8997-2E5A854CB50F"/>
<colUsage columnID="DF575BF9-09CF-0E0D-B286-B8B51EA9CCAD"/>
<colUsage columnID="033BBD17-0AFA-678A-6093-D17217E8031F"/>
</indexColumnUsage>
</ind_PK_UK>
<ind_PK_UK id="557C68F8-934C-47EB-1BA5-5C5F1E8465E1" name="SIEDU_DOCENTE_EVEN_ESCU_FK">
<createdBy>Manuel</createdBy>
<createdTime>2016-03-04 04:06:19 UTC</createdTime>
<generatorID>Generado por el Usuario</generatorID>
<ownerDesignName>ERD_POLICIA</ownerDesignName>
<indexState>Foreign Key</indexState>
<isSurrogateKey>false</isSurrogateKey>
<indexColumnUsage>
<colUsage columnID="549CD57C-2BE2-66CD-8997-2E5A854CB50F"/>
</indexColumnUsage>
</ind_PK_UK>
<ind_PK_UK id="8EAFF616-F0E2-C3A7-CD36-F63C8C109E05" name="SIEDU_DOCENTE_EVEN_SUBTEMA_FK">
<createdBy>Manuel</createdBy>
<createdTime>2016-03-04 04:09:14 UTC</createdTime>
<generatorID>Generado por el Usuario</generatorID>
<ownerDesignName>ERD_POLICIA</ownerDesignName>
<indexState>Foreign Key</indexState>
<isSurrogateKey>false</isSurrogateKey>
<indexColumnUsage>
<colUsage columnID="DF575BF9-09CF-0E0D-B286-B8B51EA9CCAD"/>
</indexColumnUsage>
</ind_PK_UK>
<ind_PK_UK id="F28343A3-5084-10E5-B35B-EA09ADC0D772" name="SIEDU_DOCENTE_EVEN_PERS_FK">
<createdBy>Manuel</createdBy>
<createdTime>2016-03-06 22:09:12 UTC</createdTime>
<generatorID>Generado por el Usuario</generatorID>
<ownerDesignName>ERD_POLICIA</ownerDesignName>
<indexState>Foreign Key</indexState>
<isSurrogateKey>false</isSurrogateKey>
<indexColumnUsage>
<colUsage columnID="033BBD17-0AFA-678A-6093-D17217E8031F"/>
</indexColumnUsage>
</ind_PK_UK>
</indexes>
</Table>