<?xml version = '1.0' encoding = 'UTF-8'?>
<Table class="oracle.dbtools.crest.model.design.relational.Table" directorySegmentName="seg_0" id="8204DC4B-F8EB-B8DF-DE22-D375E8FFCC2B" name="SIEDU_PRESUPUESTO">
<sourceConnName>POLICIA</sourceConnName>
<sourceObjSchema>USR_DISIGAC2</sourceObjSchema>
<sourceObjName>SIEDU_PRESUPUESTO</sourceObjName>
<createdBy>Manuel</createdBy>
<createdTime>2016-01-07 04:31:14 UTC</createdTime>
<commentInRDBMS>Tabla de definición del Presupuesto para el PAE Capacitación</commentInRDBMS>
<generatorID>Generado por el Usuario</generatorID>
<ownerDesignName>ERD_POLICIA</ownerDesignName>
<schemaObject>ED8B0381-61E9-98DB-D254-F5EC1AB94C4F</schemaObject>
<allowColumnReorder>false</allowColumnReorder>
<existDependencyGenerateInDDl>true</existDependencyGenerateInDDl>
<columns itemClass="oracle.dbtools.crest.model.design.relational.Column">
<Column name="ppto_ppto" id="1BB691EA-F4B7-184F-34CE-D0B30C3EA69E">
<sourceConnName>POLICIA</sourceConnName>
<sourceObjSchema>SIEDU_PRESUPUESTO</sourceObjSchema>
<sourceObjName>ID_PRESUPUESTO</sourceObjName>
<createdBy>Manuel</createdBy>
<createdTime>2016-01-07 04:31:32 UTC</createdTime>
<commentInRDBMS>Secuencial identificador del registro </commentInRDBMS>
<generatorID>Generado por el Usuario</generatorID>
<ownerDesignName>ERD_POLICIA</ownerDesignName>
<useDomainConstraints>false</useDomainConstraints>
<use>1</use>
<logicalDatatype>LOGDT019</logicalDatatype>
<dataTypePrecision>6</dataTypePrecision>
<autoIncrementCycle>false</autoIncrementCycle>
</Column>
<Column name="ppto_capa" id="7B8DF935-F9A5-491C-C8F6-0BF46547F4DD">
<sourceConnName>POLICIA</sourceConnName>
<sourceObjSchema>SIEDU_PRESUPUESTO</sourceObjSchema>
<sourceObjName>PAE_ID_PAE</sourceObjName>
<createdBy>Manuel</createdBy>
<createdTime>2016-01-07 04:31:32 UTC</createdTime>
<commentInRDBMS>Identificador del PAE Capacitación al que hace referencia</commentInRDBMS>
<generatorID>Generado por el Usuario</generatorID>
<ownerDesignName>ERD_POLICIA</ownerDesignName>
<useDomainConstraints>false</useDomainConstraints>
<use>1</use>
<logicalDatatype>LOGDT019</logicalDatatype>
<dataTypePrecision>6</dataTypePrecision>
<delegate>EB02EC2C-C82C-B0BE-64FF-E7016548F163</delegate>
<autoIncrementCycle>false</autoIncrementCycle>
<associations>
<colAssociation fkAssociation="60C1FB88-CD64-283D-1F37-B5C63A1B7708" referredColumn="EB02EC2C-C82C-B0BE-64FF-E7016548F163"/>
</associations>
</Column>
<Column name="ppto_nro_contra" id="10E28379-3F3E-DEBB-F320-EEF6A4093813">
<sourceConnName>POLICIA</sourceConnName>
<sourceObjSchema>SIEDU_PRESUPUESTO</sourceObjSchema>
<sourceObjName>NRO_CONTRATO</sourceObjName>
<createdBy>Manuel</createdBy>
<createdTime>2016-01-07 04:31:32 UTC</createdTime>
<commentInRDBMS>Número de Contrato</commentInRDBMS>
<generatorID>Generado por el Usuario</generatorID>
<ownerDesignName>ERD_POLICIA</ownerDesignName>
<useDomainConstraints>false</useDomainConstraints>
<use>1</use>
<logicalDatatype>LOGDT024</logicalDatatype>
<dataTypeSize>200 BYTE</dataTypeSize>
<autoIncrementCycle>false</autoIncrementCycle>
</Column>
<Column name="ppto_vlr_contra" id="A17BBDA4-17BF-F461-8A00-8F1FE38129D2">
<sourceConnName>POLICIA</sourceConnName>
<sourceObjSchema>SIEDU_PRESUPUESTO</sourceObjSchema>
<sourceObjName>VALOR_CONTRATO</sourceObjName>
<createdBy>Manuel</createdBy>
<createdTime>2016-01-07 04:31:32 UTC</createdTime>
<commentInRDBMS>Valor del Contrato</commentInRDBMS>
<generatorID>Generado por el Usuario</generatorID>
<ownerDesignName>ERD_POLICIA</ownerDesignName>
<useDomainConstraints>false</useDomainConstraints>
<use>1</use>
<logicalDatatype>LOGDT019</logicalDatatype>
<dataTypePrecision>12</dataTypePrecision>
<dataTypeScale>2</dataTypeScale>
<autoIncrementCycle>false</autoIncrementCycle>
</Column>
<Column name="ppto_fecha_contra" id="25EBFC81-EC8B-5D8F-82D0-EC4F03E4AA59">
<createdBy>Manuel</createdBy>
<createdTime>2016-01-23 01:03:28 UTC</createdTime>
<commentInRDBMS>Fecha de Contrato</commentInRDBMS>
<generatorID>Generado por el Usuario</generatorID>
<ownerDesignName>ERD_POLICIA</ownerDesignName>
<nullsAllowed>true</nullsAllowed>
<useDomainConstraints>false</useDomainConstraints>
<use>1</use>
<logicalDatatype>LOGDT007</logicalDatatype>
<autoIncrementCycle>false</autoIncrementCycle>
</Column>
<Column name="ppto_dom_recu" id="D1FA7974-9F0E-B36C-71D2-EACA71E4F365">
<createdBy>Manuel</createdBy>
<createdTime>2016-03-03 02:39:38 UTC</createdTime>
<commentInRDBMS>Recurso asociado al presupuesto.  ( DOMINIO RECURSO )</commentInRDBMS>
<generatorID>Generado por el Usuario</generatorID>
<ownerDesignName>ERD_POLICIA</ownerDesignName>
<nullsAllowed>true</nullsAllowed>
<useDomainConstraints>false</useDomainConstraints>
<use>1</use>
<logicalDatatype>LOGDT019</logicalDatatype>
<dataTypePrecision>4</dataTypePrecision>
<autoIncrementCycle>false</autoIncrementCycle>
</Column>
<Column name="ppto_origen" id="00A818B7-B1D2-4ED4-1625-4BA8F5E8E1FA">
<createdBy>Manuel</createdBy>
<createdTime>2016-01-23 01:04:50 UTC</createdTime>
<commentInRDBMS>Orígen del registro, correspondiente al usuario que realice la inserción.</commentInRDBMS>
<generatorID>Generado por el Usuario</generatorID>
<ownerDesignName>ERD_POLICIA</ownerDesignName>
<nullsAllowed>true</nullsAllowed>
<useDomainConstraints>false</useDomainConstraints>
<use>1</use>
<logicalDatatype>LOGDT024</logicalDatatype>
<dataTypeSize>10</dataTypeSize>
<autoIncrementCycle>false</autoIncrementCycle>
</Column>
</columns>
<indexes itemClass="oracle.dbtools.crest.model.design.relational.Index">
<ind_PK_UK id="1D43C701-D827-0C16-D5B8-97B5199B7D37" name="SIEDU_PRESUPUESTO_PK">
<sourceConnName>POLICIA</sourceConnName>
<sourceObjSchema>USR_DISIGAC2</sourceObjSchema>
<sourceObjName>SIEDU_PRESUPUESTO_PK</sourceObjName>
<createdBy>Manuel</createdBy>
<createdTime>2016-01-07 04:31:43 UTC</createdTime>
<generatorID>Generado por el Usuario</generatorID>
<ownerDesignName>ERD_POLICIA</ownerDesignName>
<pk>true</pk>
<indexState>Primary Constraint</indexState>
<isSurrogateKey>false</isSurrogateKey>
<indexColumnUsage>
<colUsage columnID="1BB691EA-F4B7-184F-34CE-D0B30C3EA69E"/>
</indexColumnUsage>
</ind_PK_UK>
<ind_PK_UK id="0DAE8982-2922-F020-1A47-DA8D73C37A79" name="SIEDU_PRESUPUESTO_UK">
<sourceConnName>POLICIA</sourceConnName>
<sourceObjSchema>USR_DISIGAC2</sourceObjSchema>
<sourceObjName>SIEDU_PRESUPUESTO_UK</sourceObjName>
<createdBy>Manuel</createdBy>
<createdTime>2016-01-07 04:31:43 UTC</createdTime>
<generatorID>Generado por el Usuario</generatorID>
<ownerDesignName>ERD_POLICIA</ownerDesignName>
<indexState>Unique Constraint</indexState>
<isSurrogateKey>false</isSurrogateKey>
<indexColumnUsage>
<colUsage columnID="7B8DF935-F9A5-491C-C8F6-0BF46547F4DD"/>
<colUsage columnID="10E28379-3F3E-DEBB-F320-EEF6A4093813"/>
</indexColumnUsage>
</ind_PK_UK>
<ind_PK_UK id="30A43E80-4319-4934-5EC0-2F835DB42A03" name="SIEDU_PRESUPUESTO_PK">
<sourceConnName>POLICIA</sourceConnName>
<sourceObjSchema>USR_DISIGAC2</sourceObjSchema>
<sourceObjName>SIEDU_PRESUPUESTO_PK</sourceObjName>
<createdBy>Manuel</createdBy>
<createdTime>2016-01-07 04:31:34 UTC</createdTime>
<generatorID>Generado por el Usuario</generatorID>
<ownerDesignName>ERD_POLICIA</ownerDesignName>
<indexState>Unique Plain Index</indexState>
<schemaObject>ED8B0381-61E9-98DB-D254-F5EC1AB94C4F</schemaObject>
<isSurrogateKey>false</isSurrogateKey>
<indexColumnUsage>
<colUsage columnID="1BB691EA-F4B7-184F-34CE-D0B30C3EA69E"/>
</indexColumnUsage>
</ind_PK_UK>
<ind_PK_UK id="317CA7A7-7D56-040C-114D-6AB246684F4D" name="SIEDU_PRESUPUESTO_UK">
<sourceConnName>POLICIA</sourceConnName>
<sourceObjSchema>USR_DISIGAC2</sourceObjSchema>
<sourceObjName>SIEDU_PRESUPUESTO_UK</sourceObjName>
<createdBy>Manuel</createdBy>
<createdTime>2016-01-07 04:31:34 UTC</createdTime>
<generatorID>Generado por el Usuario</generatorID>
<ownerDesignName>ERD_POLICIA</ownerDesignName>
<indexState>Unique Plain Index</indexState>
<schemaObject>ED8B0381-61E9-98DB-D254-F5EC1AB94C4F</schemaObject>
<isSurrogateKey>false</isSurrogateKey>
<indexColumnUsage>
<colUsage columnID="7B8DF935-F9A5-491C-C8F6-0BF46547F4DD"/>
<colUsage columnID="10E28379-3F3E-DEBB-F320-EEF6A4093813"/>
</indexColumnUsage>
</ind_PK_UK>
<ind_PK_UK id="7BE8E19B-13A4-66E0-F3FA-5C48981195D3" name="SIEDU_PRESUPU_PAE_FK">
<createdBy>Manuel</createdBy>
<createdTime>2016-01-07 04:31:47 UTC</createdTime>
<generatorID>Generado por el Usuario</generatorID>
<ownerDesignName>ERD_POLICIA</ownerDesignName>
<indexState>Foreign Key</indexState>
<isSurrogateKey>false</isSurrogateKey>
<indexColumnUsage>
<colUsage columnID="7B8DF935-F9A5-491C-C8F6-0BF46547F4DD"/>
</indexColumnUsage>
</ind_PK_UK>
</indexes>
</Table>