<?xml version = '1.0' encoding = 'UTF-8'?>
<Table class="oracle.dbtools.crest.model.design.relational.Table" directorySegmentName="seg_0" id="860E52AB-4C39-8DEC-8EF4-8AD05B582D4C" name="SIEDU_EVAL_GRADO">
<createdBy>itc</createdBy>
<createdTime>2016-03-10 11:47:43 UTC</createdTime>
<commentInRDBMS>Tabla de Grados por Evaluación</commentInRDBMS>
<generatorID>Generado por el Usuario</generatorID>
<ownerDesignName>ERD_POLICIA</ownerDesignName>
<allowColumnReorder>false</allowColumnReorder>
<existDependencyGenerateInDDl>true</existDependencyGenerateInDDl>
<columns itemClass="oracle.dbtools.crest.model.design.relational.Column">
<Column name="evgr_eval" id="71146B07-508D-43AA-7051-8645EBE28AC2">
<createdBy>itc</createdBy>
<createdTime>2016-03-10 11:48:28 UTC</createdTime>
<commentInRDBMS>Identificador de la Evaluación</commentInRDBMS>
<generatorID>Generado por el Usuario</generatorID>
<ownerDesignName>ERD_POLICIA</ownerDesignName>
<useDomainConstraints>false</useDomainConstraints>
<use>1</use>
<logicalDatatype>LOGDT019</logicalDatatype>
<dataTypePrecision>8</dataTypePrecision>
<delegate>9D763F7B-4B52-9A07-B911-C5A719B46D6C</delegate>
<previousColumn>false</previousColumn>
<autoIncrementCycle>false</autoIncrementCycle>
<associations>
<colAssociation fkAssociation="5779269B-E8BF-01C1-5A43-C61D058844E1" referredColumn="9D763F7B-4B52-9A07-B911-C5A719B46D6C"/>
</associations>
</Column>
<Column name="evgr_grad_fuerza" id="DFAD486D-C713-3344-4DD0-5AEEECD5F9D1">
<createdBy>Manuel</createdBy>
<createdTime>2016-03-18 02:08:09 UTC</createdTime>
<commentInRDBMS>Identificador de Fuerza</commentInRDBMS>
<generatorID>Generado por el Usuario</generatorID>
<ownerDesignName>ERD_POLICIA</ownerDesignName>
<useDomainConstraints>false</useDomainConstraints>
<use>1</use>
<logicalDatatype>LOGDT019</logicalDatatype>
<dataTypePrecision>1</dataTypePrecision>
<delegate>54E4B8E5-A1F5-FA34-A034-D1A0B802D1C8</delegate>
<previousColumn>false</previousColumn>
<autoIncrementCycle>false</autoIncrementCycle>
<associations>
<colAssociation fkAssociation="3B8D32DA-EBBB-26AD-722A-43CB45F456AA" referredColumn="54E4B8E5-A1F5-FA34-A034-D1A0B802D1C8"/>
</associations>
</Column>
<Column name="evgr_grad_alfabetico" id="84AABADB-B584-DA64-8D24-E78F003E62F5">
<createdBy>Manuel</createdBy>
<createdTime>2016-03-18 02:08:09 UTC</createdTime>
<commentInRDBMS>Identificador del Grado Alfabético</commentInRDBMS>
<generatorID>Generado por el Usuario</generatorID>
<ownerDesignName>ERD_POLICIA</ownerDesignName>
<useDomainConstraints>false</useDomainConstraints>
<use>1</use>
<logicalDatatype>LOGDT024</logicalDatatype>
<dataTypeSize>5 BYTE</dataTypeSize>
<delegate>9CFB109C-44F8-F00C-B91D-E45F144F1F79</delegate>
<previousColumn>false</previousColumn>
<autoIncrementCycle>false</autoIncrementCycle>
<associations>
<colAssociation fkAssociation="3B8D32DA-EBBB-26AD-722A-43CB45F456AA" referredColumn="9CFB109C-44F8-F00C-B91D-E45F144F1F79"/>
</associations>
</Column>
</columns>
<indexes itemClass="oracle.dbtools.crest.model.design.relational.Index">
<ind_PK_UK id="88FBD4BC-7E39-54A4-70F2-188669D13B95" name="SIEDU_EVAL_GRADO_PK">
<createdBy>itc</createdBy>
<createdTime>2016-03-10 11:49:30 UTC</createdTime>
<generatorID>Generado por el Usuario</generatorID>
<ownerDesignName>ERD_POLICIA</ownerDesignName>
<pk>true</pk>
<indexState>Primary Constraint</indexState>
<isSurrogateKey>false</isSurrogateKey>
<indexColumnUsage>
<colUsage columnID="71146B07-508D-43AA-7051-8645EBE28AC2"/>
<colUsage columnID="DFAD486D-C713-3344-4DD0-5AEEECD5F9D1"/>
<colUsage columnID="84AABADB-B584-DA64-8D24-E78F003E62F5"/>
</indexColumnUsage>
</ind_PK_UK>
<ind_PK_UK id="F2D41747-D725-8320-809D-CFD31460CBF3" name="SIEDU_EVAL_GRADO_EVAL_FK">
<createdBy>itc</createdBy>
<createdTime>2016-03-10 11:48:28 UTC</createdTime>
<generatorID>Generado por el Usuario</generatorID>
<ownerDesignName>ERD_POLICIA</ownerDesignName>
<indexState>Foreign Key</indexState>
<isSurrogateKey>false</isSurrogateKey>
<indexColumnUsage>
<colUsage columnID="71146B07-508D-43AA-7051-8645EBE28AC2"/>
</indexColumnUsage>
</ind_PK_UK>
<ind_PK_UK id="D0FEF558-97C7-07FF-DF0A-041F31C48BED" name="SIEDU_EVAL_GRADO_GRADOS_FK">
<createdBy>Manuel</createdBy>
<createdTime>2016-03-18 02:08:09 UTC</createdTime>
<generatorID>Generado por el Usuario</generatorID>
<ownerDesignName>ERD_POLICIA</ownerDesignName>
<indexState>Foreign Key</indexState>
<isSurrogateKey>false</isSurrogateKey>
<indexColumnUsage>
<colUsage columnID="DFAD486D-C713-3344-4DD0-5AEEECD5F9D1"/>
<colUsage columnID="84AABADB-B584-DA64-8D24-E78F003E62F5"/>
</indexColumnUsage>
</ind_PK_UK>
</indexes>
</Table>