<?xml version = '1.0' encoding = 'UTF-8'?>
<Table class="oracle.dbtools.crest.model.design.relational.Table" directorySegmentName="seg_0" id="86F6941D-85E2-27CE-32F0-62B40975A3D3" name="SIEDU_EMPLEADO_EXTERNO">
<createdBy>Manuel</createdBy>
<createdTime>2016-03-04 03:58:04 UTC</createdTime>
<commentInRDBMS>Tabla de Empleados que no hacen parte de la Policía</commentInRDBMS>
<generatorID>Generado por el Usuario</generatorID>
<ownerDesignName>ERD_POLICIA</ownerDesignName>
<allowColumnReorder>false</allowColumnReorder>
<existDependencyGenerateInDDl>true</existDependencyGenerateInDDl>
<columns itemClass="oracle.dbtools.crest.model.design.relational.Column">
<Column name="empe_empe" id="67C8917B-9A92-303F-E143-D2A60E55B416">
<createdBy>Manuel</createdBy>
<createdTime>2016-03-06 22:00:40 UTC</createdTime>
<commentInRDBMS>Secuencial Identificador del registro de Empleado Externo</commentInRDBMS>
<generatorID>Generado por el Usuario</generatorID>
<ownerDesignName>ERD_POLICIA</ownerDesignName>
<useDomainConstraints>false</useDomainConstraints>
<use>1</use>
<logicalDatatype>LOGDT019</logicalDatatype>
<dataTypePrecision>8</dataTypePrecision>
<autoIncrementCycle>false</autoIncrementCycle>
</Column>
<Column name="empe_tipoId" id="8C92BD6A-4545-0946-6757-D79A037A6862">
<createdBy>Manuel</createdBy>
<createdTime>2016-03-06 22:59:44 UTC</createdTime>
<commentInRDBMS>Tipo Documento de Identificacion.CC-CEDULA DE CIUDADANIA,CD-CARTA DENTAL,CE-CEDULA EXTRANJERIA,LM-LIBRETA MILITAR,NI-NUMERO IDENTIFICACION TRIBUTARIA,NR-NO REPORTADO,PA-PASAPORTE,PJ-PERSONERIA JURIDICA,RM-REGISTRO MERCANTIL,TD-TARJETA DECADACTILAR,TI-TARJETA IDENTIDAD,TP-TARJETA PROFESIONAL,TS-TARJETA SEGURO SOCIAL,RC-REGISTRO CIVIL,NU-NUMERO UNICO DE IDENTIFICACION PERSONAL,CM-CARNET DIPLOMATICO&apos; ;</commentInRDBMS>
<generatorID>Generado por el Usuario</generatorID>
<ownerDesignName>ERD_POLICIA</ownerDesignName>
<useDomainConstraints>false</useDomainConstraints>
<use>1</use>
<logicalDatatype>LOGDT024</logicalDatatype>
<dataTypeSize>2</dataTypeSize>
<autoIncrementCycle>false</autoIncrementCycle>
</Column>
<Column name="empe_nroId" id="C8113B68-E540-814B-98FF-6C0A4DE52B02">
<createdBy>Manuel</createdBy>
<createdTime>2016-03-06 22:59:44 UTC</createdTime>
<commentInRDBMS>Numero Documento o Identificacion del Empleado</commentInRDBMS>
<generatorID>Generado por el Usuario</generatorID>
<ownerDesignName>ERD_POLICIA</ownerDesignName>
<useDomainConstraints>false</useDomainConstraints>
<use>1</use>
<logicalDatatype>LOGDT024</logicalDatatype>
<dataTypeSize>14</dataTypeSize>
<autoIncrementCycle>false</autoIncrementCycle>
</Column>
<Column name="empe_nombres" id="1E4C6954-D545-F986-3623-B8197EA826FD">
<createdBy>Manuel</createdBy>
<createdTime>2016-03-06 22:59:44 UTC</createdTime>
<commentInRDBMS>Nombres completos del Empleado</commentInRDBMS>
<generatorID>Generado por el Usuario</generatorID>
<ownerDesignName>ERD_POLICIA</ownerDesignName>
<useDomainConstraints>false</useDomainConstraints>
<use>1</use>
<logicalDatatype>LOGDT024</logicalDatatype>
<dataTypeSize>30</dataTypeSize>
<autoIncrementCycle>false</autoIncrementCycle>
</Column>
<Column name="empe_apellidos" id="92413845-10F7-8E90-E2BF-75C08346A678">
<createdBy>Manuel</createdBy>
<createdTime>2016-03-06 22:59:44 UTC</createdTime>
<commentInRDBMS>Apellidos del Empleado</commentInRDBMS>
<generatorID>Generado por el Usuario</generatorID>
<ownerDesignName>ERD_POLICIA</ownerDesignName>
<useDomainConstraints>false</useDomainConstraints>
<use>1</use>
<logicalDatatype>LOGDT024</logicalDatatype>
<dataTypeSize>30</dataTypeSize>
<autoIncrementCycle>false</autoIncrementCycle>
</Column>
<Column name="empe_fecha_nac" id="9C2B3A9B-1778-5DF7-D93B-6DBB5790E57C">
<createdBy>Manuel</createdBy>
<createdTime>2016-03-06 22:59:44 UTC</createdTime>
<commentInRDBMS>Fecha de Nacimiento</commentInRDBMS>
<generatorID>Generado por el Usuario</generatorID>
<ownerDesignName>ERD_POLICIA</ownerDesignName>
<useDomainConstraints>false</useDomainConstraints>
<use>1</use>
<logicalDatatype>LOGDT007</logicalDatatype>
<autoIncrementCycle>false</autoIncrementCycle>
</Column>
<Column name="empe_grupo_sang" id="35525DD0-8ABA-BD0E-AEAE-AFC49EF8E9BE">
<createdBy>Manuel</createdBy>
<createdTime>2016-03-06 22:59:44 UTC</createdTime>
<commentInRDBMS>Grupo Sanguineo</commentInRDBMS>
<generatorID>Generado por el Usuario</generatorID>
<ownerDesignName>ERD_POLICIA</ownerDesignName>
<useDomainConstraints>false</useDomainConstraints>
<use>1</use>
<logicalDatatype>LOGDT024</logicalDatatype>
<dataTypeSize>2</dataTypeSize>
<autoIncrementCycle>false</autoIncrementCycle>
</Column>
<Column name="empe_factorrh" id="7BD15C5C-F4E3-A926-D9A4-E14630218925">
<createdBy>Manuel</createdBy>
<createdTime>2016-03-06 22:59:44 UTC</createdTime>
<commentInRDBMS>Factor RH</commentInRDBMS>
<generatorID>Generado por el Usuario</generatorID>
<ownerDesignName>ERD_POLICIA</ownerDesignName>
<useDomainConstraints>false</useDomainConstraints>
<use>1</use>
<logicalDatatype>LOGDT024</logicalDatatype>
<dataTypeSize>2</dataTypeSize>
<autoIncrementCycle>false</autoIncrementCycle>
</Column>
<Column name="empe_estado_civil" id="870FA105-CD21-4462-09E5-85EA8EF71ED2">
<createdBy>Manuel</createdBy>
<createdTime>2016-03-06 22:59:44 UTC</createdTime>
<commentInRDBMS>Estado Civil del Empleado</commentInRDBMS>
<generatorID>Generado por el Usuario</generatorID>
<ownerDesignName>ERD_POLICIA</ownerDesignName>
<useDomainConstraints>false</useDomainConstraints>
<use>1</use>
<logicalDatatype>LOGDT024</logicalDatatype>
<dataTypeSize>2</dataTypeSize>
<autoIncrementCycle>false</autoIncrementCycle>
</Column>
<Column name="empe_sexo" id="9581FF0F-CEB6-2AB9-FCC1-88749AAA8DCD">
<createdBy>Manuel</createdBy>
<createdTime>2016-03-06 22:59:44 UTC</createdTime>
<commentInRDBMS>Sexo del Empleado. BI-Bisexual,HF-Homosexual Femenino,FE-Femenino,MA-Masculino,NR-No Reportado,HM-Homosexual Masculino</commentInRDBMS>
<generatorID>Generado por el Usuario</generatorID>
<ownerDesignName>ERD_POLICIA</ownerDesignName>
<useDomainConstraints>false</useDomainConstraints>
<use>1</use>
<logicalDatatype>LOGDT024</logicalDatatype>
<dataTypeSize>2</dataTypeSize>
<autoIncrementCycle>false</autoIncrementCycle>
</Column>
<Column name="empe_barrio_res" id="EF4EAAEF-E869-9C1C-E172-9ACE4194996A">
<createdBy>Manuel</createdBy>
<createdTime>2016-03-06 23:30:07 UTC</createdTime>
<commentInRDBMS>Barrio de Residencia</commentInRDBMS>
<generatorID>Generado por el Usuario</generatorID>
<ownerDesignName>ERD_POLICIA</ownerDesignName>
<nullsAllowed>true</nullsAllowed>
<useDomainConstraints>false</useDomainConstraints>
<use>1</use>
<logicalDatatype>LOGDT024</logicalDatatype>
<dataTypeSize>100</dataTypeSize>
<autoIncrementCycle>false</autoIncrementCycle>
</Column>
<Column name="empe_dire_res" id="27DFF37A-9943-F38E-A5D5-D4A6A8E0CFC9">
<createdBy>Manuel</createdBy>
<createdTime>2016-03-06 22:59:44 UTC</createdTime>
<commentInRDBMS>Direccion de Residencia</commentInRDBMS>
<generatorID>Generado por el Usuario</generatorID>
<ownerDesignName>ERD_POLICIA</ownerDesignName>
<useDomainConstraints>false</useDomainConstraints>
<use>1</use>
<logicalDatatype>LOGDT024</logicalDatatype>
<dataTypeSize>100</dataTypeSize>
<autoIncrementCycle>false</autoIncrementCycle>
</Column>
<Column name="empe_entidad" id="CEB08F2D-A300-47F7-9646-FE052C8752FF">
<createdBy>Manuel</createdBy>
<createdTime>2016-03-06 23:32:03 UTC</createdTime>
<commentInRDBMS>Entidad o Dependencia</commentInRDBMS>
<generatorID>Generado por el Usuario</generatorID>
<ownerDesignName>ERD_POLICIA</ownerDesignName>
<nullsAllowed>true</nullsAllowed>
<useDomainConstraints>false</useDomainConstraints>
<use>1</use>
<logicalDatatype>LOGDT024</logicalDatatype>
<dataTypeSize>100</dataTypeSize>
<autoIncrementCycle>false</autoIncrementCycle>
</Column>
<Column name="empe_luggeo_painac" id="C93425D5-2D30-3CD5-2B29-5760E843BCC7">
<createdBy>Manuel</createdBy>
<createdTime>2016-03-06 23:18:05 UTC</createdTime>
<commentInRDBMS>País Nacimiento</commentInRDBMS>
<generatorID>Generado por el Usuario</generatorID>
<ownerDesignName>ERD_POLICIA</ownerDesignName>
<useDomainConstraints>false</useDomainConstraints>
<use>1</use>
<logicalDatatype>LOGDT019</logicalDatatype>
<dataTypePrecision>6</dataTypePrecision>
<delegate>2F20858E-F3D1-33F7-798F-E1DB17FCDA96</delegate>
<previousColumn>false</previousColumn>
<autoIncrementCycle>false</autoIncrementCycle>
<associations>
<colAssociation fkAssociation="200DE657-4201-95E9-6449-FDC292B5DBF4" referredColumn="2F20858E-F3D1-33F7-798F-E1DB17FCDA96"/>
</associations>
</Column>
<Column name="empe_luggeo_ciunac" id="3497FE5D-4AC1-D774-04D7-073D7179CCA9">
<createdBy>Manuel</createdBy>
<createdTime>2016-03-06 23:23:06 UTC</createdTime>
<commentInRDBMS>Ciudad de nacimiento</commentInRDBMS>
<generatorID>Generado por el Usuario</generatorID>
<ownerDesignName>ERD_POLICIA</ownerDesignName>
<useDomainConstraints>false</useDomainConstraints>
<use>1</use>
<logicalDatatype>LOGDT019</logicalDatatype>
<dataTypePrecision>6</dataTypePrecision>
<delegate>2F20858E-F3D1-33F7-798F-E1DB17FCDA96</delegate>
<previousColumn>false</previousColumn>
<autoIncrementCycle>false</autoIncrementCycle>
<associations>
<colAssociation fkAssociation="DC432826-C83A-FE71-BBCF-B4A1DC2B8590" referredColumn="2F20858E-F3D1-33F7-798F-E1DB17FCDA96"/>
</associations>
</Column>
<Column name="empe_luggeo_paires" id="C826ED01-6CAC-EBC2-6A9C-E59919FD0CBC">
<createdBy>Manuel</createdBy>
<createdTime>2016-03-06 23:24:43 UTC</createdTime>
<commentInRDBMS>País de Residencia</commentInRDBMS>
<generatorID>Generado por el Usuario</generatorID>
<ownerDesignName>ERD_POLICIA</ownerDesignName>
<useDomainConstraints>false</useDomainConstraints>
<use>1</use>
<logicalDatatype>LOGDT019</logicalDatatype>
<dataTypePrecision>6</dataTypePrecision>
<delegate>2F20858E-F3D1-33F7-798F-E1DB17FCDA96</delegate>
<previousColumn>false</previousColumn>
<autoIncrementCycle>false</autoIncrementCycle>
<associations>
<colAssociation fkAssociation="8C742D88-2D92-8811-B39F-80EE39B77B4A" referredColumn="2F20858E-F3D1-33F7-798F-E1DB17FCDA96"/>
</associations>
</Column>
<Column name="empe_luggeo_ciures" id="EDC6CCEE-EF26-65B5-2FA0-0AE7D2B3DC8D">
<createdBy>Manuel</createdBy>
<createdTime>2016-03-06 23:26:09 UTC</createdTime>
<commentInRDBMS>Ciudad de Residencia</commentInRDBMS>
<generatorID>Generado por el Usuario</generatorID>
<ownerDesignName>ERD_POLICIA</ownerDesignName>
<useDomainConstraints>false</useDomainConstraints>
<use>1</use>
<logicalDatatype>LOGDT019</logicalDatatype>
<dataTypePrecision>6</dataTypePrecision>
<delegate>2F20858E-F3D1-33F7-798F-E1DB17FCDA96</delegate>
<previousColumn>false</previousColumn>
<autoIncrementCycle>false</autoIncrementCycle>
<associations>
<colAssociation fkAssociation="5661D27E-25E0-77FC-9B45-D1ADE5DBC38D" referredColumn="2F20858E-F3D1-33F7-798F-E1DB17FCDA96"/>
</associations>
</Column>
</columns>
<indexes itemClass="oracle.dbtools.crest.model.design.relational.Index">
<ind_PK_UK id="F88C48EA-8196-4DCF-2E83-5ABD72686020" name="SIEDU_EMPLEADO_EXTERNO_PK">
<createdBy>Manuel</createdBy>
<createdTime>2016-03-06 22:02:11 UTC</createdTime>
<generatorID>Generado por el Usuario</generatorID>
<ownerDesignName>ERD_POLICIA</ownerDesignName>
<pk>true</pk>
<indexState>Primary Constraint</indexState>
<isSurrogateKey>false</isSurrogateKey>
<indexColumnUsage>
<colUsage columnID="67C8917B-9A92-303F-E143-D2A60E55B416"/>
</indexColumnUsage>
</ind_PK_UK>
<ind_PK_UK id="890B65E7-8448-A530-4A49-90968C41FF4E" name="SIEDU_EMPLEADO_EXTERNO_UK">
<createdBy>Manuel</createdBy>
<createdTime>2016-05-18 04:09:46 UTC</createdTime>
<generatorID>Generado por el Usuario</generatorID>
<ownerDesignName>ERD_POLICIA</ownerDesignName>
<indexState>Unique Constraint</indexState>
<isSurrogateKey>false</isSurrogateKey>
<indexColumnUsage>
<colUsage columnID="C8113B68-E540-814B-98FF-6C0A4DE52B02"/>
<colUsage columnID="8C92BD6A-4545-0946-6757-D79A037A6862"/>
</indexColumnUsage>
</ind_PK_UK>
<ind_PK_UK id="0E9CE533-B60B-B89B-3F48-4E7679B950BE" name="SIEDU_EMP_EXT_LUGGEO_PAINAC_FK">
<createdBy>Manuel</createdBy>
<createdTime>2016-03-06 23:18:05 UTC</createdTime>
<generatorID>Generado por el Usuario</generatorID>
<ownerDesignName>ERD_POLICIA</ownerDesignName>
<indexState>Foreign Key</indexState>
<isSurrogateKey>false</isSurrogateKey>
<indexColumnUsage>
<colUsage columnID="C93425D5-2D30-3CD5-2B29-5760E843BCC7"/>
</indexColumnUsage>
</ind_PK_UK>
<ind_PK_UK id="41CD4DA1-FDC9-2B1A-7071-65FD2D5A43A2" name="SIEDU_EMP_EXT_LUGGEO_CIUNAC_FK">
<createdBy>Manuel</createdBy>
<createdTime>2016-03-06 23:23:06 UTC</createdTime>
<generatorID>Generado por el Usuario</generatorID>
<ownerDesignName>ERD_POLICIA</ownerDesignName>
<indexState>Foreign Key</indexState>
<isSurrogateKey>false</isSurrogateKey>
<indexColumnUsage>
<colUsage columnID="3497FE5D-4AC1-D774-04D7-073D7179CCA9"/>
</indexColumnUsage>
</ind_PK_UK>
<ind_PK_UK id="FAF9FE30-88C5-56C7-DB53-42DFED64C75A" name="SIEDU_EMP_EXT_LUGGEO_PAIRES_FK">
<createdBy>Manuel</createdBy>
<createdTime>2016-03-06 23:24:43 UTC</createdTime>
<generatorID>Generado por el Usuario</generatorID>
<ownerDesignName>ERD_POLICIA</ownerDesignName>
<indexState>Foreign Key</indexState>
<isSurrogateKey>false</isSurrogateKey>
<indexColumnUsage>
<colUsage columnID="C826ED01-6CAC-EBC2-6A9C-E59919FD0CBC"/>
</indexColumnUsage>
</ind_PK_UK>
<ind_PK_UK id="ED1CFF40-6CA0-70C1-70E6-B00FAFDD81E9" name="SIEDU_EMP_EXT_LUGGEO_CIURES_FK">
<createdBy>Manuel</createdBy>
<createdTime>2016-03-06 23:26:09 UTC</createdTime>
<generatorID>Generado por el Usuario</generatorID>
<ownerDesignName>ERD_POLICIA</ownerDesignName>
<indexState>Foreign Key</indexState>
<isSurrogateKey>false</isSurrogateKey>
<indexColumnUsage>
<colUsage columnID="EDC6CCEE-EF26-65B5-2FA0-0AE7D2B3DC8D"/>
</indexColumnUsage>
</ind_PK_UK>
</indexes>
<tableCheckConstraints itemClass="oracle.dbtools.crest.model.design.constraint.TableLevelConstraint">
<tableCheckConstraint name="SIEDU_EMPLEADO_EXTERNO_CK" directorySegmentName="seg_2" id="2979829A-EDB0-910F-DAB3-9425EDF157CA">
<createdBy>Manuel</createdBy>
<createdTime>2016-05-18 04:09:22 UTC</createdTime>
<generatorID>Generado por el Usuario</generatorID>
<ownerDesignName>ERD_POLICIA</ownerDesignName>
<rule>empe_tipoId in ( &apos;NU&apos;,&apos;RC&apos;,&apos;CC&apos;,&apos;NR&apos;,&apos;TI&apos;,&apos;CE&apos; )</rule>
</tableCheckConstraint>
<tableCheckConstraint name="SIEDU_EMPLEADO_EXT_GRPSANG_CK" directorySegmentName="seg_2" id="E6D98D07-9A11-BBB9-958C-0EF3454EA1F5">
<createdBy>Manuel</createdBy>
<createdTime>2016-05-18 04:22:00 UTC</createdTime>
<generatorID>Generado por el Usuario</generatorID>
<ownerDesignName>ERD_POLICIA</ownerDesignName>
<rule>empe_grupo_sang IN ( &apos;A&apos;,&apos;NR&apos;,&apos;O&apos;,&apos;B&apos;,&apos;AB&apos; )</rule>
</tableCheckConstraint>
<tableCheckConstraint name="SIEDU_EMPLEADO_EXT_FACRH_CK" directorySegmentName="seg_2" id="445C948A-5B53-50B5-0312-E1A2AF05674E">
<createdBy>Manuel</createdBy>
<createdTime>2016-05-18 04:22:00 UTC</createdTime>
<generatorID>Generado por el Usuario</generatorID>
<ownerDesignName>ERD_POLICIA</ownerDesignName>
<rule>empe_factorrh in (&apos;PO&apos;,&apos;NE&apos;,&apos;NR&apos;)</rule>
</tableCheckConstraint>
<tableCheckConstraint name="SIEDU_EMPLEADO_EXT_ESTCIV_CK" directorySegmentName="seg_2" id="D30CA18F-8DCA-7955-C748-7EF994CCF8CD">
<createdBy>Manuel</createdBy>
<createdTime>2016-05-18 04:22:00 UTC</createdTime>
<generatorID>Generado por el Usuario</generatorID>
<ownerDesignName>ERD_POLICIA</ownerDesignName>
<rule>empe_estado_civil in (&apos;CA&apos;,&apos;UL&apos;,&apos;SO&apos;,&apos;VI&apos;,&apos;DI&apos;,&apos;SE&apos;,&apos;NR&apos;)</rule>
</tableCheckConstraint>
<tableCheckConstraint name="SIEDU_EMPLEADO_EXT_SEXO_CK" directorySegmentName="seg_2" id="92CFBFFD-C1AB-16E1-FFEB-8AE2387E26F4">
<createdBy>Manuel</createdBy>
<createdTime>2016-05-18 04:22:00 UTC</createdTime>
<generatorID>Generado por el Usuario</generatorID>
<ownerDesignName>ERD_POLICIA</ownerDesignName>
<rule>empe_sexo in (&apos;MA&apos;,&apos;NR&apos;,&apos;FE&apos;)</rule>
</tableCheckConstraint>
</tableCheckConstraints>
</Table>