<?xml version = '1.0' encoding = 'UTF-8'?>
<Table class="oracle.dbtools.crest.model.design.relational.Table" directorySegmentName="seg_0" id="8824F59A-0063-6594-85A4-09E3AFBC3716" name="SIEDU_EVENTO_ESCUELA">
<createdBy>Manuel</createdBy>
<createdTime>2016-03-04 03:12:42 UTC</createdTime>
<commentInRDBMS>Tabla que relaciona Evento con Escuelas</commentInRDBMS>
<generatorID>Generado por el Usuario</generatorID>
<ownerDesignName>ERD_POLICIA</ownerDesignName>
<allowColumnReorder>false</allowColumnReorder>
<existDependencyGenerateInDDl>true</existDependencyGenerateInDDl>
<columns itemClass="oracle.dbtools.crest.model.design.relational.Column">
<Column name="evee_evee" id="98B51B8C-8599-502F-63A9-A41AD463BB12">
<createdBy>Manuel</createdBy>
<createdTime>2016-03-04 03:18:18 UTC</createdTime>
<commentInRDBMS>Secuencial identificador del registro</commentInRDBMS>
<generatorID>Generado por el Usuario</generatorID>
<ownerDesignName>ERD_POLICIA</ownerDesignName>
<useDomainConstraints>false</useDomainConstraints>
<use>1</use>
<logicalDatatype>LOGDT019</logicalDatatype>
<dataTypePrecision>6</dataTypePrecision>
<autoIncrementCycle>false</autoIncrementCycle>
</Column>
<Column name="evee_even" id="37C81154-DEA4-DFBC-7B65-6370B97C7B9C">
<createdBy>Manuel</createdBy>
<createdTime>2016-03-04 03:27:11 UTC</createdTime>
<commentInRDBMS>Identificador del Evento</commentInRDBMS>
<generatorID>Generado por el Usuario</generatorID>
<ownerDesignName>ERD_POLICIA</ownerDesignName>
<useDomainConstraints>false</useDomainConstraints>
<use>1</use>
<logicalDatatype>LOGDT019</logicalDatatype>
<dataTypePrecision>8</dataTypePrecision>
<delegate>754CEE57-AD0A-3328-130A-FAA3A5EB8966</delegate>
<previousColumn>false</previousColumn>
<autoIncrementCycle>false</autoIncrementCycle>
<associations>
<colAssociation fkAssociation="BBA08CA1-A4D7-C3FA-2334-5E5D6E89E7D7" referredColumn="754CEE57-AD0A-3328-130A-FAA3A5EB8966"/>
</associations>
</Column>
<Column name="evee_capa" id="CF9372F0-757B-32AD-6CC7-8DB27848095A">
<createdBy>Manuel</createdBy>
<createdTime>2016-03-06 13:41:00 UTC</createdTime>
<commentInRDBMS>Registro de Capacitación correspondiente al Evento Escuela</commentInRDBMS>
<generatorID>Generado por el Usuario</generatorID>
<ownerDesignName>ERD_POLICIA</ownerDesignName>
<useDomainConstraints>false</useDomainConstraints>
<use>1</use>
<logicalDatatype>LOGDT019</logicalDatatype>
<dataTypePrecision>6</dataTypePrecision>
<delegate>EB02EC2C-C82C-B0BE-64FF-E7016548F163</delegate>
<previousColumn>false</previousColumn>
<autoIncrementCycle>false</autoIncrementCycle>
<associations>
<colAssociation fkAssociation="0C9C8FF8-A868-56D4-0803-EEC5539D84DB" referredColumn="EB02EC2C-C82C-B0BE-64FF-E7016548F163"/>
</associations>
</Column>
<Column name="evee_nro_evento" id="A0026063-B532-E171-DAB2-0D7B833EA76E">
<createdBy>Manuel</createdBy>
<createdTime>2016-03-04 03:32:31 UTC</createdTime>
<commentInRDBMS>Número del Evento</commentInRDBMS>
<generatorID>Generado por el Usuario</generatorID>
<ownerDesignName>ERD_POLICIA</ownerDesignName>
<nullsAllowed>true</nullsAllowed>
<useDomainConstraints>false</useDomainConstraints>
<use>1</use>
<logicalDatatype>LOGDT019</logicalDatatype>
<dataTypePrecision>3</dataTypePrecision>
<autoIncrementCycle>false</autoIncrementCycle>
</Column>
<Column name="evee_trimes" id="374FBEA7-793C-BE9D-3D5B-4CE07F9CE73B">
<createdBy>Manuel</createdBy>
<createdTime>2016-03-04 03:34:40 UTC</createdTime>
<commentInRDBMS>Número del Trimestre</commentInRDBMS>
<generatorID>Generado por el Usuario</generatorID>
<ownerDesignName>ERD_POLICIA</ownerDesignName>
<nullsAllowed>true</nullsAllowed>
<useDomainConstraints>false</useDomainConstraints>
<use>1</use>
<logicalDatatype>LOGDT019</logicalDatatype>
<dataTypePrecision>1</dataTypePrecision>
<autoIncrementCycle>false</autoIncrementCycle>
</Column>
<Column name="evee_nro_participantes" id="704DA95B-D3A6-BF59-8FD7-8F2C712C3EEA">
<createdBy>Manuel</createdBy>
<createdTime>2016-03-04 03:36:03 UTC</createdTime>
<commentInRDBMS>Número de participantes programados para el evento</commentInRDBMS>
<generatorID>Generado por el Usuario</generatorID>
<ownerDesignName>ERD_POLICIA</ownerDesignName>
<nullsAllowed>true</nullsAllowed>
<useDomainConstraints>false</useDomainConstraints>
<use>1</use>
<logicalDatatype>LOGDT019</logicalDatatype>
<dataTypePrecision>6</dataTypePrecision>
<autoIncrementCycle>false</autoIncrementCycle>
</Column>
<Column name="evee_fechaIni" id="65E76993-95AF-7EC7-7CD4-DC617C7D9156">
<createdBy>Manuel</createdBy>
<createdTime>2016-03-04 03:36:55 UTC</createdTime>
<commentInRDBMS>Fecha de Inicio de Evento</commentInRDBMS>
<generatorID>Generado por el Usuario</generatorID>
<ownerDesignName>ERD_POLICIA</ownerDesignName>
<nullsAllowed>true</nullsAllowed>
<useDomainConstraints>false</useDomainConstraints>
<use>1</use>
<logicalDatatype>LOGDT007</logicalDatatype>
<autoIncrementCycle>false</autoIncrementCycle>
</Column>
<Column name="evee_fechaFin" id="825CE158-FA68-0B0A-6C52-15C72EBD5334">
<createdBy>Manuel</createdBy>
<createdTime>2016-03-04 03:37:21 UTC</createdTime>
<commentInRDBMS>Fecha Fin del Evento</commentInRDBMS>
<generatorID>Generado por el Usuario</generatorID>
<ownerDesignName>ERD_POLICIA</ownerDesignName>
<nullsAllowed>true</nullsAllowed>
<useDomainConstraints>false</useDomainConstraints>
<use>1</use>
<logicalDatatype>LOGDT007</logicalDatatype>
<autoIncrementCycle>false</autoIncrementCycle>
</Column>
<Column name="evee_cerrado" id="984098BB-E066-1E55-0843-E02FF26294B6">
<createdBy>Manuel</createdBy>
<createdTime>2016-03-04 03:40:39 UTC</createdTime>
<commentInRDBMS>Indica si el Evento se encuentra en Estado Cerrado S-SI o N-NO</commentInRDBMS>
<generatorID>Generado por el Usuario</generatorID>
<ownerDesignName>ERD_POLICIA</ownerDesignName>
<useDomainConstraints>false</useDomainConstraints>
<use>1</use>
<logicalDatatype>LOGDT024</logicalDatatype>
<dataTypeSize>1</dataTypeSize>
<autoIncrementCycle>false</autoIncrementCycle>
</Column>
<Column name="evee_enti" id="B5A75D3C-5453-009E-B5DF-4730C014DA19">
<createdBy>Manuel</createdBy>
<createdTime>2016-03-06 13:54:41 UTC</createdTime>
<commentInRDBMS>Entidad que dicta la capacitación</commentInRDBMS>
<generatorID>Generado por el Usuario</generatorID>
<ownerDesignName>ERD_POLICIA</ownerDesignName>
<useDomainConstraints>false</useDomainConstraints>
<use>1</use>
<logicalDatatype>LOGDT019</logicalDatatype>
<delegate>D4E623F4-060B-9EC3-78CC-7292F22ACE4F</delegate>
<previousColumn>false</previousColumn>
<autoIncrementCycle>false</autoIncrementCycle>
<associations>
<colAssociation fkAssociation="8292167C-B982-405A-7602-212635CD4F38" referredColumn="D4E623F4-060B-9EC3-78CC-7292F22ACE4F"/>
</associations>
</Column>
<Column name="evee_dom_financia" id="8EF48AE5-8C49-F78D-01A0-F0872C87DCCD">
<createdBy>Manuel</createdBy>
<createdTime>2016-03-07 01:13:31 UTC</createdTime>
<commentInRDBMS>Financiación de la Capacitación. (DOMINIO FINANCIACION)</commentInRDBMS>
<generatorID>Generado por el Usuario</generatorID>
<ownerDesignName>ERD_POLICIA</ownerDesignName>
<nullsAllowed>true</nullsAllowed>
<useDomainConstraints>false</useDomainConstraints>
<use>1</use>
<logicalDatatype>LOGDT019</logicalDatatype>
<dataTypePrecision>4</dataTypePrecision>
<autoIncrementCycle>false</autoIncrementCycle>
</Column>
<Column name="evee_ppto" id="196F02C0-8F38-8FF9-8E60-498F79A82F03">
<createdBy>Manuel</createdBy>
<createdTime>2016-03-06 13:58:46 UTC</createdTime>
<commentInRDBMS>Registro de Presupuesto relacionado</commentInRDBMS>
<generatorID>Generado por el Usuario</generatorID>
<ownerDesignName>ERD_POLICIA</ownerDesignName>
<useDomainConstraints>false</useDomainConstraints>
<use>1</use>
<logicalDatatype>LOGDT019</logicalDatatype>
<dataTypePrecision>6</dataTypePrecision>
<delegate>1BB691EA-F4B7-184F-34CE-D0B30C3EA69E</delegate>
<previousColumn>false</previousColumn>
<autoIncrementCycle>false</autoIncrementCycle>
<associations>
<colAssociation fkAssociation="BF25E832-A3D4-201E-E036-E514E76BD665" referredColumn="1BB691EA-F4B7-184F-34CE-D0B30C3EA69E"/>
</associations>
</Column>
<Column name="evee_costo_capa" id="D585AF9E-65DA-9FA5-BEDC-E950ADE35156">
<createdBy>Manuel</createdBy>
<createdTime>2016-03-06 14:03:11 UTC</createdTime>
<commentInRDBMS>Costo de la Capacitación</commentInRDBMS>
<generatorID>Generado por el Usuario</generatorID>
<ownerDesignName>ERD_POLICIA</ownerDesignName>
<nullsAllowed>true</nullsAllowed>
<useDomainConstraints>false</useDomainConstraints>
<use>1</use>
<logicalDatatype>LOGDT019</logicalDatatype>
<dataTypePrecision>10</dataTypePrecision>
<autoIncrementCycle>false</autoIncrementCycle>
</Column>
<Column name="evee_nro_dias" id="6E65BD61-3018-B711-81EE-84D73374FFCA">
<createdBy>Manuel</createdBy>
<createdTime>2016-03-06 14:05:27 UTC</createdTime>
<commentInRDBMS>Número de días de capacitación</commentInRDBMS>
<generatorID>Generado por el Usuario</generatorID>
<ownerDesignName>ERD_POLICIA</ownerDesignName>
<nullsAllowed>true</nullsAllowed>
<useDomainConstraints>false</useDomainConstraints>
<use>1</use>
<logicalDatatype>LOGDT019</logicalDatatype>
<dataTypePrecision>3</dataTypePrecision>
<autoIncrementCycle>false</autoIncrementCycle>
</Column>
<Column name="evee_nro_convocados" id="141C69F1-93DC-1F7E-15DC-5FA5718BA847">
<createdBy>Manuel</createdBy>
<createdTime>2016-03-06 14:13:42 UTC</createdTime>
<commentInRDBMS>Campo calculado por el sistema, realiza la sumatoria de la información de convocados definidos en la Convocatoria</commentInRDBMS>
<generatorID>Generado por el Usuario</generatorID>
<ownerDesignName>ERD_POLICIA</ownerDesignName>
<nullsAllowed>true</nullsAllowed>
<useDomainConstraints>false</useDomainConstraints>
<use>1</use>
<logicalDatatype>LOGDT019</logicalDatatype>
<dataTypePrecision>6</dataTypePrecision>
<autoIncrementCycle>false</autoIncrementCycle>
</Column>
<Column name="eve_nro_presentados" id="0E9A1BDC-F1E3-404E-3394-C18D1673C831">
<createdBy>Manuel</createdBy>
<createdTime>2016-03-06 14:14:38 UTC</createdTime>
<commentInRDBMS>Campo calculado por el sistema, realiza la sumatoria de la información de participantes definidos en la Convocatoria</commentInRDBMS>
<generatorID>Generado por el Usuario</generatorID>
<ownerDesignName>ERD_POLICIA</ownerDesignName>
<nullsAllowed>true</nullsAllowed>
<useDomainConstraints>false</useDomainConstraints>
<use>1</use>
<logicalDatatype>LOGDT019</logicalDatatype>
<dataTypePrecision>6</dataTypePrecision>
<autoIncrementCycle>false</autoIncrementCycle>
</Column>
<Column name="eve_nro_noaprobados" id="9096E800-371B-32C8-C527-DD315C99C525">
<createdBy>Manuel</createdBy>
<createdTime>2016-03-06 14:16:24 UTC</createdTime>
<commentInRDBMS>Campo calculado por el sistema, realiza la sumatoria de la información de participantes definidos en la Convocatoria y que tengan estado No Aprobado.</commentInRDBMS>
<generatorID>Generado por el Usuario</generatorID>
<ownerDesignName>ERD_POLICIA</ownerDesignName>
<nullsAllowed>true</nullsAllowed>
<useDomainConstraints>false</useDomainConstraints>
<use>1</use>
<logicalDatatype>LOGDT019</logicalDatatype>
<dataTypePrecision>6</dataTypePrecision>
<autoIncrementCycle>false</autoIncrementCycle>
</Column>
<Column name="eve_nro_aprobados" id="FCFE8031-30BC-6848-E2E6-1B428FAC0D94">
<createdBy>Manuel</createdBy>
<createdTime>2016-03-06 14:17:15 UTC</createdTime>
<commentInRDBMS>Campo calculado por el sistema, realiza la sumatoria de la información de participantes definidos en la Convocatoria y que tengan estado Aprobado.</commentInRDBMS>
<generatorID>Generado por el Usuario</generatorID>
<ownerDesignName>ERD_POLICIA</ownerDesignName>
<nullsAllowed>true</nullsAllowed>
<useDomainConstraints>false</useDomainConstraints>
<use>1</use>
<logicalDatatype>LOGDT019</logicalDatatype>
<dataTypePrecision>6</dataTypePrecision>
<autoIncrementCycle>false</autoIncrementCycle>
</Column>
<Column name="evee_conv" id="F7D43D0B-DC94-32C4-87B2-F35CCF64D3E2">
<createdBy>Manuel</createdBy>
<createdTime>2016-03-06 14:23:49 UTC</createdTime>
<generatorID>Generado por el Usuario</generatorID>
<ownerDesignName>ERD_POLICIA</ownerDesignName>
<useDomainConstraints>false</useDomainConstraints>
<use>1</use>
<logicalDatatype>LOGDT019</logicalDatatype>
<dataTypePrecision>4</dataTypePrecision>
<delegate>2A5DC394-FE81-3C7F-2D9F-5EAD8F88CA1F</delegate>
<previousColumn>false</previousColumn>
<autoIncrementCycle>false</autoIncrementCycle>
<associations>
<colAssociation fkAssociation="545E5463-4706-F148-8E4C-D7C8241EDB32" referredColumn="2A5DC394-FE81-3C7F-2D9F-5EAD8F88CA1F"/>
</associations>
</Column>
<Column name="evee_ude_fuerza" id="EFE16E79-4630-8885-6AEB-C96C92883F22">
<createdBy>Manuel</createdBy>
<createdTime>2016-03-06 21:45:56 UTC</createdTime>
<commentInRDBMS>Identificador de la Fuerza de Unidades Dependencia</commentInRDBMS>
<generatorID>Generado por el Usuario</generatorID>
<ownerDesignName>ERD_POLICIA</ownerDesignName>
<useDomainConstraints>false</useDomainConstraints>
<use>1</use>
<logicalDatatype>LOGDT019</logicalDatatype>
<dataTypePrecision>1</dataTypePrecision>
<delegate>B764DAD6-1855-4EAD-8A37-FCAD767947B5</delegate>
<previousColumn>false</previousColumn>
<autoIncrementCycle>false</autoIncrementCycle>
<associations>
<colAssociation fkAssociation="3B358F32-B51A-1441-0A24-476560F0E725" referredColumn="B764DAD6-1855-4EAD-8A37-FCAD767947B5"/>
</associations>
</Column>
<Column name="evee_ude_udepe" id="1BE71923-988B-B282-1117-FE42B2E5E3F7">
<createdBy>Manuel</createdBy>
<createdTime>2016-03-06 21:45:56 UTC</createdTime>
<commentInRDBMS>Unidad que desarrolla la Capacitación</commentInRDBMS>
<generatorID>Generado por el Usuario</generatorID>
<ownerDesignName>ERD_POLICIA</ownerDesignName>
<useDomainConstraints>false</useDomainConstraints>
<use>1</use>
<logicalDatatype>LOGDT019</logicalDatatype>
<delegate>F6F05773-92EE-8132-AD3D-C0BD5E5218D8</delegate>
<previousColumn>false</previousColumn>
<autoIncrementCycle>false</autoIncrementCycle>
<associations>
<colAssociation fkAssociation="3B358F32-B51A-1441-0A24-476560F0E725" referredColumn="F6F05773-92EE-8132-AD3D-C0BD5E5218D8"/>
</associations>
</Column>
<Column name="evee_luggeo_capacita" id="723E7CA3-6124-FBB2-D7D4-28E9DC855F7F">
<createdBy>Manuel</createdBy>
<createdTime>2016-03-08 03:06:56 UTC</createdTime>
<commentInRDBMS>Lugar donde se realiza la Capacitación</commentInRDBMS>
<generatorID>Generado por el Usuario</generatorID>
<ownerDesignName>ERD_POLICIA</ownerDesignName>
<useDomainConstraints>false</useDomainConstraints>
<use>1</use>
<logicalDatatype>LOGDT019</logicalDatatype>
<dataTypePrecision>6</dataTypePrecision>
<delegate>2F20858E-F3D1-33F7-798F-E1DB17FCDA96</delegate>
<previousColumn>false</previousColumn>
<autoIncrementCycle>false</autoIncrementCycle>
<associations>
<colAssociation fkAssociation="60133F1E-6AB7-5DC9-94CA-AFA7FA629CFA" referredColumn="2F20858E-F3D1-33F7-798F-E1DB17FCDA96"/>
</associations>
</Column>
<Column name="evee_nro_desertados" id="B5AFE013-9632-8E57-1057-59488C8A25EE">
<createdBy>Manuel</createdBy>
<createdTime>2016-06-07 04:35:05 UTC</createdTime>
<commentInRDBMS>Campo calculado por el sistema, realiza la sumatoria de la información de participantes definidos en la Convocatoria y que tengan estado Desertado.</commentInRDBMS>
<generatorID>Generado por el Usuario</generatorID>
<ownerDesignName>ERD_POLICIA</ownerDesignName>
<nullsAllowed>true</nullsAllowed>
<useDomainConstraints>false</useDomainConstraints>
<use>1</use>
<logicalDatatype>LOGDT019</logicalDatatype>
<dataTypePrecision>6</dataTypePrecision>
<autoIncrementCycle>false</autoIncrementCycle>
</Column>
<Column name="evee_eval" id="EB250433-D843-9D62-47FA-E45782360CC8">
<createdBy>Manuel</createdBy>
<createdTime>2016-06-12 18:14:29 UTC</createdTime>
<commentInRDBMS> Evaluación que fue desarrollada para el evento</commentInRDBMS>
<generatorID>Generado por el Usuario</generatorID>
<ownerDesignName>ERD_POLICIA</ownerDesignName>
<nullsAllowed>true</nullsAllowed>
<useDomainConstraints>false</useDomainConstraints>
<use>1</use>
<logicalDatatype>LOGDT019</logicalDatatype>
<dataTypePrecision>8</dataTypePrecision>
<delegate>9D763F7B-4B52-9A07-B911-C5A719B46D6C</delegate>
<previousColumn>false</previousColumn>
<autoIncrementCycle>false</autoIncrementCycle>
<associations>
<colAssociation fkAssociation="B726576D-13DD-83B3-0E51-8FBED415AFD5" referredColumn="9D763F7B-4B52-9A07-B911-C5A719B46D6C"/>
</associations>
</Column>
</columns>
<indexes itemClass="oracle.dbtools.crest.model.design.relational.Index">
<ind_PK_UK id="FF0396FC-A1FD-766E-D18D-3398220A6635" name="SIEDU_EVENTO_ESCUELA_V2_PK">
<createdBy>Manuel</createdBy>
<createdTime>2016-03-04 03:18:45 UTC</createdTime>
<generatorID>Generado por el Usuario</generatorID>
<ownerDesignName>ERD_POLICIA</ownerDesignName>
<pk>true</pk>
<indexState>Primary Constraint</indexState>
<isSurrogateKey>false</isSurrogateKey>
<indexColumnUsage>
<colUsage columnID="98B51B8C-8599-502F-63A9-A41AD463BB12"/>
</indexColumnUsage>
</ind_PK_UK>
<ind_PK_UK id="B26853DE-0E48-CD7A-CE14-6506F2F38A92" name="SIEDU_EVENTO_ESCU_EVENTO_FK">
<createdBy>Manuel</createdBy>
<createdTime>2016-03-04 03:27:11 UTC</createdTime>
<generatorID>Generado por el Usuario</generatorID>
<ownerDesignName>ERD_POLICIA</ownerDesignName>
<indexState>Foreign Key</indexState>
<isSurrogateKey>false</isSurrogateKey>
<indexColumnUsage>
<colUsage columnID="37C81154-DEA4-DFBC-7B65-6370B97C7B9C"/>
</indexColumnUsage>
</ind_PK_UK>
<ind_PK_UK id="1D8D376F-FB61-0368-E377-000DFC574AA9" name="SIEDU_EVENTO_ESCUELA_CAPA_FK">
<createdBy>Manuel</createdBy>
<createdTime>2016-03-06 13:41:00 UTC</createdTime>
<generatorID>Generado por el Usuario</generatorID>
<ownerDesignName>ERD_POLICIA</ownerDesignName>
<indexState>Foreign Key</indexState>
<isSurrogateKey>false</isSurrogateKey>
<indexColumnUsage>
<colUsage columnID="CF9372F0-757B-32AD-6CC7-8DB27848095A"/>
</indexColumnUsage>
</ind_PK_UK>
<ind_PK_UK id="E7CA7FF4-A602-40F3-9345-D436BEB58784" name="SIEDU_EVENTO_ESCUELA_ENTI_FK">
<createdBy>Manuel</createdBy>
<createdTime>2016-03-06 13:54:41 UTC</createdTime>
<generatorID>Generado por el Usuario</generatorID>
<ownerDesignName>ERD_POLICIA</ownerDesignName>
<indexState>Foreign Key</indexState>
<isSurrogateKey>false</isSurrogateKey>
<indexColumnUsage>
<colUsage columnID="B5A75D3C-5453-009E-B5DF-4730C014DA19"/>
</indexColumnUsage>
</ind_PK_UK>
<ind_PK_UK id="9C3BCDEC-E172-84EE-97EE-D3B6BEC1E9DA" name="SIEDU_EVENTO_ESCUELA_PPTO_FK">
<createdBy>Manuel</createdBy>
<createdTime>2016-03-06 13:58:46 UTC</createdTime>
<generatorID>Generado por el Usuario</generatorID>
<ownerDesignName>ERD_POLICIA</ownerDesignName>
<indexState>Foreign Key</indexState>
<isSurrogateKey>false</isSurrogateKey>
<indexColumnUsage>
<colUsage columnID="196F02C0-8F38-8FF9-8E60-498F79A82F03"/>
</indexColumnUsage>
</ind_PK_UK>
<ind_PK_UK id="2A1BE272-2AAD-866E-00C2-7F454C4DA304" name="SIEDU_EVENTO_ESCUELA_CONVE_FK">
<createdBy>Manuel</createdBy>
<createdTime>2016-03-06 14:23:49 UTC</createdTime>
<generatorID>Generado por el Usuario</generatorID>
<ownerDesignName>ERD_POLICIA</ownerDesignName>
<indexState>Foreign Key</indexState>
<isSurrogateKey>false</isSurrogateKey>
<indexColumnUsage>
<colUsage columnID="F7D43D0B-DC94-32C4-87B2-F35CCF64D3E2"/>
</indexColumnUsage>
</ind_PK_UK>
<ind_PK_UK id="9BEBDD0C-8032-3B06-1F51-D2094F72C10A" name="SIEDU_EVENTO_ESCUELA_UDEPE_FK">
<createdBy>Manuel</createdBy>
<createdTime>2016-03-06 21:45:56 UTC</createdTime>
<generatorID>Generado por el Usuario</generatorID>
<ownerDesignName>ERD_POLICIA</ownerDesignName>
<indexState>Foreign Key</indexState>
<isSurrogateKey>false</isSurrogateKey>
<indexColumnUsage>
<colUsage columnID="EFE16E79-4630-8885-6AEB-C96C92883F22"/>
<colUsage columnID="1BE71923-988B-B282-1117-FE42B2E5E3F7"/>
</indexColumnUsage>
</ind_PK_UK>
<ind_PK_UK id="974077DD-50B1-BC95-E20D-0EFAEC48A98E" name="SIEDU_EVEN_ESCU_LUG_GEO_FK">
<createdBy>Manuel</createdBy>
<createdTime>2016-03-08 03:06:56 UTC</createdTime>
<generatorID>Generado por el Usuario</generatorID>
<ownerDesignName>ERD_POLICIA</ownerDesignName>
<indexState>Foreign Key</indexState>
<isSurrogateKey>false</isSurrogateKey>
<indexColumnUsage>
<colUsage columnID="723E7CA3-6124-FBB2-D7D4-28E9DC855F7F"/>
</indexColumnUsage>
</ind_PK_UK>
<ind_PK_UK id="D204D920-15E7-0F4A-78FE-D545FB651037" name="SIEDU_EVENTO_ESCU_EVAL_FK">
<createdBy>Manuel</createdBy>
<createdTime>2016-06-12 18:14:29 UTC</createdTime>
<generatorID>Generado por el Usuario</generatorID>
<ownerDesignName>ERD_POLICIA</ownerDesignName>
<indexState>Foreign Key</indexState>
<isSurrogateKey>false</isSurrogateKey>
<indexColumnUsage>
<colUsage columnID="EB250433-D843-9D62-47FA-E45782360CC8"/>
</indexColumnUsage>
</ind_PK_UK>
</indexes>
<tableCheckConstraints itemClass="oracle.dbtools.crest.model.design.constraint.TableLevelConstraint">
<tableCheckConstraint name="SIEDU_EVEN_ESCUELA_CERRADO_CK" directorySegmentName="seg_2" id="1A9A77FE-4F49-EA93-7C8B-CFF5CC8067A3">
<createdBy>Manuel</createdBy>
<createdTime>2016-03-10 02:58:51 UTC</createdTime>
<generatorID>Generado por el Usuario</generatorID>
<ownerDesignName>ERD_POLICIA</ownerDesignName>
<rule>evee_cerrado in (&apos;S&apos;, &apos;N&apos;)</rule>
</tableCheckConstraint>
</tableCheckConstraints>
</Table>