<?xml version = '1.0' encoding = 'UTF-8'?>
<Table class="oracle.dbtools.crest.model.design.relational.Table" directorySegmentName="seg_0" id="8FF895D3-EFD9-AFE7-2730-802EA0ED9464" name="PROGRAMAS">
<sourceConnName>POLICIA</sourceConnName>
<sourceObjSchema>USR_EDUC</sourceObjSchema>
<sourceObjName>PROGRAMAS</sourceObjName>
<createdBy>Manuel</createdBy>
<createdTime>2016-01-11 03:03:31 UTC</createdTime>
<generatorID>Generado por el Usuario</generatorID>
<ownerDesignName>ERD_POLICIA</ownerDesignName>
<importedID>20B38FFC-C733-81DA-9E9B-0C6F7FAF5F8A</importedID>
<schemaObject>07BEDC8C-B2C6-5B3A-9A42-997570BDB1E9</schemaObject>
<allowColumnReorder>false</allowColumnReorder>
<existDependencyGenerateInDDl>true</existDependencyGenerateInDDl>
<columns itemClass="oracle.dbtools.crest.model.design.relational.Column">
<Column name="ID_PROGRAMA" id="F342DF23-8CEF-C1AD-1C45-8E5C5E7AA1C5">
<sourceConnName>POLICIA</sourceConnName>
<sourceObjSchema>PROGRAMAS</sourceObjSchema>
<sourceObjName>ID_PROGRAMA</sourceObjName>
<createdBy>Manuel</createdBy>
<createdTime>2016-01-11 03:03:31 UTC</createdTime>
<commentInRDBMS>Consecutivo de programa</commentInRDBMS>
<generatorID>Generado por el Usuario</generatorID>
<ownerDesignName>ERD_POLICIA</ownerDesignName>
<importedID>FAACE9DC-69FE-F70D-2C21-1C3F72ABF4C8</importedID>
<useDomainConstraints>false</useDomainConstraints>
<use>1</use>
<logicalDatatype>LOGDT019</logicalDatatype>
<delegate>E2D7CB4E-EEA8-FE40-00DA-B42416FA6E81</delegate>
<autoIncrementCycle>false</autoIncrementCycle>
<associations>
<colAssociation fkAssociation="672CDBEE-28CA-4CE6-5D28-CF6ABBF3DA52" referredColumn="E2D7CB4E-EEA8-FE40-00DA-B42416FA6E81"/>
</associations>
</Column>
<Column name="DESCRIPCION" id="88213E6A-EB2F-84DD-AF58-C81BF5BE8C6E">
<sourceConnName>POLICIA</sourceConnName>
<sourceObjSchema>PROGRAMAS</sourceObjSchema>
<sourceObjName>DESCRIPCION</sourceObjName>
<createdBy>Manuel</createdBy>
<createdTime>2016-01-11 03:03:31 UTC</createdTime>
<commentInRDBMS>Nombre del programa</commentInRDBMS>
<generatorID>Generado por el Usuario</generatorID>
<ownerDesignName>ERD_POLICIA</ownerDesignName>
<importedID>110FE13C-CF8B-AB58-3F43-445DC8B6CD70</importedID>
<useDomainConstraints>false</useDomainConstraints>
<use>1</use>
<logicalDatatype>LOGDT024</logicalDatatype>
<dataTypeSize>140 BYTE</dataTypeSize>
<autoIncrementCycle>false</autoIncrementCycle>
</Column>
<Column name="CREADO_POR" id="1B006806-10E3-A3AB-D50D-C6B8CC05A06C">
<sourceConnName>POLICIA</sourceConnName>
<sourceObjSchema>PROGRAMAS</sourceObjSchema>
<sourceObjName>CREADO_POR</sourceObjName>
<createdBy>Manuel</createdBy>
<createdTime>2016-01-11 03:03:31 UTC</createdTime>
<commentInRDBMS>Creado Por</commentInRDBMS>
<generatorID>Generado por el Usuario</generatorID>
<ownerDesignName>ERD_POLICIA</ownerDesignName>
<importedID>5FFCBEA5-EE62-213B-257D-FE2D1E90B7C2</importedID>
<useDomainConstraints>false</useDomainConstraints>
<use>1</use>
<logicalDatatype>LOGDT024</logicalDatatype>
<dataTypeSize>30 BYTE</dataTypeSize>
<autoIncrementCycle>false</autoIncrementCycle>
</Column>
<Column name="FECHA_CREACION" id="0EDD767D-129C-3661-6695-7DC957A3638E">
<sourceConnName>POLICIA</sourceConnName>
<sourceObjSchema>PROGRAMAS</sourceObjSchema>
<sourceObjName>FECHA_CREACION</sourceObjName>
<createdBy>Manuel</createdBy>
<createdTime>2016-01-11 03:03:31 UTC</createdTime>
<commentInRDBMS>Fecha Creacion</commentInRDBMS>
<generatorID>Generado por el Usuario</generatorID>
<ownerDesignName>ERD_POLICIA</ownerDesignName>
<importedID>4C366CA2-7F99-AB6C-58E5-A21231D1274F</importedID>
<useDomainConstraints>false</useDomainConstraints>
<use>1</use>
<logicalDatatype>LOGDT007</logicalDatatype>
<dataTypeSize>7</dataTypeSize>
<autoIncrementCycle>false</autoIncrementCycle>
</Column>
<Column name="MAQUINA_CREACION" id="AA913145-9B23-63CD-9B61-8E8AA3C4CFEF">
<sourceConnName>POLICIA</sourceConnName>
<sourceObjSchema>PROGRAMAS</sourceObjSchema>
<sourceObjName>MAQUINA_CREACION</sourceObjName>
<createdBy>Manuel</createdBy>
<createdTime>2016-01-11 03:03:31 UTC</createdTime>
<commentInRDBMS>Maquina Creacion</commentInRDBMS>
<generatorID>Generado por el Usuario</generatorID>
<ownerDesignName>ERD_POLICIA</ownerDesignName>
<importedID>CEE2142E-9240-1890-D57E-CF16145AC197</importedID>
<useDomainConstraints>false</useDomainConstraints>
<use>1</use>
<logicalDatatype>LOGDT024</logicalDatatype>
<dataTypeSize>30 BYTE</dataTypeSize>
<autoIncrementCycle>false</autoIncrementCycle>
</Column>
<Column name="ABIERTO" id="60017076-360A-1A48-AC61-DC8642CACCEA">
<sourceConnName>POLICIA</sourceConnName>
<sourceObjSchema>PROGRAMAS</sourceObjSchema>
<sourceObjName>ABIERTO</sourceObjName>
<createdBy>Manuel</createdBy>
<createdTime>2016-01-11 03:03:31 UTC</createdTime>
<generatorID>Generado por el Usuario</generatorID>
<ownerDesignName>ERD_POLICIA</ownerDesignName>
<importedID>C8203A03-A5C1-AD19-3D57-4B194EF36D3B</importedID>
<nullsAllowed>true</nullsAllowed>
<useDomainConstraints>false</useDomainConstraints>
<use>1</use>
<logicalDatatype>LOGDT024</logicalDatatype>
<dataTypeSize>10 BYTE</dataTypeSize>
<defaultValue>&apos;NO&apos;</defaultValue>
<autoIncrementCycle>false</autoIncrementCycle>
</Column>
<Column name="REGI_CALIFICADO" id="BD003F7E-2137-9776-94F6-C73D5908B0B7">
<sourceConnName>POLICIA</sourceConnName>
<sourceObjSchema>PROGRAMAS</sourceObjSchema>
<sourceObjName>REGI_CALIFICADO</sourceObjName>
<createdBy>Manuel</createdBy>
<createdTime>2016-01-11 03:03:31 UTC</createdTime>
<generatorID>Generado por el Usuario</generatorID>
<ownerDesignName>ERD_POLICIA</ownerDesignName>
<importedID>429B6577-B517-A6A5-A4D8-9193096203AB</importedID>
<nullsAllowed>true</nullsAllowed>
<useDomainConstraints>false</useDomainConstraints>
<use>1</use>
<logicalDatatype>LOGDT024</logicalDatatype>
<dataTypeSize>2 BYTE</dataTypeSize>
<defaultValue>&apos;NO&apos;</defaultValue>
<autoIncrementCycle>false</autoIncrementCycle>
</Column>
<Column name="FUERZA" id="517E5A9C-B791-6750-26CC-CA1D4EB37453">
<sourceConnName>POLICIA</sourceConnName>
<sourceObjSchema>PROGRAMAS</sourceObjSchema>
<sourceObjName>FUERZA</sourceObjName>
<createdBy>Manuel</createdBy>
<createdTime>2016-01-11 03:03:31 UTC</createdTime>
<commentInRDBMS>fuerza</commentInRDBMS>
<generatorID>Generado por el Usuario</generatorID>
<ownerDesignName>ERD_POLICIA</ownerDesignName>
<importedID>ACC31F1A-5E1F-3F06-F3F8-1E0FD2193321</importedID>
<nullsAllowed>true</nullsAllowed>
<useDomainConstraints>false</useDomainConstraints>
<use>1</use>
<logicalDatatype>LOGDT019</logicalDatatype>
<dataTypePrecision>1</dataTypePrecision>
<defaultValue>6</defaultValue>
<delegate>87B54D08-B9C8-A076-9C56-7B32B0EB19A2</delegate>
<autoIncrementCycle>false</autoIncrementCycle>
<associations>
<colAssociation fkAssociation="672CDBEE-28CA-4CE6-5D28-CF6ABBF3DA52" referredColumn="87B54D08-B9C8-A076-9C56-7B32B0EB19A2"/>
</associations>
</Column>
</columns>
<indexes itemClass="oracle.dbtools.crest.model.design.relational.Index">
<ind_PK_UK id="C35314A8-BFA3-EF95-44BD-6548D65595EC" name="PRGR_PK">
<sourceConnName>POLICIA</sourceConnName>
<sourceObjSchema>USR_EDUC</sourceObjSchema>
<sourceObjName>PRGR_PK</sourceObjName>
<createdBy>Manuel</createdBy>
<createdTime>2016-01-11 03:03:31 UTC</createdTime>
<generatorID>Generado por el Usuario</generatorID>
<ownerDesignName>ERD_POLICIA</ownerDesignName>
<importedID>9493D8AA-1641-8483-857F-095B2BC3C7C3</importedID>
<pk>true</pk>
<indexState>Primary Constraint</indexState>
<isSurrogateKey>false</isSurrogateKey>
<indexColumnUsage>
<colUsage columnID="F342DF23-8CEF-C1AD-1C45-8E5C5E7AA1C5"/>
</indexColumnUsage>
</ind_PK_UK>
<ind_PK_UK id="58EC5482-F374-287E-23BC-0924CC6A2105" name="PRGR_UK">
<sourceConnName>POLICIA</sourceConnName>
<sourceObjSchema>USR_EDUC</sourceObjSchema>
<sourceObjName>PRGR_UK</sourceObjName>
<createdBy>Manuel</createdBy>
<createdTime>2016-01-11 03:03:31 UTC</createdTime>
<generatorID>Generado por el Usuario</generatorID>
<ownerDesignName>ERD_POLICIA</ownerDesignName>
<importedID>179E053F-FB93-1028-86E5-2EABF2275C29</importedID>
<indexState>Unique Constraint</indexState>
<isSurrogateKey>false</isSurrogateKey>
<indexColumnUsage>
<colUsage columnID="88213E6A-EB2F-84DD-AF58-C81BF5BE8C6E"/>
</indexColumnUsage>
</ind_PK_UK>
<ind_PK_UK id="FEEAB591-2002-9509-E97F-2F50EE3DBA4D" name="PRGR_UK">
<sourceConnName>POLICIA</sourceConnName>
<sourceObjSchema>USR_EDUC</sourceObjSchema>
<sourceObjName>PRGR_UK</sourceObjName>
<createdBy>Manuel</createdBy>
<createdTime>2016-01-11 03:03:31 UTC</createdTime>
<generatorID>Generado por el Usuario</generatorID>
<ownerDesignName>ERD_POLICIA</ownerDesignName>
<importedID>55722435-BF8E-E929-B906-F9435AE27DB9</importedID>
<indexState>Unique Plain Index</indexState>
<schemaObject>07BEDC8C-B2C6-5B3A-9A42-997570BDB1E9</schemaObject>
<isSurrogateKey>false</isSurrogateKey>
<indexColumnUsage>
<colUsage columnID="88213E6A-EB2F-84DD-AF58-C81BF5BE8C6E"/>
</indexColumnUsage>
</ind_PK_UK>
<ind_PK_UK id="87C4668C-4426-E86A-BA2F-27C190A27B41" name="PRGR_PK">
<sourceConnName>POLICIA</sourceConnName>
<sourceObjSchema>USR_EDUC</sourceObjSchema>
<sourceObjName>PRGR_PK</sourceObjName>
<createdBy>Manuel</createdBy>
<createdTime>2016-01-11 03:03:31 UTC</createdTime>
<generatorID>Generado por el Usuario</generatorID>
<ownerDesignName>ERD_POLICIA</ownerDesignName>
<importedID>B06AA1BE-0DCE-703A-CBAC-2D7B275716C6</importedID>
<indexState>Unique Plain Index</indexState>
<schemaObject>07BEDC8C-B2C6-5B3A-9A42-997570BDB1E9</schemaObject>
<isSurrogateKey>false</isSurrogateKey>
<indexColumnUsage>
<colUsage columnID="F342DF23-8CEF-C1AD-1C45-8E5C5E7AA1C5"/>
</indexColumnUsage>
</ind_PK_UK>
<ind_PK_UK id="BC68132A-3A3A-411A-9CD2-23A17873F6F1" name="PRGR_CARR_FK">
<createdBy>Manuel</createdBy>
<createdTime>2016-01-11 03:03:31 UTC</createdTime>
<generatorID>Generado por el Usuario</generatorID>
<ownerDesignName>ERD_POLICIA</ownerDesignName>
<indexState>Foreign Key</indexState>
<isSurrogateKey>false</isSurrogateKey>
<indexColumnUsage>
<colUsage columnID="517E5A9C-B791-6750-26CC-CA1D4EB37453"/>
<colUsage columnID="F342DF23-8CEF-C1AD-1C45-8E5C5E7AA1C5"/>
</indexColumnUsage>
</ind_PK_UK>
</indexes>
<validTimeDimensions>
<validTimeDimension class="oracle.dbtools.crest.model.design.relational.ValidTimeDimension" name="SYS_STS6OZAUEF5I7#C_ZS#3YJ#1L6" directorySegmentName="seg_0" id="B6720478-29E5-20A1-22C4-93F9D8437B76">
<sourceConnName>POLICIA</sourceConnName>
<sourceObjSchema>PROGRAMAS</sourceObjSchema>
<sourceObjName>SYS_STS6OZAUEF5I7#C_ZS#3YJ#1L6</sourceObjName>
<createdBy>Manuel</createdBy>
<createdTime>2016-01-11 03:03:31 UTC</createdTime>
<generatorID>Generado por el Usuario</generatorID>
<ownerDesignName>ERD_POLICIA</ownerDesignName>
<importedID>E4BEF2A6-6291-8D59-8335-EF5C31C3D66A</importedID>
</validTimeDimension>
</validTimeDimensions>
</Table>