<?xml version = '1.0' encoding = 'UTF-8'?>
<Table class="oracle.dbtools.crest.model.design.relational.Table" directorySegmentName="seg_0" id="925B9BEA-2046-7E15-76E7-1CBF5AC2F3F3" name="SIEDU_PAE">
<sourceConnName>POLILOCALDESA</sourceConnName>
<sourceObjSchema>polilocaldesa</sourceObjSchema>
<sourceObjName>SIEDU_PAE</sourceObjName>
<createdBy>Manuel</createdBy>
<createdTime>2016-01-11 01:45:14 UTC</createdTime>
<commentInRDBMS>Registro de PAE - Plan Anual de Educación de la vigencia</commentInRDBMS>
<generatorID>Generado por el Usuario</generatorID>
<ownerDesignName>ERD_POLICIA</ownerDesignName>
<allowColumnReorder>false</allowColumnReorder>
<existDependencyGenerateInDDl>true</existDependencyGenerateInDDl>
<columns itemClass="oracle.dbtools.crest.model.design.relational.Column">
<Column name="pae_pae" id="D4EB1715-0A09-BFB9-BFBC-D7849F8F6054">
<sourceConnName>POLILOCALDESA</sourceConnName>
<sourceObjSchema>SIEDU_PAE</sourceObjSchema>
<sourceObjName>pae_pae</sourceObjName>
<createdBy>Manuel</createdBy>
<createdTime>2016-01-11 01:47:42 UTC</createdTime>
<commentInRDBMS>Secuencial identificacor único del registro</commentInRDBMS>
<generatorID>Generado por el Usuario</generatorID>
<ownerDesignName>ERD_POLICIA</ownerDesignName>
<useDomainConstraints>false</useDomainConstraints>
<use>1</use>
<logicalDatatype>LOGDT019</logicalDatatype>
<dataTypePrecision>6</dataTypePrecision>
<autoIncrementCycle>false</autoIncrementCycle>
</Column>
<Column name="pae_vigencia" id="A043E5F8-4B1B-AA62-79C0-23FA047D237C">
<sourceConnName>POLILOCALDESA</sourceConnName>
<sourceObjSchema>SIEDU_PAE</sourceObjSchema>
<sourceObjName>pae_vigencia</sourceObjName>
<createdBy>Manuel</createdBy>
<createdTime>2016-01-11 01:51:24 UTC</createdTime>
<commentInRDBMS>Vigencia a la que corresponde el PAE</commentInRDBMS>
<generatorID>Generado por el Usuario</generatorID>
<ownerDesignName>ERD_POLICIA</ownerDesignName>
<useDomainConstraints>false</useDomainConstraints>
<use>1</use>
<logicalDatatype>LOGDT024</logicalDatatype>
<dataTypeSize>7</dataTypeSize>
<autoIncrementCycle>false</autoIncrementCycle>
</Column>
<Column name="pae_estado" id="EF223302-8A08-1289-C954-A4CF9CB951ED">
<sourceConnName>POLILOCALDESA</sourceConnName>
<sourceObjSchema>SIEDU_PAE</sourceObjSchema>
<sourceObjName>pae_estado</sourceObjName>
<createdBy>Manuel</createdBy>
<createdTime>2016-01-11 01:52:23 UTC</createdTime>
<commentInRDBMS>Estado del PAE. C-En construcción , M-En modificación o  D-Cerrada</commentInRDBMS>
<generatorID>Generado por el Usuario</generatorID>
<ownerDesignName>ERD_POLICIA</ownerDesignName>
<useDomainConstraints>false</useDomainConstraints>
<use>1</use>
<logicalDatatype>LOGDT024</logicalDatatype>
<dataTypeSize>1</dataTypeSize>
<autoIncrementCycle>false</autoIncrementCycle>
</Column>
<Column name="pae_nece_ya_importada" id="63247FDB-1C61-4162-9488-D4DBB1B86641">
<sourceConnName>POLILOCALDESA</sourceConnName>
<sourceObjSchema>SIEDU_PAE</sourceObjSchema>
<sourceObjName>pae_nece_ya_importada</sourceObjName>
<createdBy>Manuel</createdBy>
<createdTime>2016-05-21 02:03:26 UTC</createdTime>
<commentInRDBMS>Indica si los registros de necesidad externa ya han sido importados para esta vigencia.</commentInRDBMS>
<generatorID>Generado por el Usuario</generatorID>
<ownerDesignName>ERD_POLICIA</ownerDesignName>
<useDomainConstraints>false</useDomainConstraints>
<use>1</use>
<logicalDatatype>LOGDT024</logicalDatatype>
<dataTypeSize>2</dataTypeSize>
<autoIncrementCycle>false</autoIncrementCycle>
</Column>
</columns>
<indexes itemClass="oracle.dbtools.crest.model.design.relational.Index">
<ind_PK_UK id="4EB16337-2232-C9C4-BD79-C03754C5D051" name="SIEDU_PAE_PK">
<sourceConnName>POLILOCALDESA</sourceConnName>
<sourceObjSchema>polilocaldesa</sourceObjSchema>
<sourceObjName>SIEDU_PAE_PK</sourceObjName>
<createdBy>Manuel</createdBy>
<createdTime>2016-01-11 01:47:42 UTC</createdTime>
<generatorID>Generado por el Usuario</generatorID>
<ownerDesignName>ERD_POLICIA</ownerDesignName>
<pk>true</pk>
<indexState>Primary Constraint</indexState>
<isSurrogateKey>false</isSurrogateKey>
<indexColumnUsage>
<colUsage columnID="D4EB1715-0A09-BFB9-BFBC-D7849F8F6054"/>
</indexColumnUsage>
</ind_PK_UK>
</indexes>
<tableCheckConstraints itemClass="oracle.dbtools.crest.model.design.constraint.TableLevelConstraint">
<tableCheckConstraint name="SIEDU_PAE_ESTADO_CK" directorySegmentName="seg_1" id="2C25CDE9-F2E5-962E-5283-1551DED1B0E1">
<sourceConnName>POLILOCALDESA</sourceConnName>
<sourceObjSchema>polilocaldesa</sourceObjSchema>
<sourceObjName>SIEDU_PAE_ESTADO_CK</sourceObjName>
<createdBy>Manuel</createdBy>
<createdTime>2016-01-25 02:41:02 UTC</createdTime>
<generatorID>Generado por el Usuario</generatorID>
<ownerDesignName>ERD_POLICIA</ownerDesignName>
<rule>pae_estado in (&apos;C&apos; , &apos;M&apos;, &apos;D&apos;)</rule>
</tableCheckConstraint>
<tableCheckConstraint name="SIEDU_PAE_NECE_IMPORTADA_CK" directorySegmentName="seg_2" id="612F1FB1-289D-9D0A-CE47-AE83A2B3827C">
<sourceConnName>POLILOCALDESA</sourceConnName>
<sourceObjSchema>polilocaldesa</sourceObjSchema>
<sourceObjName>SIEDU_PAE_NECE_IMPORTADA_CK</sourceObjName>
<createdBy>Manuel</createdBy>
<createdTime>2016-05-21 02:06:19 UTC</createdTime>
<generatorID>Generado por el Usuario</generatorID>
<ownerDesignName>ERD_POLICIA</ownerDesignName>
<rule>pae_nece_ya_importada in ( &apos;SI&apos;, &apos;NO&apos; )</rule>
</tableCheckConstraint>
</tableCheckConstraints>
</Table>