<?xml version = '1.0' encoding = 'UTF-8'?>
<Table class="oracle.dbtools.crest.model.design.relational.Table" directorySegmentName="seg_0" id="94DC36B4-7E7F-9F67-62F5-99DCF26F6C6F" name="SIEDU_EVENTO_CATEGORIA">
<createdBy>itc</createdBy>
<createdTime>2016-03-08 20:26:13 UTC</createdTime>
<commentInRDBMS>Categorías de Perfil requerido para el evento</commentInRDBMS>
<generatorID>Generado por el Usuario</generatorID>
<ownerDesignName>ERD_POLICIA</ownerDesignName>
<allowColumnReorder>false</allowColumnReorder>
<existDependencyGenerateInDDl>true</existDependencyGenerateInDDl>
<columns itemClass="oracle.dbtools.crest.model.design.relational.Column">
<Column name="evca_evca" id="54F39344-C798-841F-7481-8601B3F7E0A3">
<createdBy>itc</createdBy>
<createdTime>2016-03-08 20:27:09 UTC</createdTime>
<commentInRDBMS>Identificador del registro de Categoría de Perfil requerido para el evento</commentInRDBMS>
<generatorID>Generado por el Usuario</generatorID>
<ownerDesignName>ERD_POLICIA</ownerDesignName>
<useDomainConstraints>false</useDomainConstraints>
<use>1</use>
<logicalDatatype>LOGDT019</logicalDatatype>
<dataTypePrecision>6</dataTypePrecision>
<autoIncrementCycle>false</autoIncrementCycle>
</Column>
<Column name="evca_even" id="ABFBEF36-D924-5942-DAAB-EB65C0B3ACE4">
<createdBy>itc</createdBy>
<createdTime>2016-03-08 20:28:14 UTC</createdTime>
<commentInRDBMS>Identificador del Evento</commentInRDBMS>
<generatorID>Generado por el Usuario</generatorID>
<ownerDesignName>ERD_POLICIA</ownerDesignName>
<useDomainConstraints>false</useDomainConstraints>
<use>1</use>
<logicalDatatype>LOGDT019</logicalDatatype>
<dataTypePrecision>8</dataTypePrecision>
<delegate>754CEE57-AD0A-3328-130A-FAA3A5EB8966</delegate>
<previousColumn>false</previousColumn>
<autoIncrementCycle>false</autoIncrementCycle>
<associations>
<colAssociation fkAssociation="7457BEE7-3066-7A7D-DF5A-2FB1B09053A1" referredColumn="754CEE57-AD0A-3328-130A-FAA3A5EB8966"/>
</associations>
</Column>
<Column name="evca_fuerza" id="8531873B-F597-C85D-FE98-2C4336106BEF">
<createdBy>itc</createdBy>
<createdTime>2016-03-08 20:28:54 UTC</createdTime>
<commentInRDBMS>Id de Fuerza de la Categoría</commentInRDBMS>
<generatorID>Generado por el Usuario</generatorID>
<ownerDesignName>ERD_POLICIA</ownerDesignName>
<useDomainConstraints>false</useDomainConstraints>
<use>1</use>
<logicalDatatype>LOGDT019</logicalDatatype>
<dataTypePrecision>1</dataTypePrecision>
<delegate>C53A3B12-CAB3-CAF8-552D-348D44C123DB</delegate>
<previousColumn>false</previousColumn>
<autoIncrementCycle>false</autoIncrementCycle>
<associations>
<colAssociation fkAssociation="355C7C61-1DFE-4894-08EE-6F654EDD9088" referredColumn="C53A3B12-CAB3-CAF8-552D-348D44C123DB"/>
</associations>
</Column>
<Column name="evca_categoria_id" id="2C7B8A68-6BE2-9758-4256-22B733C19388">
<createdBy>itc</createdBy>
<createdTime>2016-03-08 20:28:54 UTC</createdTime>
<commentInRDBMS>Identificador de Categoría</commentInRDBMS>
<generatorID>Generado por el Usuario</generatorID>
<ownerDesignName>ERD_POLICIA</ownerDesignName>
<useDomainConstraints>false</useDomainConstraints>
<use>1</use>
<logicalDatatype>LOGDT019</logicalDatatype>
<delegate>5098A1B1-54F7-C437-E2D9-CEE6673D37E9</delegate>
<previousColumn>false</previousColumn>
<autoIncrementCycle>false</autoIncrementCycle>
<associations>
<colAssociation fkAssociation="355C7C61-1DFE-4894-08EE-6F654EDD9088" referredColumn="5098A1B1-54F7-C437-E2D9-CEE6673D37E9"/>
</associations>
</Column>
<Column name="evca_orden" id="88A17BA7-538D-86BD-F894-48A22C5C817D">
<createdBy>itc</createdBy>
<createdTime>2016-03-08 20:33:09 UTC</createdTime>
<commentInRDBMS>Orden de las Categorías relacionadas con el Evento.</commentInRDBMS>
<generatorID>Generado por el Usuario</generatorID>
<ownerDesignName>ERD_POLICIA</ownerDesignName>
<useDomainConstraints>false</useDomainConstraints>
<use>1</use>
<logicalDatatype>LOGDT019</logicalDatatype>
<dataTypePrecision>2</dataTypePrecision>
<autoIncrementCycle>false</autoIncrementCycle>
</Column>
</columns>
<indexes itemClass="oracle.dbtools.crest.model.design.relational.Index">
<ind_PK_UK id="D1A4B810-FD11-D018-8558-371220556FFA" name="SIEDU_EVENTO_CATEGORIA_PK">
<createdBy>itc</createdBy>
<createdTime>2016-03-08 20:28:05 UTC</createdTime>
<generatorID>Generado por el Usuario</generatorID>
<ownerDesignName>ERD_POLICIA</ownerDesignName>
<pk>true</pk>
<indexState>Primary Constraint</indexState>
<isSurrogateKey>false</isSurrogateKey>
<indexColumnUsage>
<colUsage columnID="54F39344-C798-841F-7481-8601B3F7E0A3"/>
</indexColumnUsage>
</ind_PK_UK>
<ind_PK_UK id="6FACA92E-6272-A8B0-71FC-3001F0203396" name="SIEDU_EVENTO_CATEGORIA_UK">
<createdBy>Manuel</createdBy>
<createdTime>2016-05-18 03:35:24 UTC</createdTime>
<generatorID>Generado por el Usuario</generatorID>
<ownerDesignName>ERD_POLICIA</ownerDesignName>
<indexState>Unique Constraint</indexState>
<isSurrogateKey>false</isSurrogateKey>
<indexColumnUsage>
<colUsage columnID="ABFBEF36-D924-5942-DAAB-EB65C0B3ACE4"/>
<colUsage columnID="2C7B8A68-6BE2-9758-4256-22B733C19388"/>
<colUsage columnID="8531873B-F597-C85D-FE98-2C4336106BEF"/>
</indexColumnUsage>
</ind_PK_UK>
<ind_PK_UK id="330B7C64-B719-2DAA-5593-E355435D2E95" name="SIEDU_EVENTO_CATEG_EVENTO_FK">
<createdBy>itc</createdBy>
<createdTime>2016-03-08 20:28:14 UTC</createdTime>
<generatorID>Generado por el Usuario</generatorID>
<ownerDesignName>ERD_POLICIA</ownerDesignName>
<indexState>Foreign Key</indexState>
<isSurrogateKey>false</isSurrogateKey>
<indexColumnUsage>
<colUsage columnID="ABFBEF36-D924-5942-DAAB-EB65C0B3ACE4"/>
</indexColumnUsage>
</ind_PK_UK>
<ind_PK_UK id="36209F5A-9C85-F9EE-2465-B08EF222D478" name="SIEDU_EVENTO_CATEG_CATEG_FK">
<createdBy>itc</createdBy>
<createdTime>2016-03-08 20:28:54 UTC</createdTime>
<generatorID>Generado por el Usuario</generatorID>
<ownerDesignName>ERD_POLICIA</ownerDesignName>
<indexState>Foreign Key</indexState>
<isSurrogateKey>false</isSurrogateKey>
<indexColumnUsage>
<colUsage columnID="8531873B-F597-C85D-FE98-2C4336106BEF"/>
<colUsage columnID="2C7B8A68-6BE2-9758-4256-22B733C19388"/>
</indexColumnUsage>
</ind_PK_UK>
</indexes>
</Table>