<?xml version = '1.0' encoding = 'UTF-8'?>
<Table class="oracle.dbtools.crest.model.design.relational.Table" directorySegmentName="seg_0" id="A0D9EC58-3ED9-E19F-2261-536C745E966C" name="SIEDU_COMPETENCIA_EVENTO">
<createdBy>Manuel</createdBy>
<createdTime>2016-01-17 04:32:40 UTC</createdTime>
<commentInRDBMS>Tabla que relaciona las Competencias de cada Evento</commentInRDBMS>
<generatorID>Generado por el Usuario</generatorID>
<ownerDesignName>ERD_POLICIA</ownerDesignName>
<allowColumnReorder>false</allowColumnReorder>
<existDependencyGenerateInDDl>true</existDependencyGenerateInDDl>
<columns itemClass="oracle.dbtools.crest.model.design.relational.Column">
<Column name="compe_even" id="46472CC6-87C6-A0CA-1B74-39BCBE8D63AB">
<createdBy>Manuel</createdBy>
<createdTime>2016-01-17 04:35:17 UTC</createdTime>
<comment>Id del Evento</comment>
<commentInRDBMS>Id del Evento</commentInRDBMS>
<generatorID>Generado por el Usuario</generatorID>
<ownerDesignName>ERD_POLICIA</ownerDesignName>
<useDomainConstraints>false</useDomainConstraints>
<use>1</use>
<logicalDatatype>LOGDT019</logicalDatatype>
<dataTypePrecision>8</dataTypePrecision>
<delegate>754CEE57-AD0A-3328-130A-FAA3A5EB8966</delegate>
<previousColumn>false</previousColumn>
<autoIncrementCycle>false</autoIncrementCycle>
<associations>
<colAssociation fkAssociation="13E6378A-C9BA-EFBD-1649-6108D5D28B94" referredColumn="754CEE57-AD0A-3328-130A-FAA3A5EB8966"/>
</associations>
</Column>
<Column name="compe_comp" id="820B1FE4-EA33-1579-5909-A733B90292EB">
<createdBy>Manuel</createdBy>
<createdTime>2016-03-06 23:50:52 UTC</createdTime>
<commentInRDBMS>Competencia relacionada al evento</commentInRDBMS>
<generatorID>Generado por el Usuario</generatorID>
<ownerDesignName>ERD_POLICIA</ownerDesignName>
<useDomainConstraints>false</useDomainConstraints>
<use>1</use>
<logicalDatatype>LOGDT019</logicalDatatype>
<dataTypePrecision>4</dataTypePrecision>
<delegate>0FCBFDBD-4CCA-608E-31A2-A2FE1C179BE1</delegate>
<previousColumn>false</previousColumn>
<autoIncrementCycle>false</autoIncrementCycle>
<associations>
<colAssociation fkAssociation="85FE7A12-D1D4-3FEC-2557-3AAE4BFE1812" referredColumn="0FCBFDBD-4CCA-608E-31A2-A2FE1C179BE1"/>
</associations>
</Column>
<Column name="compe_orden" id="7B88E15C-C117-A86F-55C7-EBD1CD1CF5C5">
<createdBy>Manuel</createdBy>
<createdTime>2016-01-17 04:39:04 UTC</createdTime>
<commentInRDBMS>Orden de la Competencia en el Programa</commentInRDBMS>
<generatorID>Generado por el Usuario</generatorID>
<ownerDesignName>ERD_POLICIA</ownerDesignName>
<useDomainConstraints>false</useDomainConstraints>
<use>1</use>
<logicalDatatype>LOGDT019</logicalDatatype>
<dataTypePrecision>3</dataTypePrecision>
<autoIncrementCycle>false</autoIncrementCycle>
</Column>
</columns>
<indexes itemClass="oracle.dbtools.crest.model.design.relational.Index">
<ind_PK_UK id="537B701B-DF40-4518-3AE8-F28C9C1053E0" name="SIEDU_COMPETENCIA_PROGRAMA_PK">
<createdBy>Manuel</createdBy>
<createdTime>2016-01-17 04:39:04 UTC</createdTime>
<generatorID>Generado por el Usuario</generatorID>
<ownerDesignName>ERD_POLICIA</ownerDesignName>
<pk>true</pk>
<indexState>Primary Constraint</indexState>
<isSurrogateKey>false</isSurrogateKey>
<indexColumnUsage>
<colUsage columnID="46472CC6-87C6-A0CA-1B74-39BCBE8D63AB"/>
<colUsage columnID="820B1FE4-EA33-1579-5909-A733B90292EB"/>
</indexColumnUsage>
</ind_PK_UK>
<ind_PK_UK id="4CE8B6BA-525F-FA50-FC1B-A93DB449503D" name="SIEDU_COMPE_PROG_CAPA_PROG_FK">
<createdBy>Manuel</createdBy>
<createdTime>2016-01-17 04:35:17 UTC</createdTime>
<generatorID>Generado por el Usuario</generatorID>
<ownerDesignName>ERD_POLICIA</ownerDesignName>
<indexState>Foreign Key</indexState>
<isSurrogateKey>false</isSurrogateKey>
<indexColumnUsage>
<colUsage columnID="46472CC6-87C6-A0CA-1B74-39BCBE8D63AB"/>
</indexColumnUsage>
</ind_PK_UK>
<ind_PK_UK id="7C1DD37B-0CF6-90FB-7C39-A942312DAA77" name="SIEDU_COMPE_EVEN_COMPETENCI_FK">
<createdBy>Manuel</createdBy>
<createdTime>2016-03-06 23:50:52 UTC</createdTime>
<generatorID>Generado por el Usuario</generatorID>
<ownerDesignName>ERD_POLICIA</ownerDesignName>
<indexState>Foreign Key</indexState>
<isSurrogateKey>false</isSurrogateKey>
<indexColumnUsage>
<colUsage columnID="820B1FE4-EA33-1579-5909-A733B90292EB"/>
</indexColumnUsage>
</ind_PK_UK>
<ind_PK_UK id="641F9CAD-5EF3-4D38-D892-A3D43E228A41" name="SIEDU_COMPE_PROGR_COMPETE_FK">
<createdBy>Manuel</createdBy>
<createdTime>2016-03-10 01:36:51 UTC</createdTime>
<generatorID>Generado por el Usuario</generatorID>
<ownerDesignName>ERD_POLICIA</ownerDesignName>
<indexState>Foreign Key</indexState>
<isSurrogateKey>false</isSurrogateKey>
</ind_PK_UK>
</indexes>
</Table>