<?xml version = '1.0' encoding = 'UTF-8'?>
<Table class="oracle.dbtools.crest.model.design.relational.Table" directorySegmentName="seg_0" id="A4E92347-C65E-7451-8B01-0E88432087EA" name="SIEDU_CERTIFICADO_EVENTO">
<sourceDDLFile>SIEDU_CERTIFICADO_EVENTO.sql</sourceDDLFile>
<createdBy>Manuel</createdBy>
<createdTime>2016-03-06 23:59:33 UTC</createdTime>
<commentInRDBMS>Tabla de Certificados de Participación a Eventos</commentInRDBMS>
<generatorID>Generado por el Usuario</generatorID>
<ownerDesignName>ERD_POLICIA</ownerDesignName>
<allowColumnReorder>false</allowColumnReorder>
<existDependencyGenerateInDDl>true</existDependencyGenerateInDDl>
<columns itemClass="oracle.dbtools.crest.model.design.relational.Column">
<Column name="cert_cert" id="A766F115-44F1-25B5-629C-7EE6548566DE">
<createdBy>Manuel</createdBy>
<createdTime>2016-03-07 00:00:22 UTC</createdTime>
<commentInRDBMS>Secuencial identificador del certificado</commentInRDBMS>
<generatorID>Generado por el Usuario</generatorID>
<ownerDesignName>ERD_POLICIA</ownerDesignName>
<useDomainConstraints>false</useDomainConstraints>
<use>1</use>
<logicalDatatype>LOGDT019</logicalDatatype>
<dataTypePrecision>6</dataTypePrecision>
<autoIncrementCycle>false</autoIncrementCycle>
</Column>
<Column name="cert_pare" id="86923C51-89BE-42CC-7F60-606C1D01878F">
<createdBy>Manuel</createdBy>
<createdTime>2016-03-07 00:09:11 UTC</createdTime>
<commentInRDBMS>Participante Evento al que corresponde el certificado</commentInRDBMS>
<generatorID>Generado por el Usuario</generatorID>
<ownerDesignName>ERD_POLICIA</ownerDesignName>
<useDomainConstraints>false</useDomainConstraints>
<use>1</use>
<logicalDatatype>LOGDT019</logicalDatatype>
<dataTypePrecision>8</dataTypePrecision>
<delegate>56B0220B-E93B-F29A-AC4C-C0731C7E47CF</delegate>
<previousColumn>false</previousColumn>
<autoIncrementCycle>false</autoIncrementCycle>
<associations>
<colAssociation fkAssociation="10F72DF1-222D-868F-39D4-82C65711206C" referredColumn="56B0220B-E93B-F29A-AC4C-C0731C7E47CF"/>
</associations>
</Column>
<Column name="cert_consecu_folio" id="9AA2270F-8B4E-AB83-1141-17DD6F6DA880">
<createdBy>Manuel</createdBy>
<createdTime>2016-06-12 18:02:24 UTC</createdTime>
<comment>Número consecutivo de folio.</comment>
<commentInRDBMS>Número consecutivo de folio.</commentInRDBMS>
<generatorID>Generado por el Usuario</generatorID>
<ownerDesignName>ERD_POLICIA</ownerDesignName>
<useDomainConstraints>false</useDomainConstraints>
<use>1</use>
<logicalDatatype>LOGDT019</logicalDatatype>
<dataTypePrecision>6</dataTypePrecision>
<autoIncrementCycle>false</autoIncrementCycle>
</Column>
<Column name="cert_acta" id="258F715E-3F2A-1932-45E4-B0231002412C">
<sourceDDLFile>SIEDU_CERTIFICADO_EVENTO.sql</sourceDDLFile>
<createdBy>Manuel</createdBy>
<createdTime>2016-07-24 16:13:26 UTC</createdTime>
<commentInRDBMS>Acta de certificacion del evento</commentInRDBMS>
<generatorID>Generado por el Usuario</generatorID>
<ownerDesignName>ERD_POLICIA</ownerDesignName>
<importedID>D01D35DF-A62B-424E-A083-7D2046EA0FEE</importedID>
<use>0</use>
<logicalDatatype>LOGDT019</logicalDatatype>
<domain>195A7AA5-6CED-2F13-8643-80CAB573C38E</domain>
<delegate>505056D5-C791-7BD7-10F1-5EF7DE1437C8</delegate>
<autoIncrementCycle>false</autoIncrementCycle>
<associations>
<colAssociation fkAssociation="6847FF6C-ABCA-4841-20DE-9AB78E5174AD" referredColumn="505056D5-C791-7BD7-10F1-5EF7DE1437C8"/>
</associations>
</Column>
<Column name="cert_usu_crea" id="C2A98AEF-0291-AB1B-3F00-B571D210A863">
<sourceDDLFile>SIEDU_CERTIFICADO_EVENTO.sql</sourceDDLFile>
<createdBy>Manuel</createdBy>
<createdTime>2016-07-24 16:13:26 UTC</createdTime>
<generatorID>Generado por el Usuario</generatorID>
<ownerDesignName>ERD_POLICIA</ownerDesignName>
<importedID>61FCCB05-E892-CC1B-88EC-0441F07F2366</importedID>
<use>0</use>
<logicalDatatype>LOGDT024</logicalDatatype>
<domain>62AC5C6E-DF9A-2CE8-05B7-F0C9E3338787</domain>
<autoIncrementCycle>false</autoIncrementCycle>
</Column>
<Column name="cert_fecha_crea" id="53534A3B-75CB-3C40-4D13-D60E081CEDB6">
<sourceDDLFile>SIEDU_CERTIFICADO_EVENTO.sql</sourceDDLFile>
<createdBy>Manuel</createdBy>
<createdTime>2016-07-24 16:13:26 UTC</createdTime>
<generatorID>Generado por el Usuario</generatorID>
<ownerDesignName>ERD_POLICIA</ownerDesignName>
<importedID>95B44E39-4F2E-FDBF-8CF7-3DD11B67D2BD</importedID>
<use>0</use>
<logicalDatatype>LOGDT007</logicalDatatype>
<domain>34D6D752-0BC4-AA45-ED17-A754ADAE39D9</domain>
<autoIncrementCycle>false</autoIncrementCycle>
</Column>
<Column name="cert_maquina_crea" id="DA9E36DD-402D-3420-F96D-597A40E6C438">
<sourceDDLFile>SIEDU_CERTIFICADO_EVENTO.sql</sourceDDLFile>
<createdBy>Manuel</createdBy>
<createdTime>2016-07-24 16:13:26 UTC</createdTime>
<generatorID>Generado por el Usuario</generatorID>
<ownerDesignName>ERD_POLICIA</ownerDesignName>
<importedID>CFE756FC-8790-AE33-D8C3-338FEDBF6898</importedID>
<use>0</use>
<logicalDatatype>LOGDT024</logicalDatatype>
<domain>E6016132-F594-A604-9B12-E4A4183779F5</domain>
<autoIncrementCycle>false</autoIncrementCycle>
</Column>
<Column name="cert_ip_crea" id="429565F0-A98B-1951-282C-5B3061F86057">
<sourceDDLFile>SIEDU_CERTIFICADO_EVENTO.sql</sourceDDLFile>
<createdBy>Manuel</createdBy>
<createdTime>2016-07-24 16:13:26 UTC</createdTime>
<generatorID>Generado por el Usuario</generatorID>
<ownerDesignName>ERD_POLICIA</ownerDesignName>
<importedID>305C2287-4525-A363-2AE7-1D74FCCD43AB</importedID>
<use>0</use>
<logicalDatatype>LOGDT024</logicalDatatype>
<domain>E6016132-F594-A604-9B12-E4A4183779F5</domain>
<autoIncrementCycle>false</autoIncrementCycle>
</Column>
<Column name="cert_usu_mod" id="D148B7F4-A689-7120-C6A6-3C5FC11149BE">
<sourceDDLFile>SIEDU_CERTIFICADO_EVENTO.sql</sourceDDLFile>
<createdBy>Manuel</createdBy>
<createdTime>2016-07-24 16:13:26 UTC</createdTime>
<generatorID>Generado por el Usuario</generatorID>
<ownerDesignName>ERD_POLICIA</ownerDesignName>
<importedID>CD80A2D7-5F37-3187-CEEF-C00779A713D0</importedID>
<nullsAllowed>true</nullsAllowed>
<use>0</use>
<logicalDatatype>LOGDT024</logicalDatatype>
<domain>62AC5C6E-DF9A-2CE8-05B7-F0C9E3338787</domain>
<autoIncrementCycle>false</autoIncrementCycle>
</Column>
<Column name="cert_fecha_mod" id="FAD5468A-E8E3-D450-A464-1241CB581B24">
<sourceDDLFile>SIEDU_CERTIFICADO_EVENTO.sql</sourceDDLFile>
<createdBy>Manuel</createdBy>
<createdTime>2016-07-24 16:13:26 UTC</createdTime>
<generatorID>Generado por el Usuario</generatorID>
<ownerDesignName>ERD_POLICIA</ownerDesignName>
<importedID>7BEAAA09-A0E2-93BB-8062-08480E318E85</importedID>
<nullsAllowed>true</nullsAllowed>
<use>0</use>
<logicalDatatype>LOGDT007</logicalDatatype>
<domain>34D6D752-0BC4-AA45-ED17-A754ADAE39D9</domain>
<autoIncrementCycle>false</autoIncrementCycle>
</Column>
<Column name="cert_maquina_mod" id="7098770D-F962-4B05-3219-2734546256FF">
<sourceDDLFile>SIEDU_CERTIFICADO_EVENTO.sql</sourceDDLFile>
<createdBy>Manuel</createdBy>
<createdTime>2016-07-24 16:13:26 UTC</createdTime>
<generatorID>Generado por el Usuario</generatorID>
<ownerDesignName>ERD_POLICIA</ownerDesignName>
<importedID>AE3FF593-B0B1-9E10-E187-1320EE31ACD6</importedID>
<nullsAllowed>true</nullsAllowed>
<use>0</use>
<logicalDatatype>LOGDT024</logicalDatatype>
<domain>E6016132-F594-A604-9B12-E4A4183779F5</domain>
<autoIncrementCycle>false</autoIncrementCycle>
</Column>
<Column name="cert_ip_mod" id="59C52173-8692-91F9-8CC0-29B4AC947CD6">
<sourceDDLFile>SIEDU_CERTIFICADO_EVENTO.sql</sourceDDLFile>
<createdBy>Manuel</createdBy>
<createdTime>2016-07-24 16:13:26 UTC</createdTime>
<generatorID>Generado por el Usuario</generatorID>
<ownerDesignName>ERD_POLICIA</ownerDesignName>
<importedID>F611B594-0FDA-A71B-6626-E7AB724FAC2B</importedID>
<nullsAllowed>true</nullsAllowed>
<use>0</use>
<logicalDatatype>LOGDT024</logicalDatatype>
<domain>E6016132-F594-A604-9B12-E4A4183779F5</domain>
<autoIncrementCycle>false</autoIncrementCycle>
</Column>
</columns>
<indexes itemClass="oracle.dbtools.crest.model.design.relational.Index">
<ind_PK_UK id="1F28B502-885D-C8FB-6748-83A100A979A2" name="SIEDU_CERTIFICADO_EVENTO_PK">
<createdBy>Manuel</createdBy>
<createdTime>2016-03-07 00:07:37 UTC</createdTime>
<generatorID>Generado por el Usuario</generatorID>
<ownerDesignName>ERD_POLICIA</ownerDesignName>
<pk>true</pk>
<indexState>Primary Constraint</indexState>
<isSurrogateKey>false</isSurrogateKey>
<indexColumnUsage>
<colUsage columnID="A766F115-44F1-25B5-629C-7EE6548566DE"/>
</indexColumnUsage>
</ind_PK_UK>
<ind_PK_UK id="D0632D38-AA52-8B1C-F4AA-FB62CFEED8C6" name="SIEDU_CERTI_EVEN_PARTI_EVEN_FK">
<createdBy>Manuel</createdBy>
<createdTime>2016-03-07 00:09:11 UTC</createdTime>
<generatorID>Generado por el Usuario</generatorID>
<ownerDesignName>ERD_POLICIA</ownerDesignName>
<indexState>Foreign Key</indexState>
<isSurrogateKey>false</isSurrogateKey>
<indexColumnUsage>
<colUsage columnID="86923C51-89BE-42CC-7F60-606C1D01878F"/>
</indexColumnUsage>
</ind_PK_UK>
<ind_PK_UK id="A6675746-B3F6-7B2C-06FF-DB92C1705B70" name="siedu_certi_acta_even_fk">
<createdBy>Manuel</createdBy>
<createdTime>2016-07-24 16:13:26 UTC</createdTime>
<generatorID>Generado por el Usuario</generatorID>
<ownerDesignName>ERD_POLICIA</ownerDesignName>
<indexState>Foreign Key</indexState>
<isSurrogateKey>false</isSurrogateKey>
<indexColumnUsage>
<colUsage columnID="258F715E-3F2A-1932-45E4-B0231002412C"/>
</indexColumnUsage>
</ind_PK_UK>
</indexes>
</Table>