<?xml version = '1.0' encoding = 'UTF-8'?>
<Table class="oracle.dbtools.crest.model.design.relational.Table" directorySegmentName="seg_0" id="A74EEAA0-479E-F681-E15A-4D25243F9A04" name="SIEDU_AUDITORIA">
<createdBy>Manuel</createdBy>
<createdTime>2016-01-25 04:33:26 UTC</createdTime>
<commentInRDBMS>Tabla que almacena los registros de Auditoría generados por las tablas.</commentInRDBMS>
<generatorID>Generado por el Usuario</generatorID>
<ownerDesignName>ERD_POLICIA</ownerDesignName>
<allowColumnReorder>false</allowColumnReorder>
<existDependencyGenerateInDDl>true</existDependencyGenerateInDDl>
<columns itemClass="oracle.dbtools.crest.model.design.relational.Column">
<Column name="audi_audi" id="920BDD27-A312-B85A-800F-34AD2A7BF85F">
<createdBy>Manuel</createdBy>
<createdTime>2016-01-25 04:35:02 UTC</createdTime>
<commentInRDBMS>Secuencial Identificador del registro</commentInRDBMS>
<generatorID>Generado por el Usuario</generatorID>
<ownerDesignName>ERD_POLICIA</ownerDesignName>
<useDomainConstraints>false</useDomainConstraints>
<use>1</use>
<logicalDatatype>LOGDT019</logicalDatatype>
<dataTypePrecision>10</dataTypePrecision>
<autoIncrementCycle>false</autoIncrementCycle>
</Column>
<Column name="audi_fecha" id="64C807B6-13F2-E77B-F8BD-FB0475157961">
<createdBy>Manuel</createdBy>
<createdTime>2016-01-25 04:35:02 UTC</createdTime>
<commentInRDBMS>Fecha de creación del registro de Auditoría</commentInRDBMS>
<generatorID>Generado por el Usuario</generatorID>
<ownerDesignName>ERD_POLICIA</ownerDesignName>
<useDomainConstraints>false</useDomainConstraints>
<use>1</use>
<logicalDatatype>LOGDT007</logicalDatatype>
<autoIncrementCycle>false</autoIncrementCycle>
</Column>
<Column name="audi_tabla" id="B72FB2A6-E6C4-C835-6F97-533B43B7652E">
<createdBy>Manuel</createdBy>
<createdTime>2016-01-25 04:41:19 UTC</createdTime>
<commentInRDBMS>Nombre de la tabla correspondiente al registro de Auditoría</commentInRDBMS>
<generatorID>Generado por el Usuario</generatorID>
<ownerDesignName>ERD_POLICIA</ownerDesignName>
<useDomainConstraints>false</useDomainConstraints>
<use>1</use>
<logicalDatatype>LOGDT024</logicalDatatype>
<dataTypeSize>30</dataTypeSize>
<autoIncrementCycle>false</autoIncrementCycle>
</Column>
<Column name="audi_oper" id="205E86EC-5E19-C33A-A8AD-229C95ED2AA9">
<createdBy>Manuel</createdBy>
<createdTime>2016-01-25 04:40:38 UTC</createdTime>
<commentInRDBMS>Identifica la operación orígen del registro de Auditoría</commentInRDBMS>
<generatorID>Generado por el Usuario</generatorID>
<ownerDesignName>ERD_POLICIA</ownerDesignName>
<useDomainConstraints>false</useDomainConstraints>
<use>1</use>
<logicalDatatype>LOGDT024</logicalDatatype>
<dataTypeSize>1</dataTypeSize>
<autoIncrementCycle>false</autoIncrementCycle>
</Column>
<Column name="audi_regantes" id="76E4D717-EE7F-C0EB-84D5-EEE2CB617E00">
<createdBy>Manuel</createdBy>
<createdTime>2016-01-25 04:39:13 UTC</createdTime>
<commentInRDBMS>Detalle del contenido de los campos antes de la operación auditada</commentInRDBMS>
<generatorID>Generado por el Usuario</generatorID>
<ownerDesignName>ERD_POLICIA</ownerDesignName>
<useDomainConstraints>false</useDomainConstraints>
<use>1</use>
<logicalDatatype>LOGDT028</logicalDatatype>
<autoIncrementCycle>false</autoIncrementCycle>
</Column>
<Column name="audi_regdespues" id="B5AA16E4-70E7-C57E-3EFB-BEE52CE7BA91">
<createdBy>Manuel</createdBy>
<createdTime>2016-01-25 04:40:38 UTC</createdTime>
<commentInRDBMS>Detalle del contenido de los campos antes de la operación auditada</commentInRDBMS>
<generatorID>Generado por el Usuario</generatorID>
<ownerDesignName>ERD_POLICIA</ownerDesignName>
<nullsAllowed>true</nullsAllowed>
<useDomainConstraints>false</useDomainConstraints>
<use>1</use>
<logicalDatatype>LOGDT028</logicalDatatype>
<autoIncrementCycle>false</autoIncrementCycle>
</Column>
<Column name="audi_usuario" id="5F5DC07F-A924-B891-9B45-BCB083545F38">
<createdBy>Manuel</createdBy>
<createdTime>2016-01-25 04:42:47 UTC</createdTime>
<commentInRDBMS>Usuario que realizó la operación auditada</commentInRDBMS>
<generatorID>Generado por el Usuario</generatorID>
<ownerDesignName>ERD_POLICIA</ownerDesignName>
<useDomainConstraints>false</useDomainConstraints>
<use>1</use>
<logicalDatatype>LOGDT024</logicalDatatype>
<dataTypeSize>30</dataTypeSize>
<autoIncrementCycle>false</autoIncrementCycle>
</Column>
<Column name="audi_maquina" id="FFC82C42-F714-33CF-E5BC-1C7B5AB1AEEC">
<createdBy>Manuel</createdBy>
<createdTime>2016-01-25 04:43:51 UTC</createdTime>
<commentInRDBMS>Nombre de la máquina desde la que se realizó la operación auditada</commentInRDBMS>
<generatorID>Generado por el Usuario</generatorID>
<ownerDesignName>ERD_POLICIA</ownerDesignName>
<nullsAllowed>true</nullsAllowed>
<useDomainConstraints>false</useDomainConstraints>
<use>1</use>
<logicalDatatype>LOGDT024</logicalDatatype>
<dataTypeSize>100</dataTypeSize>
<autoIncrementCycle>false</autoIncrementCycle>
</Column>
<Column name="audi_ip" id="D1A0CA19-09D4-CB5C-11B5-59A05B298553">
<createdBy>Manuel</createdBy>
<createdTime>2016-01-25 04:44:54 UTC</createdTime>
<commentInRDBMS>Dirección IP desde donde se realizó la operación auditada</commentInRDBMS>
<generatorID>Generado por el Usuario</generatorID>
<ownerDesignName>ERD_POLICIA</ownerDesignName>
<useDomainConstraints>false</useDomainConstraints>
<use>1</use>
<logicalDatatype>LOGDT024</logicalDatatype>
<dataTypeSize>50</dataTypeSize>
<autoIncrementCycle>false</autoIncrementCycle>
</Column>
</columns>
<indexes itemClass="oracle.dbtools.crest.model.design.relational.Index">
<ind_PK_UK id="A424CB54-BFC9-0962-E518-EF89B272E753" name="SIEDU_AUDITORIA_PK">
<createdBy>Manuel</createdBy>
<createdTime>2016-01-25 04:40:38 UTC</createdTime>
<generatorID>Generado por el Usuario</generatorID>
<ownerDesignName>ERD_POLICIA</ownerDesignName>
<pk>true</pk>
<indexState>Primary Constraint</indexState>
<isSurrogateKey>false</isSurrogateKey>
<indexColumnUsage>
<colUsage columnID="920BDD27-A312-B85A-800F-34AD2A7BF85F"/>
</indexColumnUsage>
</ind_PK_UK>
</indexes>
</Table>