<?xml version = '1.0' encoding = 'UTF-8'?>
<Table class="oracle.dbtools.crest.model.design.relational.Table" directorySegmentName="seg_0" id="A810FEBF-AAFF-FA30-EA55-F653D0897C03" name="SIEDU_EVAL_PREGUNTA">
<createdBy>itc</createdBy>
<createdTime>2016-03-10 11:11:52 UTC</createdTime>
<commentInRDBMS>Tabla de Preguntas que componen una Evaluación</commentInRDBMS>
<generatorID>Generado por el Usuario</generatorID>
<ownerDesignName>ERD_POLICIA</ownerDesignName>
<allowColumnReorder>false</allowColumnReorder>
<existDependencyGenerateInDDl>true</existDependencyGenerateInDDl>
<columns itemClass="oracle.dbtools.crest.model.design.relational.Column">
<Column name="evpre_eval" id="6B38C9F4-757B-C605-2515-714B9A9FAFE6">
<createdBy>itc</createdBy>
<createdTime>2016-03-10 11:12:55 UTC</createdTime>
<commentInRDBMS>Identificador de la Evaluación</commentInRDBMS>
<generatorID>Generado por el Usuario</generatorID>
<ownerDesignName>ERD_POLICIA</ownerDesignName>
<useDomainConstraints>false</useDomainConstraints>
<use>1</use>
<logicalDatatype>LOGDT019</logicalDatatype>
<dataTypePrecision>8</dataTypePrecision>
<delegate>9D763F7B-4B52-9A07-B911-C5A719B46D6C</delegate>
<previousColumn>false</previousColumn>
<autoIncrementCycle>false</autoIncrementCycle>
<associations>
<colAssociation fkAssociation="1D183291-5DE2-54DB-E85C-49EBAEBFCD3F" referredColumn="9D763F7B-4B52-9A07-B911-C5A719B46D6C"/>
</associations>
</Column>
<Column name="evpre_peval_preg" id="FCAD6380-CA18-6221-2D6E-016FA549D55A">
<createdBy>itc</createdBy>
<createdTime>2016-03-10 11:12:47 UTC</createdTime>
<commentInRDBMS>Secuencial del Parámetro de Evaluación- Pregunta dentro de la Evaluación</commentInRDBMS>
<generatorID>Generado por el Usuario</generatorID>
<ownerDesignName>ERD_POLICIA</ownerDesignName>
<useDomainConstraints>false</useDomainConstraints>
<use>1</use>
<logicalDatatype>LOGDT019</logicalDatatype>
<dataTypePrecision>8</dataTypePrecision>
<delegate>CDB2E913-0847-51BA-47A4-70A55E8606A3</delegate>
<autoIncrementCycle>false</autoIncrementCycle>
<associations>
<colAssociation fkAssociation="DAC4569E-5CE9-7683-F154-29DC4A3BF086" referredColumn="3A608AD0-E923-37A4-61B4-1B91C8947929"/>
</associations>
</Column>
<Column name="evpre_peval_aspec" id="6D81ABE3-277C-D10D-0C8C-EC8BFE00BD5D">
<createdBy>itc</createdBy>
<createdTime>2016-04-21 18:05:15 UTC</createdTime>
<commentInRDBMS>Parámetro de Evaluación - Aspecto en la Evaluación</commentInRDBMS>
<generatorID>Generado por el Usuario</generatorID>
<ownerDesignName>ERD_POLICIA</ownerDesignName>
<nullsAllowed>true</nullsAllowed>
<useDomainConstraints>false</useDomainConstraints>
<use>1</use>
<logicalDatatype>LOGDT019</logicalDatatype>
<dataTypePrecision>8</dataTypePrecision>
<delegate>3A608AD0-E923-37A4-61B4-1B91C8947929</delegate>
<previousColumn>false</previousColumn>
<autoIncrementCycle>false</autoIncrementCycle>
<associations>
<colAssociation fkAssociation="4287A2DB-A482-53E8-97AC-7E0AE9897852" referredColumn="3A608AD0-E923-37A4-61B4-1B91C8947929"/>
</associations>
</Column>
<Column name="evpre_orden" id="18B2E799-C5F9-361D-9764-8AA6314945B1">
<createdBy>itc</createdBy>
<createdTime>2016-03-10 12:26:56 UTC</createdTime>
<commentInRDBMS>Orden de la Pregunta en la Evaluación</commentInRDBMS>
<generatorID>Generado por el Usuario</generatorID>
<ownerDesignName>ERD_POLICIA</ownerDesignName>
<useDomainConstraints>false</useDomainConstraints>
<use>1</use>
<logicalDatatype>LOGDT019</logicalDatatype>
<dataTypePrecision>4</dataTypePrecision>
<autoIncrementCycle>false</autoIncrementCycle>
</Column>
<Column name="evpre_comp" id="6B35B7E5-B9A0-523B-1A4E-CA8F0A5A1F25">
<createdBy>Manuel</createdBy>
<createdTime>2016-03-20 02:43:29 UTC</createdTime>
<commentInRDBMS>Identificador de la Competencia</commentInRDBMS>
<generatorID>Generado por el Usuario</generatorID>
<ownerDesignName>ERD_POLICIA</ownerDesignName>
<useDomainConstraints>false</useDomainConstraints>
<use>1</use>
<logicalDatatype>LOGDT019</logicalDatatype>
<dataTypePrecision>4</dataTypePrecision>
<delegate>0FCBFDBD-4CCA-608E-31A2-A2FE1C179BE1</delegate>
<previousColumn>false</previousColumn>
<autoIncrementCycle>false</autoIncrementCycle>
<associations>
<colAssociation fkAssociation="E6B51A93-81DE-A540-2B65-D80A0E237FFE" referredColumn="0FCBFDBD-4CCA-608E-31A2-A2FE1C179BE1"/>
</associations>
</Column>
<Column name="evpre_peval_factor" id="77294E3E-031B-2140-0AE1-537335DFF0AD">
<createdBy>itc</createdBy>
<createdTime>2016-03-10 11:16:32 UTC</createdTime>
<commentInRDBMS>Parámetro de Evaluación - Factor de la Pregunta en la Evaluación</commentInRDBMS>
<generatorID>Generado por el Usuario</generatorID>
<ownerDesignName>ERD_POLICIA</ownerDesignName>
<nullsAllowed>true</nullsAllowed>
<useDomainConstraints>false</useDomainConstraints>
<use>1</use>
<logicalDatatype>LOGDT019</logicalDatatype>
<dataTypePrecision>8</dataTypePrecision>
<delegate>3A608AD0-E923-37A4-61B4-1B91C8947929</delegate>
<previousColumn>false</previousColumn>
<autoIncrementCycle>false</autoIncrementCycle>
<associations>
<colAssociation fkAssociation="229051C8-B3B6-F490-BC2F-F6E4BB779BDD" referredColumn="3A608AD0-E923-37A4-61B4-1B91C8947929"/>
</associations>
</Column>
<Column name="evpre_vlr_porc" id="E22E6D03-B04F-4ED2-4995-AD8C6208B7EE">
<createdBy>itc</createdBy>
<createdTime>2016-03-10 11:18:57 UTC</createdTime>
<commentInRDBMS>Valor porcentual asignado a determinada pregunta con respecto a las demás que hacen parte de un grupo de competencias o factores.</commentInRDBMS>
<generatorID>Generado por el Usuario</generatorID>
<ownerDesignName>ERD_POLICIA</ownerDesignName>
<nullsAllowed>true</nullsAllowed>
<useDomainConstraints>false</useDomainConstraints>
<use>1</use>
<logicalDatatype>LOGDT019</logicalDatatype>
<dataTypePrecision>5</dataTypePrecision>
<dataTypeScale>2</dataTypeScale>
<autoIncrementCycle>false</autoIncrementCycle>
</Column>
</columns>
<indexes itemClass="oracle.dbtools.crest.model.design.relational.Index">
<ind_PK_UK id="6916720B-5618-9240-2BF7-70B12311BFD7" name="SIEDU_EVAL_PREGUNTA_PK">
<createdBy>itc</createdBy>
<createdTime>2016-03-10 11:12:47 UTC</createdTime>
<generatorID>Generado por el Usuario</generatorID>
<ownerDesignName>ERD_POLICIA</ownerDesignName>
<pk>true</pk>
<indexState>Primary Constraint</indexState>
<isSurrogateKey>false</isSurrogateKey>
<indexColumnUsage>
<colUsage columnID="6B38C9F4-757B-C605-2515-714B9A9FAFE6"/>
<colUsage columnID="FCAD6380-CA18-6221-2D6E-016FA549D55A"/>
</indexColumnUsage>
</ind_PK_UK>
<ind_PK_UK id="463FEBFA-421E-5292-15B4-086FE291DEEA" name="SIEDU_PREGUNTA_EVALUACION_FK">
<createdBy>itc</createdBy>
<createdTime>2016-03-10 11:12:55 UTC</createdTime>
<generatorID>Generado por el Usuario</generatorID>
<ownerDesignName>ERD_POLICIA</ownerDesignName>
<indexState>Foreign Key</indexState>
<isSurrogateKey>false</isSurrogateKey>
<indexColumnUsage>
<colUsage columnID="6B38C9F4-757B-C605-2515-714B9A9FAFE6"/>
</indexColumnUsage>
</ind_PK_UK>
<ind_PK_UK id="9D6B9E88-7A4D-EA00-4001-C9813C1B14CB" name="SIEDU_PREG_PAR_EVAL_FACTOR_FK">
<createdBy>itc</createdBy>
<createdTime>2016-03-10 11:16:32 UTC</createdTime>
<generatorID>Generado por el Usuario</generatorID>
<ownerDesignName>ERD_POLICIA</ownerDesignName>
<indexState>Foreign Key</indexState>
<isSurrogateKey>false</isSurrogateKey>
<indexColumnUsage>
<colUsage columnID="77294E3E-031B-2140-0AE1-537335DFF0AD"/>
</indexColumnUsage>
</ind_PK_UK>
<ind_PK_UK id="0824126C-843F-BF54-5656-FF2228CF1A80" name="SIEDU_EVAL_PREGUNTA_COMPE_FK">
<createdBy>Manuel</createdBy>
<createdTime>2016-03-20 02:43:29 UTC</createdTime>
<generatorID>Generado por el Usuario</generatorID>
<ownerDesignName>ERD_POLICIA</ownerDesignName>
<indexState>Foreign Key</indexState>
<isSurrogateKey>false</isSurrogateKey>
<indexColumnUsage>
<colUsage columnID="6B35B7E5-B9A0-523B-1A4E-CA8F0A5A1F25"/>
</indexColumnUsage>
</ind_PK_UK>
<ind_PK_UK id="55224CE1-0422-52FB-3DE3-6DE491F7FB18" name="SIEDU_EVAL_PREG_PEVAL_PREG_FK">
<createdBy>itc</createdBy>
<createdTime>2016-04-21 18:02:44 UTC</createdTime>
<generatorID>Generado por el Usuario</generatorID>
<ownerDesignName>ERD_POLICIA</ownerDesignName>
<indexState>Foreign Key</indexState>
<isSurrogateKey>false</isSurrogateKey>
<indexColumnUsage>
<colUsage columnID="FCAD6380-CA18-6221-2D6E-016FA549D55A"/>
</indexColumnUsage>
</ind_PK_UK>
<ind_PK_UK id="7F231167-BA84-66DE-440D-EDF158AC061A" name="SIEDU_EVAL_PREG_PEVAL_ASPEC_FK">
<createdBy>itc</createdBy>
<createdTime>2016-04-21 18:05:15 UTC</createdTime>
<generatorID>Generado por el Usuario</generatorID>
<ownerDesignName>ERD_POLICIA</ownerDesignName>
<indexState>Foreign Key</indexState>
<isSurrogateKey>false</isSurrogateKey>
<indexColumnUsage>
<colUsage columnID="6D81ABE3-277C-D10D-0C8C-EC8BFE00BD5D"/>
</indexColumnUsage>
</ind_PK_UK>
</indexes>
</Table>