<?xml version = '1.0' encoding = 'UTF-8'?>
<Table class="oracle.dbtools.crest.model.design.relational.Table" directorySegmentName="seg_0" id="AC8651B1-288D-7724-C73B-43561D47185C" name="USUARIO_ROL">
<sourceConnName>Policia</sourceConnName>
<sourceObjSchema>USR_DISIGAC2</sourceObjSchema>
<sourceObjName>USUARIO_ROL</sourceObjName>
<createdBy>itc</createdBy>
<createdTime>2016-01-22 12:58:59 UTC</createdTime>
<generatorID>Generado por el Usuario</generatorID>
<ownerDesignName>ERD_POLICIA</ownerDesignName>
<importedID>B74F3C99-ED5A-CA6F-63EC-3A5643865AF0</importedID>
<schemaObject>ED8B0381-61E9-98DB-D254-F5EC1AB94C4F</schemaObject>
<allowColumnReorder>false</allowColumnReorder>
<existDependencyGenerateInDDl>true</existDependencyGenerateInDDl>
<columns itemClass="oracle.dbtools.crest.model.design.relational.Column">
<Column name="ID_USUARIO_ROL" id="7E54B071-F27A-9358-3143-AE4617C65434">
<sourceConnName>Policia</sourceConnName>
<sourceObjSchema>USUARIO_ROL</sourceObjSchema>
<sourceObjName>ID_USUARIO_ROL</sourceObjName>
<createdBy>itc</createdBy>
<createdTime>2016-01-22 12:58:59 UTC</createdTime>
<commentInRDBMS>Identificador del usuario rol</commentInRDBMS>
<generatorID>Generado por el Usuario</generatorID>
<ownerDesignName>ERD_POLICIA</ownerDesignName>
<importedID>FB0E69D8-DE31-E1EB-B8DA-D9C2C52DFA00</importedID>
<useDomainConstraints>false</useDomainConstraints>
<use>1</use>
<logicalDatatype>LOGDT019</logicalDatatype>
<autoIncrementCycle>false</autoIncrementCycle>
</Column>
<Column name="IDENTIFICADOR_USUARIO" id="4B329A21-4D4C-0C4D-A92B-E39F65EA8571">
<sourceConnName>Policia</sourceConnName>
<sourceObjSchema>USUARIO_ROL</sourceObjSchema>
<sourceObjName>IDENTIFICADOR_USUARIO</sourceObjName>
<createdBy>itc</createdBy>
<createdTime>2016-01-22 12:58:59 UTC</createdTime>
<generatorID>Generado por el Usuario</generatorID>
<ownerDesignName>ERD_POLICIA</ownerDesignName>
<importedID>A2B1E507-8407-1F50-A30F-8AC2836E1419</importedID>
<useDomainConstraints>false</useDomainConstraints>
<use>1</use>
<logicalDatatype>LOGDT024</logicalDatatype>
<dataTypeSize>50 BYTE</dataTypeSize>
<autoIncrementCycle>false</autoIncrementCycle>
</Column>
<Column name="ID_ROL" id="7EA9265D-A36C-EE2C-BF45-9B6E8062D7FB">
<sourceConnName>Policia</sourceConnName>
<sourceObjSchema>USUARIO_ROL</sourceObjSchema>
<sourceObjName>ID_ROL</sourceObjName>
<createdBy>itc</createdBy>
<createdTime>2016-01-22 12:58:59 UTC</createdTime>
<commentInRDBMS>Identificador del rol</commentInRDBMS>
<generatorID>Generado por el Usuario</generatorID>
<ownerDesignName>ERD_POLICIA</ownerDesignName>
<importedID>0708D3C1-5063-140C-AE3D-65A5DE5E5130</importedID>
<nullsAllowed>true</nullsAllowed>
<useDomainConstraints>false</useDomainConstraints>
<use>1</use>
<logicalDatatype>LOGDT019</logicalDatatype>
<delegate>5F903429-1AA3-557B-80CE-639A30D84EBA</delegate>
<autoIncrementCycle>false</autoIncrementCycle>
<associations>
<colAssociation fkAssociation="1C672509-F02B-A66A-885D-B83A4F7C2E71" referredColumn="5F903429-1AA3-557B-80CE-639A30D84EBA"/>
</associations>
</Column>
<Column name="FECHA_INICIO" id="24611086-AD77-CF0C-B6E2-B97C1539E0B9">
<sourceConnName>Policia</sourceConnName>
<sourceObjSchema>USUARIO_ROL</sourceObjSchema>
<sourceObjName>FECHA_INICIO</sourceObjName>
<createdBy>itc</createdBy>
<createdTime>2016-01-22 12:58:59 UTC</createdTime>
<commentInRDBMS>Fecha de incio de vigencia del rol</commentInRDBMS>
<generatorID>Generado por el Usuario</generatorID>
<ownerDesignName>ERD_POLICIA</ownerDesignName>
<importedID>B1E1A3EC-9A13-3861-BAB5-0F2502F8E54B</importedID>
<nullsAllowed>true</nullsAllowed>
<useDomainConstraints>false</useDomainConstraints>
<use>1</use>
<logicalDatatype>LOGDT015</logicalDatatype>
<dataTypePrecision>6</dataTypePrecision>
<autoIncrementCycle>false</autoIncrementCycle>
</Column>
<Column name="FECHA_FIN" id="3630B4BC-E056-FB2F-4368-86276CF2A7D2">
<sourceConnName>Policia</sourceConnName>
<sourceObjSchema>USUARIO_ROL</sourceObjSchema>
<sourceObjName>FECHA_FIN</sourceObjName>
<createdBy>itc</createdBy>
<createdTime>2016-01-22 12:58:59 UTC</createdTime>
<commentInRDBMS>Fecha de finalización de vigencia del rol</commentInRDBMS>
<generatorID>Generado por el Usuario</generatorID>
<ownerDesignName>ERD_POLICIA</ownerDesignName>
<importedID>3371D221-9CD5-BDB2-E527-F09B951A3CF0</importedID>
<nullsAllowed>true</nullsAllowed>
<useDomainConstraints>false</useDomainConstraints>
<use>1</use>
<logicalDatatype>LOGDT015</logicalDatatype>
<dataTypePrecision>6</dataTypePrecision>
<autoIncrementCycle>false</autoIncrementCycle>
</Column>
<Column name="ACTIVO" id="F40561BC-35BA-9077-2842-4C8D94EC41BB">
<sourceConnName>Policia</sourceConnName>
<sourceObjSchema>USUARIO_ROL</sourceObjSchema>
<sourceObjName>ACTIVO</sourceObjName>
<createdBy>itc</createdBy>
<createdTime>2016-01-22 12:58:59 UTC</createdTime>
<commentInRDBMS>&apos;S&apos; Indica si el perfil está activo o no , &apos;N&apos; Indica que el perfil no está activo</commentInRDBMS>
<generatorID>Generado por el Usuario</generatorID>
<ownerDesignName>ERD_POLICIA</ownerDesignName>
<importedID>BCA777B5-B129-AEAF-947B-9193587A2B0F</importedID>
<nullsAllowed>true</nullsAllowed>
<useDomainConstraints>false</useDomainConstraints>
<use>1</use>
<logicalDatatype>LOGDT024</logicalDatatype>
<dataTypeSize>1 BYTE</dataTypeSize>
<autoIncrementCycle>false</autoIncrementCycle>
</Column>
</columns>
<indexes itemClass="oracle.dbtools.crest.model.design.relational.Index">
<ind_PK_UK id="C034E1BC-B637-9D13-52AD-72BAD796CD2E" name="USUARIO_ROL_PK">
<sourceConnName>Policia</sourceConnName>
<sourceObjSchema>USR_DISIGAC2</sourceObjSchema>
<sourceObjName>USUARIO_ROL_PK</sourceObjName>
<createdBy>itc</createdBy>
<createdTime>2016-01-22 12:58:59 UTC</createdTime>
<generatorID>Generado por el Usuario</generatorID>
<ownerDesignName>ERD_POLICIA</ownerDesignName>
<importedID>25046EB2-C216-9AB4-0AA1-C56DD70EA187</importedID>
<pk>true</pk>
<indexState>Primary Constraint</indexState>
<isSurrogateKey>false</isSurrogateKey>
<indexColumnUsage>
<colUsage columnID="7E54B071-F27A-9358-3143-AE4617C65434"/>
</indexColumnUsage>
</ind_PK_UK>
<ind_PK_UK id="548D70F0-394D-3DE9-A6CA-BD8D88136A81" name="USUARIO_ROL_PK">
<sourceConnName>Policia</sourceConnName>
<sourceObjSchema>USR_DISIGAC2</sourceObjSchema>
<sourceObjName>USUARIO_ROL_PK</sourceObjName>
<createdBy>itc</createdBy>
<createdTime>2016-01-22 12:58:59 UTC</createdTime>
<generatorID>Generado por el Usuario</generatorID>
<ownerDesignName>ERD_POLICIA</ownerDesignName>
<importedID>E524A521-9889-0903-3C9F-0BE14B01947A</importedID>
<indexState>Unique Plain Index</indexState>
<schemaObject>ED8B0381-61E9-98DB-D254-F5EC1AB94C4F</schemaObject>
<isSurrogateKey>false</isSurrogateKey>
<indexColumnUsage>
<colUsage columnID="7E54B071-F27A-9358-3143-AE4617C65434"/>
</indexColumnUsage>
</ind_PK_UK>
<ind_PK_UK id="C722FB63-16D1-9D60-F43C-6DAB77FCD53B" name="FK_USUARIO_ROL_Y_ROL">
<createdBy>itc</createdBy>
<createdTime>2016-01-22 12:58:59 UTC</createdTime>
<generatorID>Generado por el Usuario</generatorID>
<ownerDesignName>ERD_POLICIA</ownerDesignName>
<indexState>Foreign Key</indexState>
<isSurrogateKey>false</isSurrogateKey>
<indexColumnUsage>
<colUsage columnID="7EA9265D-A36C-EE2C-BF45-9B6E8062D7FB"/>
</indexColumnUsage>
</ind_PK_UK>
</indexes>
<validTimeDimensions>
<validTimeDimension class="oracle.dbtools.crest.model.design.relational.ValidTimeDimension" name="SYS_STSTMP8E7XKNKKHP#VE$JAE2TD" directorySegmentName="seg_1" id="1F57C433-6EC6-F898-3C8C-92AAA705A7C6">
<sourceConnName>Policia</sourceConnName>
<sourceObjSchema>USUARIO_ROL</sourceObjSchema>
<sourceObjName>SYS_STSTMP8E7XKNKKHP#VE$JAE2TD</sourceObjName>
<createdBy>itc</createdBy>
<createdTime>2016-01-22 12:58:59 UTC</createdTime>
<generatorID>Generado por el Usuario</generatorID>
<ownerDesignName>ERD_POLICIA</ownerDesignName>
<importedID>A21B1E66-ED83-8DAC-9B3F-8B4E0873E70E</importedID>
</validTimeDimension>
</validTimeDimensions>
</Table>