<?xml version = '1.0' encoding = 'UTF-8'?>
<Table class="oracle.dbtools.crest.model.design.relational.Table" directorySegmentName="seg_0" id="AEAC5186-1205-444E-51AD-3BA12F1E675F" name="SIEDU_NECESIDAD_E">
<sourceConnName>POLILOCALDESA</sourceConnName>
<sourceObjSchema>POLILOCALDESA</sourceObjSchema>
<sourceObjName>SIEDU_NECESIDAD_E</sourceObjName>
<createdBy>Manuel</createdBy>
<createdTime>2016-05-21 01:53:07 UTC</createdTime>
<commentInRDBMS>Tabla correspondiente a las necesidades de cupos definidas por la entidad externa</commentInRDBMS>
<generatorID>Generado por el Usuario</generatorID>
<ownerDesignName>ERD_POLICIA</ownerDesignName>
<importedID>818685FF-CF95-19DB-4E44-C8ED9B30C054</importedID>
<schemaObject>27F9A1FA-A0B8-DE97-1C86-E0DC544252C3</schemaObject>
<allowColumnReorder>false</allowColumnReorder>
<existDependencyGenerateInDDl>true</existDependencyGenerateInDDl>
<columns itemClass="oracle.dbtools.crest.model.design.relational.Column">
<Column name="ENEC_ENEC" id="AAE52AB8-2B94-CBE3-FF45-FBFC70CE1EB1">
<sourceConnName>POLILOCALDESA</sourceConnName>
<sourceObjSchema>SIEDU_NECESIDAD_E</sourceObjSchema>
<sourceObjName>ENEC_ENEC</sourceObjName>
<createdBy>Manuel</createdBy>
<createdTime>2016-05-21 01:53:07 UTC</createdTime>
<commentInRDBMS>Secuencial de creaciÃ³n del registro de necesidad externa</commentInRDBMS>
<generatorID>Generado por el Usuario</generatorID>
<ownerDesignName>ERD_POLICIA</ownerDesignName>
<importedID>AFF6B55D-070E-899D-8A65-9C317E5C3B86</importedID>
<useDomainConstraints>false</useDomainConstraints>
<use>1</use>
<logicalDatatype>LOGDT019</logicalDatatype>
<dataTypePrecision>6</dataTypePrecision>
<autoIncrementCycle>false</autoIncrementCycle>
</Column>
<Column name="ENEC_VIGENCIA" id="C8096DAE-8096-B9EF-DDA4-6239ED67D745">
<sourceConnName>POLILOCALDESA</sourceConnName>
<sourceObjSchema>SIEDU_NECESIDAD_E</sourceObjSchema>
<sourceObjName>ENEC_VIGENCIA</sourceObjName>
<createdBy>Manuel</createdBy>
<createdTime>2016-05-21 01:53:07 UTC</createdTime>
<commentInRDBMS>Cadena que identifica la vigencia para la cual se define la necesidad</commentInRDBMS>
<generatorID>Generado por el Usuario</generatorID>
<ownerDesignName>ERD_POLICIA</ownerDesignName>
<importedID>3F846271-F3E7-3C1B-CBF0-F9B891F92E84</importedID>
<useDomainConstraints>false</useDomainConstraints>
<use>1</use>
<logicalDatatype>LOGDT024</logicalDatatype>
<dataTypeSize>7 BYTE</dataTypeSize>
<autoIncrementCycle>false</autoIncrementCycle>
</Column>
<Column name="ENEC_UDE_FUERZA_REGION" id="DAA07B7F-47BC-27C8-4964-9B5DAAB5FA28">
<sourceConnName>POLILOCALDESA</sourceConnName>
<sourceObjSchema>SIEDU_NECESIDAD_E</sourceObjSchema>
<sourceObjName>ENEC_UDE_FUERZA_REGION</sourceObjName>
<createdBy>Manuel</createdBy>
<createdTime>2016-05-21 01:53:07 UTC</createdTime>
<commentInRDBMS>Identificador de la Fuerza de la RegiÃ³n</commentInRDBMS>
<generatorID>Generado por el Usuario</generatorID>
<ownerDesignName>ERD_POLICIA</ownerDesignName>
<importedID>89F0CDAE-E5E5-CDED-14F6-1875318A5F4B</importedID>
<useDomainConstraints>false</useDomainConstraints>
<use>1</use>
<logicalDatatype>LOGDT019</logicalDatatype>
<dataTypePrecision>1</dataTypePrecision>
<autoIncrementCycle>false</autoIncrementCycle>
</Column>
<Column name="ENEC_UDE_REGION" id="7ECBB168-F299-59E1-C3CB-B1CA76322EBD">
<sourceConnName>POLILOCALDESA</sourceConnName>
<sourceObjSchema>SIEDU_NECESIDAD_E</sourceObjSchema>
<sourceObjName>ENEC_UDE_REGION</sourceObjName>
<createdBy>Manuel</createdBy>
<createdTime>2016-05-21 01:53:07 UTC</createdTime>
<commentInRDBMS>Identificador de la RegiÃ³n a la que corresponde la necesidad. Unidades_Dependencia (REGION)</commentInRDBMS>
<generatorID>Generado por el Usuario</generatorID>
<ownerDesignName>ERD_POLICIA</ownerDesignName>
<importedID>C27CF4E1-3FE9-93E7-E21D-5103AC1E5F62</importedID>
<useDomainConstraints>false</useDomainConstraints>
<use>1</use>
<logicalDatatype>LOGDT019</logicalDatatype>
<autoIncrementCycle>false</autoIncrementCycle>
</Column>
<Column name="ENEC_UDE_FUERZA_UFISI" id="A6440132-E0A0-2603-869D-121B6DB81C67">
<sourceConnName>POLILOCALDESA</sourceConnName>
<sourceObjSchema>SIEDU_NECESIDAD_E</sourceObjSchema>
<sourceObjName>ENEC_UDE_FUERZA_UFISI</sourceObjName>
<createdBy>Manuel</createdBy>
<createdTime>2016-05-21 01:53:07 UTC</createdTime>
<commentInRDBMS>Identificador de Fuerza de la Unidad FÃ­sica a la que corresponde la necesidad.</commentInRDBMS>
<generatorID>Generado por el Usuario</generatorID>
<ownerDesignName>ERD_POLICIA</ownerDesignName>
<importedID>F4BB065D-AB34-A3E2-B6DA-BE18FDD408F1</importedID>
<useDomainConstraints>false</useDomainConstraints>
<use>1</use>
<logicalDatatype>LOGDT019</logicalDatatype>
<dataTypePrecision>1</dataTypePrecision>
<autoIncrementCycle>false</autoIncrementCycle>
</Column>
<Column name="ENEC_UDE_UFISI" id="C3E5EC18-B88C-5805-9A28-6BB43F3EBC3D">
<sourceConnName>POLILOCALDESA</sourceConnName>
<sourceObjSchema>SIEDU_NECESIDAD_E</sourceObjSchema>
<sourceObjName>ENEC_UDE_UFISI</sourceObjName>
<createdBy>Manuel</createdBy>
<createdTime>2016-05-21 01:53:07 UTC</createdTime>
<commentInRDBMS>Identificador de la Unidad FÃ­sica a la que corresponde la necesidad. Unidades_Dependencia ( DIRECCION, OFICINA ASESORA, DEPARTAMENTO DE POLICIA, METROPOLITANA, ESCUELA, REGION)</commentInRDBMS>
<generatorID>Generado por el Usuario</generatorID>
<ownerDesignName>ERD_POLICIA</ownerDesignName>
<importedID>6595C8C2-50E5-C056-7197-3C1548818BA5</importedID>
<useDomainConstraints>false</useDomainConstraints>
<use>1</use>
<logicalDatatype>LOGDT019</logicalDatatype>
<autoIncrementCycle>false</autoIncrementCycle>
</Column>
<Column name="ENEC_UDE_FUERZA_UDEPE" id="AC21BA95-8924-CAB0-B88C-14D4C16B7FE4">
<sourceConnName>POLILOCALDESA</sourceConnName>
<sourceObjSchema>SIEDU_NECESIDAD_E</sourceObjSchema>
<sourceObjName>ENEC_UDE_FUERZA_UDEPE</sourceObjName>
<createdBy>Manuel</createdBy>
<createdTime>2016-05-21 01:53:07 UTC</createdTime>
<commentInRDBMS>Identificador de Fuerza de la Unidad Depende a la que corresponde la necesidad.</commentInRDBMS>
<generatorID>Generado por el Usuario</generatorID>
<ownerDesignName>ERD_POLICIA</ownerDesignName>
<importedID>4D9DA99D-4256-F2CF-4AAD-E8544A6F1394</importedID>
<useDomainConstraints>false</useDomainConstraints>
<use>1</use>
<logicalDatatype>LOGDT019</logicalDatatype>
<dataTypePrecision>1</dataTypePrecision>
<autoIncrementCycle>false</autoIncrementCycle>
</Column>
<Column name="ENEC_UDE_UDEPE" id="790063B6-6C34-6289-E355-C464D8AB912F">
<sourceConnName>POLILOCALDESA</sourceConnName>
<sourceObjSchema>SIEDU_NECESIDAD_E</sourceObjSchema>
<sourceObjName>ENEC_UDE_UDEPE</sourceObjName>
<createdBy>Manuel</createdBy>
<createdTime>2016-05-21 01:53:07 UTC</createdTime>
<commentInRDBMS>Identificador de la Unidad Depende a la que corresponde la necesidad. Unidades_Dependencia ( DIRECCION, OFICINA ASESORA )</commentInRDBMS>
<generatorID>Generado por el Usuario</generatorID>
<ownerDesignName>ERD_POLICIA</ownerDesignName>
<importedID>4B3A0630-1B36-3827-59DE-6825B517FF9A</importedID>
<useDomainConstraints>false</useDomainConstraints>
<use>1</use>
<logicalDatatype>LOGDT019</logicalDatatype>
<autoIncrementCycle>false</autoIncrementCycle>
</Column>
<Column name="ENEC_FUERZA_CARRERA" id="501C8D49-A1B1-0AC0-6AC8-B0A2C2F7B37D">
<sourceConnName>POLILOCALDESA</sourceConnName>
<sourceObjSchema>SIEDU_NECESIDAD_E</sourceObjSchema>
<sourceObjName>ENEC_FUERZA_CARRERA</sourceObjName>
<createdBy>Manuel</createdBy>
<createdTime>2016-05-21 01:53:07 UTC</createdTime>
<commentInRDBMS>Identificador de Fuerza de la Carrera</commentInRDBMS>
<generatorID>Generado por el Usuario</generatorID>
<ownerDesignName>ERD_POLICIA</ownerDesignName>
<importedID>AC769315-27BA-6803-E194-3B2DFF9F61D5</importedID>
<useDomainConstraints>false</useDomainConstraints>
<use>1</use>
<logicalDatatype>LOGDT019</logicalDatatype>
<dataTypePrecision>1</dataTypePrecision>
<autoIncrementCycle>false</autoIncrementCycle>
</Column>
<Column name="ENEC_ID_CARRERA" id="1C5FBC91-FD6D-4021-76B4-AAC3D19E9408">
<sourceConnName>POLILOCALDESA</sourceConnName>
<sourceObjSchema>SIEDU_NECESIDAD_E</sourceObjSchema>
<sourceObjName>ENEC_ID_CARRERA</sourceObjName>
<createdBy>Manuel</createdBy>
<createdTime>2016-05-21 01:53:07 UTC</createdTime>
<commentInRDBMS>Identificador de la Carrera</commentInRDBMS>
<generatorID>Generado por el Usuario</generatorID>
<ownerDesignName>ERD_POLICIA</ownerDesignName>
<importedID>F018CCEC-31E0-DEEC-CE46-0BAC872E41E6</importedID>
<useDomainConstraints>false</useDomainConstraints>
<use>1</use>
<logicalDatatype>LOGDT019</logicalDatatype>
<autoIncrementCycle>false</autoIncrementCycle>
</Column>
<Column name="ENEC_ORIGEN" id="0CCC5023-2C1C-EB93-5218-7AF685446501">
<sourceConnName>POLILOCALDESA</sourceConnName>
<sourceObjSchema>SIEDU_NECESIDAD_E</sourceObjSchema>
<sourceObjName>ENEC_ORIGEN</sourceObjName>
<createdBy>Manuel</createdBy>
<createdTime>2016-05-21 01:53:07 UTC</createdTime>
<commentInRDBMS>OrÃ­gen del registro, puede ser la DITAH, o el correspondiente al usuario que realice la inserciÃ³n.</commentInRDBMS>
<generatorID>Generado por el Usuario</generatorID>
<ownerDesignName>ERD_POLICIA</ownerDesignName>
<importedID>99B7C195-37FC-22F7-C487-EA1482BC4466</importedID>
<useDomainConstraints>false</useDomainConstraints>
<use>1</use>
<logicalDatatype>LOGDT024</logicalDatatype>
<dataTypeSize>10 BYTE</dataTypeSize>
<autoIncrementCycle>false</autoIncrementCycle>
</Column>
<Column name="ENEC_NRO" id="EB58A3BE-117E-CC76-8F5A-A688FA7DEC98">
<sourceConnName>POLILOCALDESA</sourceConnName>
<sourceObjSchema>SIEDU_NECESIDAD_E</sourceObjSchema>
<sourceObjName>ENEC_NRO</sourceObjName>
<createdBy>Manuel</createdBy>
<createdTime>2016-05-21 01:53:07 UTC</createdTime>
<commentInRDBMS>NÃºmero de cupos necesarios</commentInRDBMS>
<generatorID>Generado por el Usuario</generatorID>
<ownerDesignName>ERD_POLICIA</ownerDesignName>
<importedID>B338AD7E-3EF7-F162-0EDF-CB3D6DFB5BBF</importedID>
<useDomainConstraints>false</useDomainConstraints>
<use>1</use>
<logicalDatatype>LOGDT019</logicalDatatype>
<dataTypePrecision>6</dataTypePrecision>
<autoIncrementCycle>false</autoIncrementCycle>
</Column>
<Column name="ENEC_ENVIADO" id="3DD687E9-4EC7-B755-049A-857060CD656F">
<sourceConnName>POLILOCALDESA</sourceConnName>
<sourceObjSchema>SIEDU_NECESIDAD_E</sourceObjSchema>
<sourceObjName>ENEC_ENVIADO</sourceObjName>
<createdBy>Manuel</createdBy>
<createdTime>2016-05-21 01:53:07 UTC</createdTime>
<commentInRDBMS>Indica si el registro ya fué tenido en cuenta (S/N) y transmitido al SIGAC</commentInRDBMS>
<generatorID>Generado por el Usuario</generatorID>
<ownerDesignName>ERD_POLICIA</ownerDesignName>
<importedID>447B5C1A-731A-7061-C9B1-000A755F9BB3</importedID>
<constraintName>SIEDU_NECESIDE_ENVIADO</constraintName>
<useDomainConstraints>false</useDomainConstraints>
<use>1</use>
<logicalDatatype>LOGDT024</logicalDatatype>
<dataTypeSize>1 BYTE</dataTypeSize>
<listOfValues>
<valueDef value="&apos;N&apos;" description=""/>
<valueDef value="&apos;S&apos;" description=""/>
</listOfValues>
<defaultValue>&apos;N&apos;</defaultValue>
<autoIncrementCycle>false</autoIncrementCycle>
</Column>
</columns>
<indexes itemClass="oracle.dbtools.crest.model.design.relational.Index">
<ind_PK_UK id="8DAA0983-2E36-5BAB-5BCC-8F2DC6573BBC" name="SIEDU_NECESIDE_PK">
<sourceConnName>POLILOCALDESA</sourceConnName>
<sourceObjSchema>POLILOCALDESA</sourceObjSchema>
<sourceObjName>SIEDU_NECESIDE_PK</sourceObjName>
<createdBy>Manuel</createdBy>
<createdTime>2016-05-21 01:53:07 UTC</createdTime>
<generatorID>Generado por el Usuario</generatorID>
<ownerDesignName>ERD_POLICIA</ownerDesignName>
<importedID>02A7E757-AD36-728F-6035-DA786CCF0D5F</importedID>
<pk>true</pk>
<indexState>Primary Constraint</indexState>
<isSurrogateKey>false</isSurrogateKey>
<indexColumnUsage>
<colUsage columnID="AAE52AB8-2B94-CBE3-FF45-FBFC70CE1EB1"/>
</indexColumnUsage>
</ind_PK_UK>
<ind_PK_UK id="DEAA62A5-C224-7829-B852-A51E28566000" name="SIEDU_NECESIDE_PK">
<sourceConnName>POLILOCALDESA</sourceConnName>
<sourceObjSchema>POLILOCALDESA</sourceObjSchema>
<sourceObjName>SIEDU_NECESIDE_PK</sourceObjName>
<createdBy>Manuel</createdBy>
<createdTime>2016-05-21 01:53:07 UTC</createdTime>
<generatorID>Generado por el Usuario</generatorID>
<ownerDesignName>ERD_POLICIA</ownerDesignName>
<importedID>748AB6BB-339B-F0AB-5715-3CE7042DC7FD</importedID>
<indexState>Unique Plain Index</indexState>
<schemaObject>27F9A1FA-A0B8-DE97-1C86-E0DC544252C3</schemaObject>
<isSurrogateKey>false</isSurrogateKey>
<indexColumnUsage>
<colUsage columnID="AAE52AB8-2B94-CBE3-FF45-FBFC70CE1EB1"/>
</indexColumnUsage>
</ind_PK_UK>
</indexes>
</Table>