<?xml version = '1.0' encoding = 'UTF-8'?>
<Table class="oracle.dbtools.crest.model.design.relational.Table" directorySegmentName="seg_0" id="B570207E-25B4-B7DE-9DC0-81640438E077" name="SIEDU_SUBTEMA_EVENTO">
<sourceConnName>POLICIA</sourceConnName>
<sourceObjSchema>USR_DISIGAC2</sourceObjSchema>
<sourceObjName>SIEDU_SUBTEMA_EVENTO</sourceObjName>
<createdBy>Manuel</createdBy>
<createdTime>2016-01-07 04:31:18 UTC</createdTime>
<generatorID>Generado por el Usuario</generatorID>
<ownerDesignName>ERD_POLICIA</ownerDesignName>
<schemaObject>ED8B0381-61E9-98DB-D254-F5EC1AB94C4F</schemaObject>
<allowColumnReorder>false</allowColumnReorder>
<existDependencyGenerateInDDl>true</existDependencyGenerateInDDl>
<columns itemClass="oracle.dbtools.crest.model.design.relational.Column">
<Column name="ID_SUBTE_EVENTO" id="5AC25E61-4C7D-427A-4144-30FB23C1414C">
<sourceConnName>POLICIA</sourceConnName>
<sourceObjSchema>SIEDU_SUBTEMA_EVENTO</sourceObjSchema>
<sourceObjName>ID_SUBTE_EVENTO</sourceObjName>
<createdBy>Manuel</createdBy>
<createdTime>2016-01-07 04:31:32 UTC</createdTime>
<generatorID>Generado por el Usuario</generatorID>
<ownerDesignName>ERD_POLICIA</ownerDesignName>
<useDomainConstraints>false</useDomainConstraints>
<use>1</use>
<logicalDatatype>LOGDT019</logicalDatatype>
<dataTypePrecision>6</dataTypePrecision>
<autoIncrementCycle>false</autoIncrementCycle>
</Column>
<Column name="SIEDU_TEM_EVEN_ID_TEMA_EVE" id="CFE5330C-8328-A370-4A84-0277AE5DE875">
<sourceConnName>POLICIA</sourceConnName>
<sourceObjSchema>SIEDU_SUBTEMA_EVENTO</sourceObjSchema>
<sourceObjName>SIEDU_TEM_EVEN_ID_TEMA_EVE</sourceObjName>
<createdBy>Manuel</createdBy>
<createdTime>2016-01-07 04:31:32 UTC</createdTime>
<generatorID>Generado por el Usuario</generatorID>
<ownerDesignName>ERD_POLICIA</ownerDesignName>
<useDomainConstraints>false</useDomainConstraints>
<use>1</use>
<logicalDatatype>LOGDT019</logicalDatatype>
<dataTypePrecision>6</dataTypePrecision>
<delegate>3C2B1A87-CF6F-1774-8DE3-BD2D8AF42465</delegate>
<autoIncrementCycle>false</autoIncrementCycle>
<associations>
<colAssociation fkAssociation="D3FE0287-0068-F5B7-0A68-68B783A1F755" referredColumn="3C2B1A87-CF6F-1774-8DE3-BD2D8AF42465"/>
</associations>
</Column>
<Column name="SUBTEMA" id="487AF0BE-4A1C-EFEC-9984-97FECD37A719">
<sourceConnName>POLICIA</sourceConnName>
<sourceObjSchema>SIEDU_SUBTEMA_EVENTO</sourceObjSchema>
<sourceObjName>SUBTEMA</sourceObjName>
<createdBy>Manuel</createdBy>
<createdTime>2016-01-07 04:31:32 UTC</createdTime>
<generatorID>Generado por el Usuario</generatorID>
<ownerDesignName>ERD_POLICIA</ownerDesignName>
<useDomainConstraints>false</useDomainConstraints>
<use>1</use>
<logicalDatatype>LOGDT024</logicalDatatype>
<dataTypeSize>500 BYTE</dataTypeSize>
<autoIncrementCycle>false</autoIncrementCycle>
</Column>
<Column name="HORAS_SUBTEMA" id="E9E0233E-8AC5-3001-2CFC-36C17A86F680">
<sourceConnName>POLICIA</sourceConnName>
<sourceObjSchema>SIEDU_SUBTEMA_EVENTO</sourceObjSchema>
<sourceObjName>HORAS_SUBTEMA</sourceObjName>
<createdBy>Manuel</createdBy>
<createdTime>2016-01-07 04:31:32 UTC</createdTime>
<generatorID>Generado por el Usuario</generatorID>
<ownerDesignName>ERD_POLICIA</ownerDesignName>
<useDomainConstraints>false</useDomainConstraints>
<use>1</use>
<logicalDatatype>LOGDT019</logicalDatatype>
<dataTypePrecision>3</dataTypePrecision>
<autoIncrementCycle>false</autoIncrementCycle>
</Column>
<Column name="FECHA_CREACION" id="3E8B5243-F77C-0283-3E0C-C1EBDC0F56DE">
<sourceConnName>POLICIA</sourceConnName>
<sourceObjSchema>SIEDU_SUBTEMA_EVENTO</sourceObjSchema>
<sourceObjName>FECHA_CREACION</sourceObjName>
<createdBy>Manuel</createdBy>
<createdTime>2016-01-07 04:31:32 UTC</createdTime>
<generatorID>Generado por el Usuario</generatorID>
<ownerDesignName>ERD_POLICIA</ownerDesignName>
<useDomainConstraints>false</useDomainConstraints>
<use>1</use>
<logicalDatatype>LOGDT007</logicalDatatype>
<dataTypeSize>7</dataTypeSize>
<autoIncrementCycle>false</autoIncrementCycle>
</Column>
<Column name="USUARIO_CREACION" id="0B3A0E4E-4795-3CEA-5830-04ED57EFF62E">
<sourceConnName>POLICIA</sourceConnName>
<sourceObjSchema>SIEDU_SUBTEMA_EVENTO</sourceObjSchema>
<sourceObjName>USUARIO_CREACION</sourceObjName>
<createdBy>Manuel</createdBy>
<createdTime>2016-01-07 04:31:32 UTC</createdTime>
<generatorID>Generado por el Usuario</generatorID>
<ownerDesignName>ERD_POLICIA</ownerDesignName>
<useDomainConstraints>false</useDomainConstraints>
<use>1</use>
<logicalDatatype>LOGDT024</logicalDatatype>
<dataTypeSize>30 BYTE</dataTypeSize>
<autoIncrementCycle>false</autoIncrementCycle>
</Column>
<Column name="MAQUINA_CREACION" id="3068338C-3835-8255-B008-5A6773E6005F">
<sourceConnName>POLICIA</sourceConnName>
<sourceObjSchema>SIEDU_SUBTEMA_EVENTO</sourceObjSchema>
<sourceObjName>MAQUINA_CREACION</sourceObjName>
<createdBy>Manuel</createdBy>
<createdTime>2016-01-07 04:31:32 UTC</createdTime>
<generatorID>Generado por el Usuario</generatorID>
<ownerDesignName>ERD_POLICIA</ownerDesignName>
<useDomainConstraints>false</useDomainConstraints>
<use>1</use>
<logicalDatatype>LOGDT024</logicalDatatype>
<dataTypeSize>100 BYTE</dataTypeSize>
<autoIncrementCycle>false</autoIncrementCycle>
</Column>
</columns>
<indexes itemClass="oracle.dbtools.crest.model.design.relational.Index">
<ind_PK_UK id="457505B3-B5A7-3F4D-EEDC-81ED0DAC0859" name="SIEDU_SUBTE_EVEN_PK">
<sourceConnName>POLICIA</sourceConnName>
<sourceObjSchema>USR_DISIGAC2</sourceObjSchema>
<sourceObjName>SIEDU_SUBTE_EVEN_PK</sourceObjName>
<createdBy>Manuel</createdBy>
<createdTime>2016-01-07 04:31:44 UTC</createdTime>
<generatorID>Generado por el Usuario</generatorID>
<ownerDesignName>ERD_POLICIA</ownerDesignName>
<pk>true</pk>
<indexState>Primary Constraint</indexState>
<isSurrogateKey>false</isSurrogateKey>
<indexColumnUsage>
<colUsage columnID="5AC25E61-4C7D-427A-4144-30FB23C1414C"/>
</indexColumnUsage>
</ind_PK_UK>
<ind_PK_UK id="8E6F72A8-A02C-A9B4-F1F4-503175C55BE7" name="SIEDU_SUBTE_EVEN_UK">
<sourceConnName>POLICIA</sourceConnName>
<sourceObjSchema>USR_DISIGAC2</sourceObjSchema>
<sourceObjName>SIEDU_SUBTE_EVEN_UK</sourceObjName>
<createdBy>Manuel</createdBy>
<createdTime>2016-01-07 04:31:44 UTC</createdTime>
<generatorID>Generado por el Usuario</generatorID>
<ownerDesignName>ERD_POLICIA</ownerDesignName>
<indexState>Unique Constraint</indexState>
<isSurrogateKey>false</isSurrogateKey>
<indexColumnUsage>
<colUsage columnID="CFE5330C-8328-A370-4A84-0277AE5DE875"/>
<colUsage columnID="487AF0BE-4A1C-EFEC-9984-97FECD37A719"/>
</indexColumnUsage>
</ind_PK_UK>
<ind_PK_UK id="7641111D-A640-40BB-B1E4-18ADBAC00019" name="SIEDU_SUBTE_EVEN_PK">
<sourceConnName>POLICIA</sourceConnName>
<sourceObjSchema>USR_DISIGAC2</sourceObjSchema>
<sourceObjName>SIEDU_SUBTE_EVEN_PK</sourceObjName>
<createdBy>Manuel</createdBy>
<createdTime>2016-01-07 04:31:34 UTC</createdTime>
<generatorID>Generado por el Usuario</generatorID>
<ownerDesignName>ERD_POLICIA</ownerDesignName>
<indexState>Unique Plain Index</indexState>
<schemaObject>ED8B0381-61E9-98DB-D254-F5EC1AB94C4F</schemaObject>
<isSurrogateKey>false</isSurrogateKey>
<indexColumnUsage>
<colUsage columnID="5AC25E61-4C7D-427A-4144-30FB23C1414C"/>
</indexColumnUsage>
</ind_PK_UK>
<ind_PK_UK id="602BD773-ACA9-CD48-EDA4-CF5DC68723EB" name="SIEDU_SUBTE_EVEN_UK">
<sourceConnName>POLICIA</sourceConnName>
<sourceObjSchema>USR_DISIGAC2</sourceObjSchema>
<sourceObjName>SIEDU_SUBTE_EVEN_UK</sourceObjName>
<createdBy>Manuel</createdBy>
<createdTime>2016-01-07 04:31:34 UTC</createdTime>
<generatorID>Generado por el Usuario</generatorID>
<ownerDesignName>ERD_POLICIA</ownerDesignName>
<indexState>Unique Plain Index</indexState>
<schemaObject>ED8B0381-61E9-98DB-D254-F5EC1AB94C4F</schemaObject>
<isSurrogateKey>false</isSurrogateKey>
<indexColumnUsage>
<colUsage columnID="CFE5330C-8328-A370-4A84-0277AE5DE875"/>
<colUsage columnID="487AF0BE-4A1C-EFEC-9984-97FECD37A719"/>
</indexColumnUsage>
</ind_PK_UK>
<ind_PK_UK id="12A44025-59A3-EAD1-2C2C-250BA4349C14" name="SIEDU_TEM_CAP_ID_TEM">
<createdBy>Manuel</createdBy>
<createdTime>2016-01-07 04:31:47 UTC</createdTime>
<generatorID>Generado por el Usuario</generatorID>
<ownerDesignName>ERD_POLICIA</ownerDesignName>
<indexState>Foreign Key</indexState>
<isSurrogateKey>false</isSurrogateKey>
<indexColumnUsage>
<colUsage columnID="CFE5330C-8328-A370-4A84-0277AE5DE875"/>
</indexColumnUsage>
</ind_PK_UK>
</indexes>
</Table>