<?xml version = '1.0' encoding = 'UTF-8'?>
<Table class="oracle.dbtools.crest.model.design.relational.Table" directorySegmentName="seg_0" id="C2E5D7D9-387C-900C-13BD-A6FD3F7D7C57" name="SIEDU_CONVOCATORIA_EVENTO">
<sourceConnName>POLICIA</sourceConnName>
<sourceObjSchema>USR_DISIGAC2</sourceObjSchema>
<sourceObjName>SIEDU_CONVOCATORIA_EVENTO</sourceObjName>
<createdBy>Manuel</createdBy>
<createdTime>2016-01-07 04:31:00 UTC</createdTime>
<generatorID>Generado por el Usuario</generatorID>
<ownerDesignName>ERD_POLICIA</ownerDesignName>
<schemaObject>ED8B0381-61E9-98DB-D254-F5EC1AB94C4F</schemaObject>
<allowColumnReorder>false</allowColumnReorder>
<existDependencyGenerateInDDl>true</existDependencyGenerateInDDl>
<columns itemClass="oracle.dbtools.crest.model.design.relational.Column">
<Column name="ID_CONVOCATORIA" id="24574F67-A709-5A9C-9186-9E84E4BD5A43">
<sourceConnName>POLICIA</sourceConnName>
<sourceObjSchema>SIEDU_CONVOCATORIA_EVENTO</sourceObjSchema>
<sourceObjName>ID_CONVOCATORIA</sourceObjName>
<createdBy>Manuel</createdBy>
<createdTime>2016-01-07 04:31:28 UTC</createdTime>
<generatorID>Generado por el Usuario</generatorID>
<ownerDesignName>ERD_POLICIA</ownerDesignName>
<useDomainConstraints>false</useDomainConstraints>
<use>1</use>
<logicalDatatype>LOGDT019</logicalDatatype>
<autoIncrementCycle>false</autoIncrementCycle>
</Column>
<Column name="UNDE_CONSECUTIVO_CONVOCADA" id="3F8CC30F-89F5-42C7-FE84-02020F09627A">
<sourceConnName>POLICIA</sourceConnName>
<sourceObjSchema>SIEDU_CONVOCATORIA_EVENTO</sourceObjSchema>
<sourceObjName>UNDE_CONSECUTIVO_CONVOCADA</sourceObjName>
<createdBy>Manuel</createdBy>
<createdTime>2016-01-07 04:31:28 UTC</createdTime>
<generatorID>Generado por el Usuario</generatorID>
<ownerDesignName>ERD_POLICIA</ownerDesignName>
<nullsAllowed>true</nullsAllowed>
<useDomainConstraints>false</useDomainConstraints>
<use>1</use>
<logicalDatatype>LOGDT019</logicalDatatype>
<autoIncrementCycle>false</autoIncrementCycle>
</Column>
<Column name="ID_DOMINIO_TDOCUMENTO" id="AA48825F-2278-1954-9C73-291C0081FF26">
<sourceConnName>POLICIA</sourceConnName>
<sourceObjSchema>SIEDU_CONVOCATORIA_EVENTO</sourceObjSchema>
<sourceObjName>ID_DOMINIO_TDOCUMENTO</sourceObjName>
<createdBy>Manuel</createdBy>
<createdTime>2016-01-07 04:31:28 UTC</createdTime>
<generatorID>Generado por el Usuario</generatorID>
<ownerDesignName>ERD_POLICIA</ownerDesignName>
<useDomainConstraints>false</useDomainConstraints>
<use>1</use>
<logicalDatatype>LOGDT019</logicalDatatype>
<dataTypePrecision>4</dataTypePrecision>
<delegate>A3C90245-99FA-BF1F-B007-6D350ACB94DA</delegate>
<autoIncrementCycle>false</autoIncrementCycle>
<associations>
<colAssociation fkAssociation="35C3A476-4F89-3F47-C354-2F0EBCCB4A81" referredColumn="A3C90245-99FA-BF1F-B007-6D350ACB94DA"/>
</associations>
</Column>
<Column name="NRO_COMUNICACION_OFICIAL" id="A9F02D62-BF23-3414-AE04-323B06EFAB48">
<sourceConnName>POLICIA</sourceConnName>
<sourceObjSchema>SIEDU_CONVOCATORIA_EVENTO</sourceObjSchema>
<sourceObjName>NRO_COMUNICACION_OFICIAL</sourceObjName>
<createdBy>Manuel</createdBy>
<createdTime>2016-01-07 04:31:28 UTC</createdTime>
<generatorID>Generado por el Usuario</generatorID>
<ownerDesignName>ERD_POLICIA</ownerDesignName>
<nullsAllowed>true</nullsAllowed>
<useDomainConstraints>false</useDomainConstraints>
<use>1</use>
<logicalDatatype>LOGDT024</logicalDatatype>
<dataTypeSize>50 BYTE</dataTypeSize>
<autoIncrementCycle>false</autoIncrementCycle>
</Column>
<Column name="NRO_CONVOCADOS" id="9F8C5D15-96F5-8B36-29A4-794FBC6E7898">
<sourceConnName>POLICIA</sourceConnName>
<sourceObjSchema>SIEDU_CONVOCATORIA_EVENTO</sourceObjSchema>
<sourceObjName>NRO_CONVOCADOS</sourceObjName>
<createdBy>Manuel</createdBy>
<createdTime>2016-01-07 04:31:28 UTC</createdTime>
<generatorID>Generado por el Usuario</generatorID>
<ownerDesignName>ERD_POLICIA</ownerDesignName>
<nullsAllowed>true</nullsAllowed>
<useDomainConstraints>false</useDomainConstraints>
<use>1</use>
<logicalDatatype>LOGDT019</logicalDatatype>
<autoIncrementCycle>false</autoIncrementCycle>
</Column>
<Column name="NRO_PRESENTADOS" id="2A0183EE-BAF9-EE32-CDEF-0834A7AE9EBF">
<sourceConnName>POLICIA</sourceConnName>
<sourceObjSchema>SIEDU_CONVOCATORIA_EVENTO</sourceObjSchema>
<sourceObjName>NRO_PRESENTADOS</sourceObjName>
<createdBy>Manuel</createdBy>
<createdTime>2016-01-07 04:31:28 UTC</createdTime>
<generatorID>Generado por el Usuario</generatorID>
<ownerDesignName>ERD_POLICIA</ownerDesignName>
<nullsAllowed>true</nullsAllowed>
<useDomainConstraints>false</useDomainConstraints>
<use>1</use>
<logicalDatatype>LOGDT019</logicalDatatype>
<autoIncrementCycle>false</autoIncrementCycle>
</Column>
<Column name="MAQUINA_CREACION" id="7F318AB9-CE12-DE62-64D0-BB7C67ECFD33">
<sourceConnName>POLICIA</sourceConnName>
<sourceObjSchema>SIEDU_CONVOCATORIA_EVENTO</sourceObjSchema>
<sourceObjName>MAQUINA_CREACION</sourceObjName>
<createdBy>Manuel</createdBy>
<createdTime>2016-01-07 04:31:28 UTC</createdTime>
<generatorID>Generado por el Usuario</generatorID>
<ownerDesignName>ERD_POLICIA</ownerDesignName>
<nullsAllowed>true</nullsAllowed>
<useDomainConstraints>false</useDomainConstraints>
<use>1</use>
<logicalDatatype>LOGDT024</logicalDatatype>
<dataTypeSize>50 BYTE</dataTypeSize>
<autoIncrementCycle>false</autoIncrementCycle>
</Column>
<Column name="USUARIO_CREACION" id="0E51C669-BDD7-609A-89F8-A36C9E83F47D">
<sourceConnName>POLICIA</sourceConnName>
<sourceObjSchema>SIEDU_CONVOCATORIA_EVENTO</sourceObjSchema>
<sourceObjName>USUARIO_CREACION</sourceObjName>
<createdBy>Manuel</createdBy>
<createdTime>2016-01-07 04:31:28 UTC</createdTime>
<generatorID>Generado por el Usuario</generatorID>
<ownerDesignName>ERD_POLICIA</ownerDesignName>
<nullsAllowed>true</nullsAllowed>
<useDomainConstraints>false</useDomainConstraints>
<use>1</use>
<logicalDatatype>LOGDT024</logicalDatatype>
<dataTypeSize>50 BYTE</dataTypeSize>
<autoIncrementCycle>false</autoIncrementCycle>
</Column>
<Column name="FECHA_CREACION" id="2DD0F740-4298-118A-7191-374819F5B42B">
<sourceConnName>POLICIA</sourceConnName>
<sourceObjSchema>SIEDU_CONVOCATORIA_EVENTO</sourceObjSchema>
<sourceObjName>FECHA_CREACION</sourceObjName>
<createdBy>Manuel</createdBy>
<createdTime>2016-01-07 04:31:28 UTC</createdTime>
<generatorID>Generado por el Usuario</generatorID>
<ownerDesignName>ERD_POLICIA</ownerDesignName>
<nullsAllowed>true</nullsAllowed>
<useDomainConstraints>false</useDomainConstraints>
<use>1</use>
<logicalDatatype>LOGDT007</logicalDatatype>
<dataTypeSize>7</dataTypeSize>
<autoIncrementCycle>false</autoIncrementCycle>
</Column>
<Column name="ID_EVENTO_ESC_CONVOC" id="9ABE9796-A0B0-DD98-01B8-6CD83CA6D8DF">
<sourceConnName>POLICIA</sourceConnName>
<sourceObjSchema>SIEDU_CONVOCATORIA_EVENTO</sourceObjSchema>
<sourceObjName>ID_EVENTO_ESC_CONVOC</sourceObjName>
<createdBy>Manuel</createdBy>
<createdTime>2016-01-07 04:31:28 UTC</createdTime>
<generatorID>Generado por el Usuario</generatorID>
<ownerDesignName>ERD_POLICIA</ownerDesignName>
<nullsAllowed>true</nullsAllowed>
<useDomainConstraints>false</useDomainConstraints>
<use>1</use>
<logicalDatatype>LOGDT019</logicalDatatype>
<dataTypePrecision>6</dataTypePrecision>
<delegate>15D0AB76-8BF3-CC65-B37C-5206D4ED777A</delegate>
<autoIncrementCycle>false</autoIncrementCycle>
</Column>
</columns>
<indexes itemClass="oracle.dbtools.crest.model.design.relational.Index">
<ind_PK_UK id="D9AFB85C-91FD-46DC-2261-C58AD8F835EE" name="SIEDU_CONV_PK">
<sourceConnName>POLICIA</sourceConnName>
<sourceObjSchema>USR_DISIGAC2</sourceObjSchema>
<sourceObjName>SIEDU_CONV_PK</sourceObjName>
<createdBy>Manuel</createdBy>
<createdTime>2016-01-07 04:31:38 UTC</createdTime>
<generatorID>Generado por el Usuario</generatorID>
<ownerDesignName>ERD_POLICIA</ownerDesignName>
<pk>true</pk>
<indexState>Primary Constraint</indexState>
<isSurrogateKey>false</isSurrogateKey>
<indexColumnUsage>
<colUsage columnID="24574F67-A709-5A9C-9186-9E84E4BD5A43"/>
</indexColumnUsage>
</ind_PK_UK>
<ind_PK_UK id="28F476CF-9981-5C4D-7894-67B509616A9C" name="SIEDU_CONVOCATORIA_EVEN_UK">
<sourceConnName>POLICIA</sourceConnName>
<sourceObjSchema>USR_DISIGAC2</sourceObjSchema>
<sourceObjName>SIEDU_CONVOCATORIA_EVEN_UK</sourceObjName>
<createdBy>Manuel</createdBy>
<createdTime>2016-01-07 04:31:38 UTC</createdTime>
<generatorID>Generado por el Usuario</generatorID>
<ownerDesignName>ERD_POLICIA</ownerDesignName>
<indexState>Unique Constraint</indexState>
<isSurrogateKey>false</isSurrogateKey>
<indexColumnUsage>
<colUsage columnID="9ABE9796-A0B0-DD98-01B8-6CD83CA6D8DF"/>
<colUsage columnID="3F8CC30F-89F5-42C7-FE84-02020F09627A"/>
<colUsage columnID="A9F02D62-BF23-3414-AE04-323B06EFAB48"/>
</indexColumnUsage>
</ind_PK_UK>
<ind_PK_UK id="38253842-B66B-FFD0-428E-300756DB1B23" name="SIEDU_CONV_PK">
<sourceConnName>POLICIA</sourceConnName>
<sourceObjSchema>USR_DISIGAC2</sourceObjSchema>
<sourceObjName>SIEDU_CONV_PK</sourceObjName>
<createdBy>Manuel</createdBy>
<createdTime>2016-01-07 04:31:34 UTC</createdTime>
<generatorID>Generado por el Usuario</generatorID>
<ownerDesignName>ERD_POLICIA</ownerDesignName>
<indexState>Unique Plain Index</indexState>
<schemaObject>ED8B0381-61E9-98DB-D254-F5EC1AB94C4F</schemaObject>
<isSurrogateKey>false</isSurrogateKey>
<indexColumnUsage>
<colUsage columnID="24574F67-A709-5A9C-9186-9E84E4BD5A43"/>
</indexColumnUsage>
</ind_PK_UK>
<ind_PK_UK id="EC8A0A24-3EDA-BDD5-4901-4E2E72EF4461" name="SIEDU_CONVOCATORIA_EVEN_UK">
<sourceConnName>POLICIA</sourceConnName>
<sourceObjSchema>USR_DISIGAC2</sourceObjSchema>
<sourceObjName>SIEDU_CONVOCATORIA_EVEN_UK</sourceObjName>
<createdBy>Manuel</createdBy>
<createdTime>2016-01-07 04:31:34 UTC</createdTime>
<generatorID>Generado por el Usuario</generatorID>
<ownerDesignName>ERD_POLICIA</ownerDesignName>
<indexState>Unique Plain Index</indexState>
<schemaObject>ED8B0381-61E9-98DB-D254-F5EC1AB94C4F</schemaObject>
<isSurrogateKey>false</isSurrogateKey>
<indexColumnUsage>
<colUsage columnID="9ABE9796-A0B0-DD98-01B8-6CD83CA6D8DF"/>
<colUsage columnID="3F8CC30F-89F5-42C7-FE84-02020F09627A"/>
<colUsage columnID="A9F02D62-BF23-3414-AE04-323B06EFAB48"/>
</indexColumnUsage>
</ind_PK_UK>
<ind_PK_UK id="9612949F-E8AD-F238-98F8-0543F6F2C55C" name="SIEDU_CONV_DOMINIO_FK">
<createdBy>Manuel</createdBy>
<createdTime>2016-01-07 04:31:46 UTC</createdTime>
<generatorID>Generado por el Usuario</generatorID>
<ownerDesignName>ERD_POLICIA</ownerDesignName>
<indexState>Foreign Key</indexState>
<isSurrogateKey>false</isSurrogateKey>
<indexColumnUsage>
<colUsage columnID="AA48825F-2278-1954-9C73-291C0081FF26"/>
</indexColumnUsage>
</ind_PK_UK>
</indexes>
</Table>