<?xml version = '1.0' encoding = 'UTF-8'?>
<Table class="oracle.dbtools.crest.model.design.relational.Table" directorySegmentName="seg_0" id="C579529E-397E-3A1F-696B-6ACFE63D096D" name="UNIDADES_DEPENDENCIA">
<sourceConnName>POLICIA</sourceConnName>
<sourceObjSchema>USR_REHU</sourceObjSchema>
<sourceObjName>UNIDADES_DEPENDENCIA</sourceObjName>
<createdBy>Manuel</createdBy>
<createdTime>2016-01-11 03:41:06 UTC</createdTime>
<commentInRDBMS>Esta tabla contiene la informacion de las dependencias que pertenecen a una unidad</commentInRDBMS>
<generatorID>Generado por el Usuario</generatorID>
<ownerDesignName>ERD_POLICIA</ownerDesignName>
<importedID>4D30D3F8-A48D-41CC-9F46-C9BC3DD140E6</importedID>
<schemaObject>08A89F83-F1B6-076C-845F-07354A8D2081</schemaObject>
<allowColumnReorder>false</allowColumnReorder>
<existDependencyGenerateInDDl>true</existDependencyGenerateInDDl>
<columns itemClass="oracle.dbtools.crest.model.design.relational.Column">
<Column name="FUERZA" id="B764DAD6-1855-4EAD-8A37-FCAD767947B5">
<sourceConnName>POLICIA</sourceConnName>
<sourceObjSchema>UNIDADES_DEPENDENCIA</sourceObjSchema>
<sourceObjName>FUERZA</sourceObjName>
<createdBy>Manuel</createdBy>
<createdTime>2016-01-11 03:41:06 UTC</createdTime>
<commentInRDBMS>Fuerza. Defecto 6</commentInRDBMS>
<generatorID>Generado por el Usuario</generatorID>
<ownerDesignName>ERD_POLICIA</ownerDesignName>
<importedID>896BC68B-C4AC-7355-95A9-EB4ED740F6DD</importedID>
<useDomainConstraints>false</useDomainConstraints>
<use>1</use>
<logicalDatatype>LOGDT019</logicalDatatype>
<dataTypePrecision>1</dataTypePrecision>
<defaultValue>6</defaultValue>
<autoIncrementCycle>false</autoIncrementCycle>
</Column>
<Column name="CONSECUTIVO" id="F6F05773-92EE-8132-AD3D-C0BD5E5218D8">
<sourceConnName>POLICIA</sourceConnName>
<sourceObjSchema>UNIDADES_DEPENDENCIA</sourceObjSchema>
<sourceObjName>CONSECUTIVO</sourceObjName>
<createdBy>Manuel</createdBy>
<createdTime>2016-01-11 03:41:06 UTC</createdTime>
<commentInRDBMS>Codigo Unidad Dependencia</commentInRDBMS>
<generatorID>Generado por el Usuario</generatorID>
<ownerDesignName>ERD_POLICIA</ownerDesignName>
<importedID>1B4CC6CF-1CA7-4E05-04AD-4D9B69B5BF74</importedID>
<useDomainConstraints>false</useDomainConstraints>
<use>1</use>
<logicalDatatype>LOGDT019</logicalDatatype>
<autoIncrementCycle>false</autoIncrementCycle>
</Column>
<Column name="DESCRIPCION_DEPENDENCIA" id="DB54E9DA-CBF4-6A4E-6A6F-8F1272BF171D">
<sourceConnName>POLICIA</sourceConnName>
<sourceObjSchema>UNIDADES_DEPENDENCIA</sourceObjSchema>
<sourceObjName>DESCRIPCION_DEPENDENCIA</sourceObjName>
<createdBy>Manuel</createdBy>
<createdTime>2016-01-11 03:41:06 UTC</createdTime>
<commentInRDBMS>Descripcion Dependencia</commentInRDBMS>
<generatorID>Generado por el Usuario</generatorID>
<ownerDesignName>ERD_POLICIA</ownerDesignName>
<importedID>2F34A634-B726-CEE6-FE1A-167B0DE58814</importedID>
<useDomainConstraints>false</useDomainConstraints>
<use>1</use>
<logicalDatatype>LOGDT024</logicalDatatype>
<dataTypeSize>60 BYTE</dataTypeSize>
<autoIncrementCycle>false</autoIncrementCycle>
</Column>
<Column name="VIGENTE" id="4A255C3D-FAA0-B56E-A9D5-BCF2DE6F1683">
<sourceConnName>POLICIA</sourceConnName>
<sourceObjSchema>UNIDADES_DEPENDENCIA</sourceObjSchema>
<sourceObjName>VIGENTE</sourceObjName>
<createdBy>Manuel</createdBy>
<createdTime>2016-01-11 03:41:06 UTC</createdTime>
<commentInRDBMS>Si esta activa o no</commentInRDBMS>
<generatorID>Generado por el Usuario</generatorID>
<ownerDesignName>ERD_POLICIA</ownerDesignName>
<importedID>38E2EE9B-97C9-6963-D1DC-4AAC9D2C2454</importedID>
<useDomainConstraints>false</useDomainConstraints>
<use>1</use>
<logicalDatatype>LOGDT025</logicalDatatype>
<dataTypeSize>2 BYTE</dataTypeSize>
<defaultValue>&apos;SI&apos;</defaultValue>
<autoIncrementCycle>false</autoIncrementCycle>
</Column>
<Column name="NIVEL_JERARQUICO" id="8D8E21FE-5FCD-04BF-621A-03CB778B8324">
<sourceConnName>POLICIA</sourceConnName>
<sourceObjSchema>UNIDADES_DEPENDENCIA</sourceObjSchema>
<sourceObjName>NIVEL_JERARQUICO</sourceObjName>
<createdBy>Manuel</createdBy>
<createdTime>2016-01-11 03:41:06 UTC</createdTime>
<commentInRDBMS>Determina el nivel de la Unidad (Directivo, Oficina asesora, Nive</commentInRDBMS>
<generatorID>Generado por el Usuario</generatorID>
<ownerDesignName>ERD_POLICIA</ownerDesignName>
<importedID>67D68DE2-6341-9A54-0D9E-AD92A681595C</importedID>
<useDomainConstraints>false</useDomainConstraints>
<use>1</use>
<logicalDatatype>LOGDT025</logicalDatatype>
<dataTypeSize>2 BYTE</dataTypeSize>
<autoIncrementCycle>false</autoIncrementCycle>
</Column>
<Column name="NIVEL_ORGANIZACIONAL" id="7A100C6A-4D68-8630-614F-0BEFBFECC7B6">
<sourceConnName>POLICIA</sourceConnName>
<sourceObjSchema>UNIDADES_DEPENDENCIA</sourceObjSchema>
<sourceObjName>NIVEL_ORGANIZACIONAL</sourceObjName>
<createdBy>Manuel</createdBy>
<createdTime>2016-01-11 03:41:06 UTC</createdTime>
<commentInRDBMS>Nivel Organizacional</commentInRDBMS>
<generatorID>Generado por el Usuario</generatorID>
<ownerDesignName>ERD_POLICIA</ownerDesignName>
<importedID>245C4A51-A03A-EAB2-E977-52FBEE93974C</importedID>
<useDomainConstraints>false</useDomainConstraints>
<use>1</use>
<logicalDatatype>LOGDT019</logicalDatatype>
<autoIncrementCycle>false</autoIncrementCycle>
</Column>
<Column name="NIVEL_FUNCIONAL" id="220AE3C0-EF5E-07D6-0C96-3F0554C2918A">
<sourceConnName>POLICIA</sourceConnName>
<sourceObjSchema>UNIDADES_DEPENDENCIA</sourceObjSchema>
<sourceObjName>NIVEL_FUNCIONAL</sourceObjName>
<createdBy>Manuel</createdBy>
<createdTime>2016-01-11 03:41:06 UTC</createdTime>
<generatorID>Generado por el Usuario</generatorID>
<ownerDesignName>ERD_POLICIA</ownerDesignName>
<importedID>69A855E7-194E-8380-5C45-ED02BFA519DF</importedID>
<useDomainConstraints>false</useDomainConstraints>
<use>1</use>
<logicalDatatype>LOGDT025</logicalDatatype>
<dataTypeSize>2 BYTE</dataTypeSize>
<autoIncrementCycle>false</autoIncrementCycle>
</Column>
<Column name="ORDENAMIENTO" id="F4D911B4-F571-AA09-A0A0-4CDC4C009542">
<sourceConnName>POLICIA</sourceConnName>
<sourceObjSchema>UNIDADES_DEPENDENCIA</sourceObjSchema>
<sourceObjName>ORDENAMIENTO</sourceObjName>
<createdBy>Manuel</createdBy>
<createdTime>2016-01-11 03:41:06 UTC</createdTime>
<commentInRDBMS>Ordenamiento de Impresion</commentInRDBMS>
<generatorID>Generado por el Usuario</generatorID>
<ownerDesignName>ERD_POLICIA</ownerDesignName>
<importedID>0739D7D0-7D8A-F390-5862-1A9D544B25B0</importedID>
<nullsAllowed>true</nullsAllowed>
<useDomainConstraints>false</useDomainConstraints>
<use>1</use>
<logicalDatatype>LOGDT019</logicalDatatype>
<autoIncrementCycle>false</autoIncrementCycle>
</Column>
<Column name="NIT" id="BF0CFBB6-D5D1-15BF-A90C-2B70E062E499">
<sourceConnName>POLICIA</sourceConnName>
<sourceObjSchema>UNIDADES_DEPENDENCIA</sourceObjSchema>
<sourceObjName>NIT</sourceObjName>
<createdBy>Manuel</createdBy>
<createdTime>2016-01-11 03:41:06 UTC</createdTime>
<commentInRDBMS>Numero de nit para algunas entidades</commentInRDBMS>
<generatorID>Generado por el Usuario</generatorID>
<ownerDesignName>ERD_POLICIA</ownerDesignName>
<importedID>E475198F-EDD8-CCB0-DAB6-FB3A10377CC3</importedID>
<nullsAllowed>true</nullsAllowed>
<useDomainConstraints>false</useDomainConstraints>
<use>1</use>
<logicalDatatype>LOGDT019</logicalDatatype>
<autoIncrementCycle>false</autoIncrementCycle>
</Column>
<Column name="DIRECCION" id="CF03C2DF-1CDE-FF9F-5E07-8917DDD28703">
<sourceConnName>POLICIA</sourceConnName>
<sourceObjSchema>UNIDADES_DEPENDENCIA</sourceObjSchema>
<sourceObjName>DIRECCION</sourceObjName>
<createdBy>Manuel</createdBy>
<createdTime>2016-01-11 03:41:06 UTC</createdTime>
<commentInRDBMS>Direccion de la Unidad</commentInRDBMS>
<generatorID>Generado por el Usuario</generatorID>
<ownerDesignName>ERD_POLICIA</ownerDesignName>
<importedID>3352F8FF-8E59-72EE-81D1-CAE77BD4E6D1</importedID>
<nullsAllowed>true</nullsAllowed>
<useDomainConstraints>false</useDomainConstraints>
<use>1</use>
<logicalDatatype>LOGDT024</logicalDatatype>
<dataTypeSize>80 BYTE</dataTypeSize>
<autoIncrementCycle>false</autoIncrementCycle>
</Column>
<Column name="EMAIL" id="548525B7-2AAA-AB59-0EA1-89C69AAF04C4">
<sourceConnName>POLICIA</sourceConnName>
<sourceObjSchema>UNIDADES_DEPENDENCIA</sourceObjSchema>
<sourceObjName>EMAIL</sourceObjName>
<createdBy>Manuel</createdBy>
<createdTime>2016-01-11 03:41:06 UTC</createdTime>
<commentInRDBMS>Direccion Correo Electronico</commentInRDBMS>
<generatorID>Generado por el Usuario</generatorID>
<ownerDesignName>ERD_POLICIA</ownerDesignName>
<importedID>5929DB1E-AA54-00A9-33F5-0953CF09A94E</importedID>
<nullsAllowed>true</nullsAllowed>
<useDomainConstraints>false</useDomainConstraints>
<use>1</use>
<logicalDatatype>LOGDT024</logicalDatatype>
<dataTypeSize>80 BYTE</dataTypeSize>
<autoIncrementCycle>false</autoIncrementCycle>
</Column>
<Column name="ORDEN_PUBLICO" id="77789685-F9EE-A8CE-7926-800BB4A6A069">
<sourceConnName>POLICIA</sourceConnName>
<sourceObjSchema>UNIDADES_DEPENDENCIA</sourceObjSchema>
<sourceObjName>ORDEN_PUBLICO</sourceObjName>
<createdBy>Manuel</createdBy>
<createdTime>2016-01-11 03:41:06 UTC</createdTime>
<commentInRDBMS>Determina si se paga O.P. automatico.</commentInRDBMS>
<generatorID>Generado por el Usuario</generatorID>
<ownerDesignName>ERD_POLICIA</ownerDesignName>
<importedID>1191FF9E-386B-98B6-80E3-E45F38DBA8B2</importedID>
<useDomainConstraints>false</useDomainConstraints>
<use>1</use>
<logicalDatatype>LOGDT025</logicalDatatype>
<dataTypeSize>2 BYTE</dataTypeSize>
<defaultValue>&apos;NO&apos;</defaultValue>
<autoIncrementCycle>false</autoIncrementCycle>
</Column>
<Column name="PRIMA_CLIMA" id="8936AC10-7290-D28B-E5BF-D6CB4D23310D">
<sourceConnName>POLICIA</sourceConnName>
<sourceObjSchema>UNIDADES_DEPENDENCIA</sourceObjSchema>
<sourceObjName>PRIMA_CLIMA</sourceObjName>
<createdBy>Manuel</createdBy>
<createdTime>2016-01-11 03:41:06 UTC</createdTime>
<commentInRDBMS>Para el personal del D.A.S</commentInRDBMS>
<generatorID>Generado por el Usuario</generatorID>
<ownerDesignName>ERD_POLICIA</ownerDesignName>
<importedID>0B4376E3-EF38-1462-004B-999176AF43DF</importedID>
<nullsAllowed>true</nullsAllowed>
<useDomainConstraints>false</useDomainConstraints>
<use>1</use>
<logicalDatatype>LOGDT025</logicalDatatype>
<dataTypeSize>2 BYTE</dataTypeSize>
<defaultValue>&apos;NO&apos;</defaultValue>
<autoIncrementCycle>false</autoIncrementCycle>
</Column>
<Column name="PARTIDA_DE_ALIMENTACION" id="3FFF991F-4079-2960-42FD-EDBC43070908">
<sourceConnName>POLICIA</sourceConnName>
<sourceObjSchema>UNIDADES_DEPENDENCIA</sourceObjSchema>
<sourceObjName>PARTIDA_DE_ALIMENTACION</sourceObjName>
<createdBy>Manuel</createdBy>
<createdTime>2016-01-11 03:41:06 UTC</createdTime>
<commentInRDBMS>Determina si se paga P.A. automatica.</commentInRDBMS>
<generatorID>Generado por el Usuario</generatorID>
<ownerDesignName>ERD_POLICIA</ownerDesignName>
<importedID>CF21DC75-ACE0-C1DB-4A04-80BAE9AE4897</importedID>
<useDomainConstraints>false</useDomainConstraints>
<use>1</use>
<logicalDatatype>LOGDT025</logicalDatatype>
<dataTypeSize>2 BYTE</dataTypeSize>
<defaultValue>&apos;NO&apos;</defaultValue>
<autoIncrementCycle>false</autoIncrementCycle>
</Column>
<Column name="NOMINA" id="F0FB5940-7565-F945-2E36-DB8D343A9631">
<sourceConnName>POLICIA</sourceConnName>
<sourceObjSchema>UNIDADES_DEPENDENCIA</sourceObjSchema>
<sourceObjName>NOMINA</sourceObjName>
<createdBy>Manuel</createdBy>
<createdTime>2016-01-11 03:41:06 UTC</createdTime>
<commentInRDBMS>Determina si se elabora nomina a este nivel.</commentInRDBMS>
<generatorID>Generado por el Usuario</generatorID>
<ownerDesignName>ERD_POLICIA</ownerDesignName>
<importedID>DCE9A561-3272-DF6B-BDE8-C0ED69C3C6B4</importedID>
<useDomainConstraints>false</useDomainConstraints>
<use>1</use>
<logicalDatatype>LOGDT025</logicalDatatype>
<dataTypeSize>2 BYTE</dataTypeSize>
<defaultValue>&apos;NO&apos;</defaultValue>
<autoIncrementCycle>false</autoIncrementCycle>
</Column>
<Column name="INDICATIVO_MICROONDAS" id="FA42696D-85A5-6933-8206-FAC2BBE1560B">
<sourceConnName>POLICIA</sourceConnName>
<sourceObjSchema>UNIDADES_DEPENDENCIA</sourceObjSchema>
<sourceObjName>INDICATIVO_MICROONDAS</sourceObjName>
<createdBy>Manuel</createdBy>
<createdTime>2016-01-11 03:41:06 UTC</createdTime>
<commentInRDBMS>Indicativo Microondas</commentInRDBMS>
<generatorID>Generado por el Usuario</generatorID>
<ownerDesignName>ERD_POLICIA</ownerDesignName>
<importedID>B889BF0B-7410-307B-A3C5-101BA2571FF1</importedID>
<nullsAllowed>true</nullsAllowed>
<useDomainConstraints>false</useDomainConstraints>
<use>1</use>
<logicalDatatype>LOGDT024</logicalDatatype>
<dataTypeSize>5 BYTE</dataTypeSize>
<autoIncrementCycle>false</autoIncrementCycle>
</Column>
<Column name="FECHA_ACTIVACION" id="D21B84E7-4F9F-B4E1-43F5-7E769A1D0B73">
<sourceConnName>POLICIA</sourceConnName>
<sourceObjSchema>UNIDADES_DEPENDENCIA</sourceObjSchema>
<sourceObjName>FECHA_ACTIVACION</sourceObjName>
<createdBy>Manuel</createdBy>
<createdTime>2016-01-11 03:41:06 UTC</createdTime>
<commentInRDBMS>Fecha activacion de la unidad</commentInRDBMS>
<generatorID>Generado por el Usuario</generatorID>
<ownerDesignName>ERD_POLICIA</ownerDesignName>
<importedID>5936587A-440A-03C8-AAC1-3B85CD1BDB63</importedID>
<nullsAllowed>true</nullsAllowed>
<useDomainConstraints>false</useDomainConstraints>
<use>1</use>
<logicalDatatype>LOGDT007</logicalDatatype>
<dataTypeSize>7</dataTypeSize>
<autoIncrementCycle>false</autoIncrementCycle>
</Column>
<Column name="FECHA_DESACTIVACION" id="51A177DD-BA1E-C307-CDD5-6E3390C7DE9D">
<sourceConnName>POLICIA</sourceConnName>
<sourceObjSchema>UNIDADES_DEPENDENCIA</sourceObjSchema>
<sourceObjName>FECHA_DESACTIVACION</sourceObjName>
<createdBy>Manuel</createdBy>
<createdTime>2016-01-11 03:41:06 UTC</createdTime>
<commentInRDBMS>Fecha desactivacion de la unidad</commentInRDBMS>
<generatorID>Generado por el Usuario</generatorID>
<ownerDesignName>ERD_POLICIA</ownerDesignName>
<importedID>9BA00507-41C5-6759-AAA0-11B8788AC7BD</importedID>
<nullsAllowed>true</nullsAllowed>
<useDomainConstraints>false</useDomainConstraints>
<use>1</use>
<logicalDatatype>LOGDT007</logicalDatatype>
<dataTypeSize>7</dataTypeSize>
<autoIncrementCycle>false</autoIncrementCycle>
</Column>
<Column name="ID_SIGLA" id="7E670541-5DAC-8ACE-7CF2-630CC72E5BF1">
<sourceConnName>POLICIA</sourceConnName>
<sourceObjSchema>UNIDADES_DEPENDENCIA</sourceObjSchema>
<sourceObjName>ID_SIGLA</sourceObjName>
<createdBy>Manuel</createdBy>
<createdTime>2016-01-11 03:41:06 UTC</createdTime>
<commentInRDBMS>Sigla de la dependencia</commentInRDBMS>
<generatorID>Generado por el Usuario</generatorID>
<ownerDesignName>ERD_POLICIA</ownerDesignName>
<importedID>2E15B6BC-F448-1047-9C60-98413E0EF079</importedID>
<useDomainConstraints>false</useDomainConstraints>
<use>1</use>
<logicalDatatype>LOGDT019</logicalDatatype>
<autoIncrementCycle>false</autoIncrementCycle>
</Column>
<Column name="TIUN_CODIGO" id="1B386CB3-B70D-FB47-6D49-4B92B912C1DC">
<sourceConnName>POLICIA</sourceConnName>
<sourceObjSchema>UNIDADES_DEPENDENCIA</sourceObjSchema>
<sourceObjName>TIUN_CODIGO</sourceObjName>
<createdBy>Manuel</createdBy>
<createdTime>2016-01-11 03:41:06 UTC</createdTime>
<commentInRDBMS>Codigo Tipo Unidad</commentInRDBMS>
<generatorID>Generado por el Usuario</generatorID>
<ownerDesignName>ERD_POLICIA</ownerDesignName>
<importedID>C419ECAE-2CF4-A38F-B716-1EAB5FCBCC23</importedID>
<useDomainConstraints>false</useDomainConstraints>
<use>1</use>
<logicalDatatype>LOGDT019</logicalDatatype>
<autoIncrementCycle>false</autoIncrementCycle>
</Column>
<Column name="DEPE_CODIGO" id="0E2BB499-A1AC-96F5-EA74-AFE7F268C677">
<sourceConnName>POLICIA</sourceConnName>
<sourceObjSchema>UNIDADES_DEPENDENCIA</sourceObjSchema>
<sourceObjName>DEPE_CODIGO</sourceObjName>
<createdBy>Manuel</createdBy>
<createdTime>2016-01-11 03:41:06 UTC</createdTime>
<commentInRDBMS>Codigo Dependencia</commentInRDBMS>
<generatorID>Generado por el Usuario</generatorID>
<ownerDesignName>ERD_POLICIA</ownerDesignName>
<importedID>8530FBE6-5FD1-3F80-4D20-D71B0EF0FD8F</importedID>
<useDomainConstraints>false</useDomainConstraints>
<use>1</use>
<logicalDatatype>LOGDT019</logicalDatatype>
<autoIncrementCycle>false</autoIncrementCycle>
</Column>
<Column name="DEPE_CODIGO_PERTENECE" id="4531E842-7411-9DA9-8981-A9CF24FD41A0">
<sourceConnName>POLICIA</sourceConnName>
<sourceObjSchema>UNIDADES_DEPENDENCIA</sourceObjSchema>
<sourceObjName>DEPE_CODIGO_PERTENECE</sourceObjName>
<createdBy>Manuel</createdBy>
<createdTime>2016-01-11 03:41:06 UTC</createdTime>
<commentInRDBMS>Codigo Dependencia</commentInRDBMS>
<generatorID>Generado por el Usuario</generatorID>
<ownerDesignName>ERD_POLICIA</ownerDesignName>
<importedID>97C5427B-9D48-3FD0-E0DB-9C261BF0384A</importedID>
<nullsAllowed>true</nullsAllowed>
<useDomainConstraints>false</useDomainConstraints>
<use>1</use>
<logicalDatatype>LOGDT019</logicalDatatype>
<autoIncrementCycle>false</autoIncrementCycle>
</Column>
<Column name="DEPE_CODIGO_CORRESPONDER" id="1EB8A182-7504-B5CC-4ECC-4FC6462302EE">
<sourceConnName>POLICIA</sourceConnName>
<sourceObjSchema>UNIDADES_DEPENDENCIA</sourceObjSchema>
<sourceObjName>DEPE_CODIGO_CORRESPONDER</sourceObjName>
<createdBy>Manuel</createdBy>
<createdTime>2016-01-11 03:41:06 UTC</createdTime>
<commentInRDBMS>Codigo Dependencia</commentInRDBMS>
<generatorID>Generado por el Usuario</generatorID>
<ownerDesignName>ERD_POLICIA</ownerDesignName>
<importedID>969ED9CC-E5CC-5581-C4AB-AD23E0404387</importedID>
<nullsAllowed>true</nullsAllowed>
<useDomainConstraints>false</useDomainConstraints>
<use>1</use>
<logicalDatatype>LOGDT019</logicalDatatype>
<autoIncrementCycle>false</autoIncrementCycle>
</Column>
<Column name="EMPL_UNDE_CONSECUTIVO" id="34AF1BC7-0865-C803-A772-BA4FD03718B8">
<sourceConnName>POLICIA</sourceConnName>
<sourceObjSchema>UNIDADES_DEPENDENCIA</sourceObjSchema>
<sourceObjName>EMPL_UNDE_CONSECUTIVO</sourceObjName>
<createdBy>Manuel</createdBy>
<createdTime>2016-01-11 03:41:06 UTC</createdTime>
<commentInRDBMS>Llave del empleado - Consecutivo de la Unidad de Creacion del empleado</commentInRDBMS>
<generatorID>Generado por el Usuario</generatorID>
<ownerDesignName>ERD_POLICIA</ownerDesignName>
<importedID>600443E1-41B0-A938-71EC-EF636322BFD6</importedID>
<nullsAllowed>true</nullsAllowed>
<useDomainConstraints>false</useDomainConstraints>
<use>1</use>
<logicalDatatype>LOGDT019</logicalDatatype>
<autoIncrementCycle>false</autoIncrementCycle>
</Column>
<Column name="EMPL_UNDE_FUERZA" id="4AE14859-A2D9-E05D-6C4C-603B490872A0">
<sourceConnName>POLICIA</sourceConnName>
<sourceObjSchema>UNIDADES_DEPENDENCIA</sourceObjSchema>
<sourceObjName>EMPL_UNDE_FUERZA</sourceObjName>
<createdBy>Manuel</createdBy>
<createdTime>2016-01-11 03:41:06 UTC</createdTime>
<commentInRDBMS>Llave del empleado - Fuerza de Creacion del empleado</commentInRDBMS>
<generatorID>Generado por el Usuario</generatorID>
<ownerDesignName>ERD_POLICIA</ownerDesignName>
<importedID>CEC7361B-D493-B9FF-D687-08F3E2B2618F</importedID>
<nullsAllowed>true</nullsAllowed>
<useDomainConstraints>false</useDomainConstraints>
<use>1</use>
<logicalDatatype>LOGDT019</logicalDatatype>
<dataTypePrecision>1</dataTypePrecision>
<autoIncrementCycle>false</autoIncrementCycle>
</Column>
<Column name="EMPL_CONSECUTIVO" id="D0FFDE57-EA9A-A952-BE27-C8632CF15237">
<sourceConnName>POLICIA</sourceConnName>
<sourceObjSchema>UNIDADES_DEPENDENCIA</sourceObjSchema>
<sourceObjName>EMPL_CONSECUTIVO</sourceObjName>
<createdBy>Manuel</createdBy>
<createdTime>2016-01-11 03:41:06 UTC</createdTime>
<commentInRDBMS>Llave del empleado - Consecutivo</commentInRDBMS>
<generatorID>Generado por el Usuario</generatorID>
<ownerDesignName>ERD_POLICIA</ownerDesignName>
<importedID>EDCB9F72-ED9E-DDCD-07FD-086B68BEF739</importedID>
<nullsAllowed>true</nullsAllowed>
<useDomainConstraints>false</useDomainConstraints>
<use>1</use>
<logicalDatatype>LOGDT019</logicalDatatype>
<autoIncrementCycle>false</autoIncrementCycle>
</Column>
<Column name="REGI_CODIGO" id="A1A56304-40AA-0CCA-72CA-12C4B4D51B35">
<sourceConnName>POLICIA</sourceConnName>
<sourceObjSchema>UNIDADES_DEPENDENCIA</sourceObjSchema>
<sourceObjName>REGI_CODIGO</sourceObjName>
<createdBy>Manuel</createdBy>
<createdTime>2016-01-11 03:41:06 UTC</createdTime>
<commentInRDBMS>Codigo Regional</commentInRDBMS>
<generatorID>Generado por el Usuario</generatorID>
<ownerDesignName>ERD_POLICIA</ownerDesignName>
<importedID>C0FC0748-8697-72C1-8601-5F86D9890FA5</importedID>
<nullsAllowed>true</nullsAllowed>
<useDomainConstraints>false</useDomainConstraints>
<use>1</use>
<logicalDatatype>LOGDT019</logicalDatatype>
<autoIncrementCycle>false</autoIncrementCycle>
</Column>
<Column name="BARRI_CODIGO" id="59A9CA7D-3DEE-5866-4279-794BDBFF34C9">
<sourceConnName>POLICIA</sourceConnName>
<sourceObjSchema>UNIDADES_DEPENDENCIA</sourceObjSchema>
<sourceObjName>BARRI_CODIGO</sourceObjName>
<createdBy>Manuel</createdBy>
<createdTime>2016-01-11 03:41:06 UTC</createdTime>
<generatorID>Generado por el Usuario</generatorID>
<ownerDesignName>ERD_POLICIA</ownerDesignName>
<importedID>588F11EF-283E-4B3C-C964-D96DCDFB7729</importedID>
<nullsAllowed>true</nullsAllowed>
<useDomainConstraints>false</useDomainConstraints>
<use>1</use>
<logicalDatatype>LOGDT019</logicalDatatype>
<autoIncrementCycle>false</autoIncrementCycle>
</Column>
<Column name="BARRI_LUGE_CODIGO" id="41A47D99-5046-A3D4-5DFA-77828FCD54B8">
<sourceConnName>POLICIA</sourceConnName>
<sourceObjSchema>UNIDADES_DEPENDENCIA</sourceObjSchema>
<sourceObjName>BARRI_LUGE_CODIGO</sourceObjName>
<createdBy>Manuel</createdBy>
<createdTime>2016-01-11 03:41:06 UTC</createdTime>
<generatorID>Generado por el Usuario</generatorID>
<ownerDesignName>ERD_POLICIA</ownerDesignName>
<importedID>EFC33176-A513-C0AE-0EB5-6F80C3464C62</importedID>
<nullsAllowed>true</nullsAllowed>
<useDomainConstraints>false</useDomainConstraints>
<use>1</use>
<logicalDatatype>LOGDT019</logicalDatatype>
<dataTypePrecision>6</dataTypePrecision>
<autoIncrementCycle>false</autoIncrementCycle>
</Column>
<Column name="LUGE_CODIGO" id="C60193DA-CFD5-3BAD-42C9-B41892137D17">
<sourceConnName>POLICIA</sourceConnName>
<sourceObjSchema>UNIDADES_DEPENDENCIA</sourceObjSchema>
<sourceObjName>LUGE_CODIGO</sourceObjName>
<createdBy>Manuel</createdBy>
<createdTime>2016-01-11 03:41:06 UTC</createdTime>
<commentInRDBMS>Codigo del Lugar</commentInRDBMS>
<generatorID>Generado por el Usuario</generatorID>
<ownerDesignName>ERD_POLICIA</ownerDesignName>
<importedID>FF3E138E-9571-D1D7-48DF-C5BA8C9E5EBE</importedID>
<useDomainConstraints>false</useDomainConstraints>
<use>1</use>
<logicalDatatype>LOGDT019</logicalDatatype>
<dataTypePrecision>6</dataTypePrecision>
<autoIncrementCycle>false</autoIncrementCycle>
</Column>
<Column name="GUCO_FUERZA" id="1AC29FAC-5400-1BBB-42F2-3FC016AF0BB5">
<sourceConnName>POLICIA</sourceConnName>
<sourceObjSchema>UNIDADES_DEPENDENCIA</sourceObjSchema>
<sourceObjName>GUCO_FUERZA</sourceObjName>
<createdBy>Manuel</createdBy>
<createdTime>2016-01-11 03:41:06 UTC</createdTime>
<generatorID>Generado por el Usuario</generatorID>
<ownerDesignName>ERD_POLICIA</ownerDesignName>
<importedID>E8E6F551-B2FB-984B-F49A-297D562195C0</importedID>
<useDomainConstraints>false</useDomainConstraints>
<use>1</use>
<logicalDatatype>LOGDT019</logicalDatatype>
<dataTypePrecision>1</dataTypePrecision>
<autoIncrementCycle>false</autoIncrementCycle>
</Column>
<Column name="GUCO_CODIGO" id="26199E6C-8DD3-7145-CCF1-0D236FB90813">
<sourceConnName>POLICIA</sourceConnName>
<sourceObjSchema>UNIDADES_DEPENDENCIA</sourceObjSchema>
<sourceObjName>GUCO_CODIGO</sourceObjName>
<createdBy>Manuel</createdBy>
<createdTime>2016-01-11 03:41:06 UTC</createdTime>
<commentInRDBMS>Codigo Guarnicion o Complejo</commentInRDBMS>
<generatorID>Generado por el Usuario</generatorID>
<ownerDesignName>ERD_POLICIA</ownerDesignName>
<importedID>7BB6218C-F1AE-7404-8C0C-06DE602F5DE1</importedID>
<useDomainConstraints>false</useDomainConstraints>
<use>1</use>
<logicalDatatype>LOGDT019</logicalDatatype>
<autoIncrementCycle>false</autoIncrementCycle>
</Column>
<Column name="UNDE_FUERZA" id="E8C9CA17-88E3-495C-BC03-87F3BF861551">
<sourceConnName>POLICIA</sourceConnName>
<sourceObjSchema>UNIDADES_DEPENDENCIA</sourceObjSchema>
<sourceObjName>UNDE_FUERZA</sourceObjName>
<createdBy>Manuel</createdBy>
<createdTime>2016-01-11 03:41:06 UTC</createdTime>
<commentInRDBMS>Fuerza. Por Defecto 6</commentInRDBMS>
<generatorID>Generado por el Usuario</generatorID>
<ownerDesignName>ERD_POLICIA</ownerDesignName>
<importedID>EFEE5E99-FF02-3644-6EBE-93A1C859FB11</importedID>
<nullsAllowed>true</nullsAllowed>
<useDomainConstraints>false</useDomainConstraints>
<use>1</use>
<logicalDatatype>LOGDT019</logicalDatatype>
<dataTypePrecision>1</dataTypePrecision>
<defaultValue>6</defaultValue>
<delegate>B764DAD6-1855-4EAD-8A37-FCAD767947B5</delegate>
<autoIncrementCycle>false</autoIncrementCycle>
<associations>
<colAssociation fkAssociation="38A61E4E-589E-3994-CC2B-EA001B5CC3E0" referredColumn="B764DAD6-1855-4EAD-8A37-FCAD767947B5"/>
</associations>
</Column>
<Column name="UNDE_CONSECUTIVO" id="DB9196E3-FAE1-74C0-320A-2FF910C6FC48">
<sourceConnName>POLICIA</sourceConnName>
<sourceObjSchema>UNIDADES_DEPENDENCIA</sourceObjSchema>
<sourceObjName>UNDE_CONSECUTIVO</sourceObjName>
<createdBy>Manuel</createdBy>
<createdTime>2016-01-11 03:41:06 UTC</createdTime>
<commentInRDBMS>Consecutivo de la Unidad Actual del Empleado</commentInRDBMS>
<generatorID>Generado por el Usuario</generatorID>
<ownerDesignName>ERD_POLICIA</ownerDesignName>
<importedID>ECD612F2-51D5-A88A-16E8-ECD6439E0167</importedID>
<nullsAllowed>true</nullsAllowed>
<useDomainConstraints>false</useDomainConstraints>
<use>1</use>
<logicalDatatype>LOGDT019</logicalDatatype>
<delegate>F6F05773-92EE-8132-AD3D-C0BD5E5218D8</delegate>
<autoIncrementCycle>false</autoIncrementCycle>
<associations>
<colAssociation fkAssociation="38A61E4E-589E-3994-CC2B-EA001B5CC3E0" referredColumn="F6F05773-92EE-8132-AD3D-C0BD5E5218D8"/>
</associations>
</Column>
<Column name="CREADO_POR" id="633CD7C8-D322-A4A9-92F1-0C6A38944AFB">
<sourceConnName>POLICIA</sourceConnName>
<sourceObjSchema>UNIDADES_DEPENDENCIA</sourceObjSchema>
<sourceObjName>CREADO_POR</sourceObjName>
<createdBy>Manuel</createdBy>
<createdTime>2016-01-11 03:41:06 UTC</createdTime>
<commentInRDBMS>Usuario que crea el registro</commentInRDBMS>
<generatorID>Generado por el Usuario</generatorID>
<ownerDesignName>ERD_POLICIA</ownerDesignName>
<importedID>48D60356-D853-729D-1D23-DACC70356A45</importedID>
<useDomainConstraints>false</useDomainConstraints>
<use>1</use>
<logicalDatatype>LOGDT024</logicalDatatype>
<dataTypeSize>30 BYTE</dataTypeSize>
<autoIncrementCycle>false</autoIncrementCycle>
</Column>
<Column name="FECHA_CREACION" id="C0DD3D6B-1537-80EA-F80C-ACDA039E3920">
<sourceConnName>POLICIA</sourceConnName>
<sourceObjSchema>UNIDADES_DEPENDENCIA</sourceObjSchema>
<sourceObjName>FECHA_CREACION</sourceObjName>
<createdBy>Manuel</createdBy>
<createdTime>2016-01-11 03:41:06 UTC</createdTime>
<commentInRDBMS>Fecha de creacion del registro</commentInRDBMS>
<generatorID>Generado por el Usuario</generatorID>
<ownerDesignName>ERD_POLICIA</ownerDesignName>
<importedID>CADB85D9-DF8A-5A8F-587B-1C9B3471DEC2</importedID>
<useDomainConstraints>false</useDomainConstraints>
<use>1</use>
<logicalDatatype>LOGDT007</logicalDatatype>
<dataTypeSize>7</dataTypeSize>
<autoIncrementCycle>false</autoIncrementCycle>
</Column>
<Column name="MAQUINA_CREACION" id="B977641A-7A3B-A694-1FA3-19A4E4B51A2E">
<sourceConnName>POLICIA</sourceConnName>
<sourceObjSchema>UNIDADES_DEPENDENCIA</sourceObjSchema>
<sourceObjName>MAQUINA_CREACION</sourceObjName>
<createdBy>Manuel</createdBy>
<createdTime>2016-01-11 03:41:06 UTC</createdTime>
<commentInRDBMS>Maquina que crea el Registro</commentInRDBMS>
<generatorID>Generado por el Usuario</generatorID>
<ownerDesignName>ERD_POLICIA</ownerDesignName>
<importedID>C34AB3FF-EE40-839E-177C-76C1C3CD2455</importedID>
<useDomainConstraints>false</useDomainConstraints>
<use>1</use>
<logicalDatatype>LOGDT024</logicalDatatype>
<dataTypeSize>120 BYTE</dataTypeSize>
<autoIncrementCycle>false</autoIncrementCycle>
</Column>
<Column name="ACTUALIZADO_POR" id="82367D93-BBD1-EF80-2453-A4D6034A5ED0">
<sourceConnName>POLICIA</sourceConnName>
<sourceObjSchema>UNIDADES_DEPENDENCIA</sourceObjSchema>
<sourceObjName>ACTUALIZADO_POR</sourceObjName>
<createdBy>Manuel</createdBy>
<createdTime>2016-01-11 03:41:06 UTC</createdTime>
<commentInRDBMS> Maquina que actualiza el registro</commentInRDBMS>
<generatorID>Generado por el Usuario</generatorID>
<ownerDesignName>ERD_POLICIA</ownerDesignName>
<importedID>C0DA1ED0-464F-3966-F426-320A0CFE6224</importedID>
<nullsAllowed>true</nullsAllowed>
<useDomainConstraints>false</useDomainConstraints>
<use>1</use>
<logicalDatatype>LOGDT024</logicalDatatype>
<dataTypeSize>30 BYTE</dataTypeSize>
<autoIncrementCycle>false</autoIncrementCycle>
</Column>
<Column name="FECHA_ACTUALIZA" id="182A4FAF-F2CF-4592-2D4A-1F1F73B5DC09">
<sourceConnName>POLICIA</sourceConnName>
<sourceObjSchema>UNIDADES_DEPENDENCIA</sourceObjSchema>
<sourceObjName>FECHA_ACTUALIZA</sourceObjName>
<createdBy>Manuel</createdBy>
<createdTime>2016-01-11 03:41:06 UTC</createdTime>
<commentInRDBMS>Fecha en que se actualiza el Registro</commentInRDBMS>
<generatorID>Generado por el Usuario</generatorID>
<ownerDesignName>ERD_POLICIA</ownerDesignName>
<importedID>7B6E154F-60B7-E8DF-DCA6-DFCFC94A262A</importedID>
<nullsAllowed>true</nullsAllowed>
<useDomainConstraints>false</useDomainConstraints>
<use>1</use>
<logicalDatatype>LOGDT007</logicalDatatype>
<dataTypeSize>7</dataTypeSize>
<autoIncrementCycle>false</autoIncrementCycle>
</Column>
<Column name="MAQUINA_ACTUALIZA" id="B9B45F71-55BF-2C0C-EED7-47139060068E">
<sourceConnName>POLICIA</sourceConnName>
<sourceObjSchema>UNIDADES_DEPENDENCIA</sourceObjSchema>
<sourceObjName>MAQUINA_ACTUALIZA</sourceObjName>
<createdBy>Manuel</createdBy>
<createdTime>2016-01-11 03:41:06 UTC</createdTime>
<commentInRDBMS>Maquina que actualiza el registro</commentInRDBMS>
<generatorID>Generado por el Usuario</generatorID>
<ownerDesignName>ERD_POLICIA</ownerDesignName>
<importedID>30A875F2-DB57-EA34-921F-63D7863C8FB6</importedID>
<nullsAllowed>true</nullsAllowed>
<useDomainConstraints>false</useDomainConstraints>
<use>1</use>
<logicalDatatype>LOGDT024</logicalDatatype>
<dataTypeSize>120 BYTE</dataTypeSize>
<autoIncrementCycle>false</autoIncrementCycle>
</Column>
<Column name="DIFICULTAD" id="0751D6A9-3A90-7766-CB0B-2F1876A7CC8E">
<sourceConnName>POLICIA</sourceConnName>
<sourceObjSchema>UNIDADES_DEPENDENCIA</sourceObjSchema>
<sourceObjName>DIFICULTAD</sourceObjName>
<createdBy>Manuel</createdBy>
<createdTime>2016-01-11 03:41:06 UTC</createdTime>
<generatorID>Generado por el Usuario</generatorID>
<ownerDesignName>ERD_POLICIA</ownerDesignName>
<importedID>C16E7A3C-14D3-853B-24B0-310803F3EBE7</importedID>
<nullsAllowed>true</nullsAllowed>
<useDomainConstraints>false</useDomainConstraints>
<use>1</use>
<logicalDatatype>LOGDT019</logicalDatatype>
<dataTypePrecision>2</dataTypePrecision>
<autoIncrementCycle>false</autoIncrementCycle>
</Column>
<Column name="TIPO_PAGO" id="46EC45E5-3971-2EE6-FB40-99A630CB80DC">
<sourceConnName>POLICIA</sourceConnName>
<sourceObjSchema>UNIDADES_DEPENDENCIA</sourceObjSchema>
<sourceObjName>TIPO_PAGO</sourceObjName>
<createdBy>Manuel</createdBy>
<createdTime>2016-01-11 03:41:06 UTC</createdTime>
<commentInRDBMS>Tipo de Pago(V=Ventanilla, C=consignacion, Q=Cheques)</commentInRDBMS>
<generatorID>Generado por el Usuario</generatorID>
<ownerDesignName>ERD_POLICIA</ownerDesignName>
<importedID>D2F0031B-0AE5-87E9-EEBD-8BA0EED4984F</importedID>
<useDomainConstraints>false</useDomainConstraints>
<use>1</use>
<logicalDatatype>LOGDT025</logicalDatatype>
<dataTypeSize>2 BYTE</dataTypeSize>
<defaultValue>&apos;C&apos;</defaultValue>
<autoIncrementCycle>false</autoIncrementCycle>
</Column>
<Column name="SIGLA_PAPA" id="A24B76A3-894D-9CDB-2557-0E3C6F588DA3">
<sourceConnName>POLICIA</sourceConnName>
<sourceObjSchema>UNIDADES_DEPENDENCIA</sourceObjSchema>
<sourceObjName>SIGLA_PAPA</sourceObjName>
<createdBy>Manuel</createdBy>
<createdTime>2016-01-11 03:41:06 UTC</createdTime>
<commentInRDBMS>Sigla de la Unidad Padre</commentInRDBMS>
<generatorID>Generado por el Usuario</generatorID>
<ownerDesignName>ERD_POLICIA</ownerDesignName>
<importedID>3A084208-BB83-D752-42C6-E4B5840C54B2</importedID>
<useDomainConstraints>false</useDomainConstraints>
<use>1</use>
<logicalDatatype>LOGDT024</logicalDatatype>
<dataTypeSize>5 BYTE</dataTypeSize>
<autoIncrementCycle>false</autoIncrementCycle>
</Column>
<Column name="CODIGO_DELEGACION" id="59A638C5-75CE-6BE5-566D-AC64651C5B77">
<sourceConnName>POLICIA</sourceConnName>
<sourceObjSchema>UNIDADES_DEPENDENCIA</sourceObjSchema>
<sourceObjName>CODIGO_DELEGACION</sourceObjName>
<createdBy>Manuel</createdBy>
<createdTime>2016-01-11 03:41:06 UTC</createdTime>
<commentInRDBMS>Codigo de la delegacion</commentInRDBMS>
<generatorID>Generado por el Usuario</generatorID>
<ownerDesignName>ERD_POLICIA</ownerDesignName>
<importedID>5DE36FEA-DDBA-C7E4-0685-79732BD2C638</importedID>
<nullsAllowed>true</nullsAllowed>
<useDomainConstraints>false</useDomainConstraints>
<use>1</use>
<logicalDatatype>LOGDT019</logicalDatatype>
<autoIncrementCycle>false</autoIncrementCycle>
</Column>
<Column name="NIVEL_RIESGO" id="CC575802-9E90-F9FA-9406-92D7109BEFC8">
<sourceConnName>POLICIA</sourceConnName>
<sourceObjSchema>UNIDADES_DEPENDENCIA</sourceObjSchema>
<sourceObjName>NIVEL_RIESGO</sourceObjName>
<createdBy>Manuel</createdBy>
<createdTime>2016-01-11 03:41:06 UTC</createdTime>
<commentInRDBMS>Nivel de Riesgo de la Unidad</commentInRDBMS>
<generatorID>Generado por el Usuario</generatorID>
<ownerDesignName>ERD_POLICIA</ownerDesignName>
<importedID>C89AABB0-F39C-CD6D-9E65-E06505DBCAA8</importedID>
<useDomainConstraints>false</useDomainConstraints>
<use>1</use>
<logicalDatatype>LOGDT019</logicalDatatype>
<dataTypePrecision>5</dataTypePrecision>
<dataTypeScale>2</dataTypeScale>
<defaultValue>1</defaultValue>
<autoIncrementCycle>false</autoIncrementCycle>
</Column>
<Column name="CONDICION_PARTIDA_ALIMENTACION" id="B3B007C7-1DC9-54F7-DAD1-2C4BB4174FB2">
<sourceConnName>POLICIA</sourceConnName>
<sourceObjSchema>UNIDADES_DEPENDENCIA</sourceObjSchema>
<sourceObjName>CONDICION_PARTIDA_ALIMENTACION</sourceObjName>
<createdBy>Manuel</createdBy>
<createdTime>2016-01-11 03:41:06 UTC</createdTime>
<commentInRDBMS>Condicion para pagar el valor de la Partida de alimentacion, 1=Partida de 4300, 2=5300</commentInRDBMS>
<generatorID>Generado por el Usuario</generatorID>
<ownerDesignName>ERD_POLICIA</ownerDesignName>
<importedID>0526A7A0-9682-E64D-5242-D1FA8AA9C0C9</importedID>
<useDomainConstraints>false</useDomainConstraints>
<use>1</use>
<logicalDatatype>LOGDT019</logicalDatatype>
<dataTypePrecision>2</dataTypePrecision>
<defaultValue>1</defaultValue>
<autoIncrementCycle>false</autoIncrementCycle>
</Column>
<Column name="TELEFONO" id="1F17ECD7-415E-8817-C1F1-7303517B6EAF">
<sourceConnName>POLICIA</sourceConnName>
<sourceObjSchema>UNIDADES_DEPENDENCIA</sourceObjSchema>
<sourceObjName>TELEFONO</sourceObjName>
<createdBy>Manuel</createdBy>
<createdTime>2016-01-11 03:41:06 UTC</createdTime>
<commentInRDBMS>Numero de telefono de la unidad</commentInRDBMS>
<generatorID>Generado por el Usuario</generatorID>
<ownerDesignName>ERD_POLICIA</ownerDesignName>
<importedID>9DE33161-2590-9F37-1F5D-5365C923A1FC</importedID>
<nullsAllowed>true</nullsAllowed>
<useDomainConstraints>false</useDomainConstraints>
<use>1</use>
<logicalDatatype>LOGDT019</logicalDatatype>
<autoIncrementCycle>false</autoIncrementCycle>
</Column>
<Column name="CATEGORIA_UNIDAD" id="8DAAE59E-27D2-73E6-3EE2-DC5AA7383A9F">
<sourceConnName>POLICIA</sourceConnName>
<sourceObjSchema>UNIDADES_DEPENDENCIA</sourceObjSchema>
<sourceObjName>CATEGORIA_UNIDAD</sourceObjName>
<createdBy>Manuel</createdBy>
<createdTime>2016-01-11 03:41:06 UTC</createdTime>
<commentInRDBMS>Categoria de la Unidad</commentInRDBMS>
<generatorID>Generado por el Usuario</generatorID>
<ownerDesignName>ERD_POLICIA</ownerDesignName>
<importedID>B00E121F-BD94-29FB-83CB-E20B148A2E4D</importedID>
<nullsAllowed>true</nullsAllowed>
<useDomainConstraints>false</useDomainConstraints>
<use>1</use>
<logicalDatatype>LOGDT024</logicalDatatype>
<dataTypeSize>2 BYTE</dataTypeSize>
<autoIncrementCycle>false</autoIncrementCycle>
</Column>
<Column name="CENTRO_DE_COSTOS" id="6E3D8295-1725-9EA5-B118-6BB4D9B7D6E4">
<sourceConnName>POLICIA</sourceConnName>
<sourceObjSchema>UNIDADES_DEPENDENCIA</sourceObjSchema>
<sourceObjName>CENTRO_DE_COSTOS</sourceObjName>
<createdBy>Manuel</createdBy>
<createdTime>2016-01-11 03:41:06 UTC</createdTime>
<commentInRDBMS>Codigo del centro de Costos para el silog</commentInRDBMS>
<generatorID>Generado por el Usuario</generatorID>
<ownerDesignName>ERD_POLICIA</ownerDesignName>
<importedID>EBFA5DDE-3693-4E17-E2E8-16CDC63B6512</importedID>
<nullsAllowed>true</nullsAllowed>
<useDomainConstraints>false</useDomainConstraints>
<use>1</use>
<logicalDatatype>LOGDT024</logicalDatatype>
<dataTypeSize>20 BYTE</dataTypeSize>
<autoIncrementCycle>false</autoIncrementCycle>
</Column>
<Column name="PRIMA_CARABINERO" id="18DBB77E-AE5A-ADEA-0444-D04174FC2C3D">
<sourceConnName>POLICIA</sourceConnName>
<sourceObjSchema>UNIDADES_DEPENDENCIA</sourceObjSchema>
<sourceObjName>PRIMA_CARABINERO</sourceObjName>
<createdBy>Manuel</createdBy>
<createdTime>2016-01-11 03:41:06 UTC</createdTime>
<generatorID>Generado por el Usuario</generatorID>
<ownerDesignName>ERD_POLICIA</ownerDesignName>
<importedID>86260B53-395A-02EF-B734-ED0697D2E193</importedID>
<nullsAllowed>true</nullsAllowed>
<useDomainConstraints>false</useDomainConstraints>
<use>1</use>
<logicalDatatype>LOGDT024</logicalDatatype>
<dataTypeSize>2 BYTE</dataTypeSize>
<autoIncrementCycle>false</autoIncrementCycle>
</Column>
<Column name="SIGLA_DEPENDE" id="D6DE271D-7597-F3BD-63AB-66D8B3B155BD">
<sourceConnName>POLICIA</sourceConnName>
<sourceObjSchema>UNIDADES_DEPENDENCIA</sourceObjSchema>
<sourceObjName>SIGLA_DEPENDE</sourceObjName>
<createdBy>Manuel</createdBy>
<createdTime>2016-01-11 03:41:06 UTC</createdTime>
<generatorID>Generado por el Usuario</generatorID>
<ownerDesignName>ERD_POLICIA</ownerDesignName>
<importedID>03153A07-65F1-5351-F7E2-77DE0D4776ED</importedID>
<useDomainConstraints>false</useDomainConstraints>
<use>1</use>
<logicalDatatype>LOGDT024</logicalDatatype>
<dataTypeSize>5 BYTE</dataTypeSize>
<autoIncrementCycle>false</autoIncrementCycle>
</Column>
<Column name="SIGLA_FISICA" id="25C3BE61-33B7-0D18-B7B1-B4B0CCD11BD4">
<sourceConnName>POLICIA</sourceConnName>
<sourceObjSchema>UNIDADES_DEPENDENCIA</sourceObjSchema>
<sourceObjName>SIGLA_FISICA</sourceObjName>
<createdBy>Manuel</createdBy>
<createdTime>2016-01-11 03:41:06 UTC</createdTime>
<generatorID>Generado por el Usuario</generatorID>
<ownerDesignName>ERD_POLICIA</ownerDesignName>
<importedID>AC56E3D3-5B5F-1CB2-81E4-EE14284DAE31</importedID>
<nullsAllowed>true</nullsAllowed>
<useDomainConstraints>false</useDomainConstraints>
<use>1</use>
<logicalDatatype>LOGDT024</logicalDatatype>
<dataTypeSize>5 BYTE</dataTypeSize>
<autoIncrementCycle>false</autoIncrementCycle>
</Column>
<Column name="SUBMARINISTA" id="791B7792-A0C8-707C-20C8-37F5BFA5DE4E">
<sourceConnName>POLICIA</sourceConnName>
<sourceObjSchema>UNIDADES_DEPENDENCIA</sourceObjSchema>
<sourceObjName>SUBMARINISTA</sourceObjName>
<createdBy>Manuel</createdBy>
<createdTime>2016-01-11 03:41:06 UTC</createdTime>
<generatorID>Generado por el Usuario</generatorID>
<ownerDesignName>ERD_POLICIA</ownerDesignName>
<importedID>1ADC04D4-F032-E103-C3ED-36D79EFCCA90</importedID>
<nullsAllowed>true</nullsAllowed>
<useDomainConstraints>false</useDomainConstraints>
<use>1</use>
<logicalDatatype>LOGDT025</logicalDatatype>
<dataTypeSize>2 BYTE</dataTypeSize>
<defaultValue>&apos;NO&apos;</defaultValue>
<autoIncrementCycle>false</autoIncrementCycle>
</Column>
<Column name="ZONA_CRITICA" id="E43B4978-12F8-0857-BC7E-B16685D27633">
<sourceConnName>POLICIA</sourceConnName>
<sourceObjSchema>UNIDADES_DEPENDENCIA</sourceObjSchema>
<sourceObjName>ZONA_CRITICA</sourceObjName>
<createdBy>Manuel</createdBy>
<createdTime>2016-01-11 03:41:06 UTC</createdTime>
<commentInRDBMS>Identifica si la unidad es considerado como crítica. SI/NO</commentInRDBMS>
<generatorID>Generado por el Usuario</generatorID>
<ownerDesignName>ERD_POLICIA</ownerDesignName>
<importedID>B31F59A9-B690-A6F6-F112-032EA1738227</importedID>
<nullsAllowed>true</nullsAllowed>
<useDomainConstraints>false</useDomainConstraints>
<use>1</use>
<logicalDatatype>LOGDT025</logicalDatatype>
<dataTypeSize>2 BYTE</dataTypeSize>
<autoIncrementCycle>false</autoIncrementCycle>
</Column>
<Column name="TIPO_DOTACION" id="9BEC0B43-2FD7-AF09-C515-516318B031C9">
<sourceConnName>POLICIA</sourceConnName>
<sourceObjSchema>UNIDADES_DEPENDENCIA</sourceObjSchema>
<sourceObjName>TIPO_DOTACION</sourceObjName>
<createdBy>Manuel</createdBy>
<createdTime>2016-01-11 03:41:06 UTC</createdTime>
<commentInRDBMS>Tipo dotacion uniformes</commentInRDBMS>
<generatorID>Generado por el Usuario</generatorID>
<ownerDesignName>ERD_POLICIA</ownerDesignName>
<importedID>0BC1E3D8-7B5D-ECA5-AC1C-D18AA32E9D72</importedID>
<nullsAllowed>true</nullsAllowed>
<useDomainConstraints>false</useDomainConstraints>
<use>1</use>
<logicalDatatype>LOGDT019</logicalDatatype>
<autoIncrementCycle>false</autoIncrementCycle>
</Column>
<Column name="SIGLA_SIVICC" id="30AD7CB0-8583-677E-C666-21D5FBB4CD2A">
<sourceConnName>POLICIA</sourceConnName>
<sourceObjSchema>UNIDADES_DEPENDENCIA</sourceObjSchema>
<sourceObjName>SIGLA_SIVICC</sourceObjName>
<createdBy>Manuel</createdBy>
<createdTime>2016-01-11 03:41:06 UTC</createdTime>
<commentInRDBMS>Sigla utilizada por SIVICC para la creación del nombre del cuadrante</commentInRDBMS>
<generatorID>Generado por el Usuario</generatorID>
<ownerDesignName>ERD_POLICIA</ownerDesignName>
<importedID>419A5128-DD51-8582-54E4-1BE37E166E47</importedID>
<nullsAllowed>true</nullsAllowed>
<useDomainConstraints>false</useDomainConstraints>
<use>1</use>
<logicalDatatype>LOGDT024</logicalDatatype>
<dataTypeSize>4 BYTE</dataTypeSize>
<autoIncrementCycle>false</autoIncrementCycle>
</Column>
<Column name="MOTIVO_OPERACION" id="A22DA8C0-FCE9-173D-C1FE-3EFFCC82B1E9">
<sourceConnName>POLICIA</sourceConnName>
<sourceObjSchema>UNIDADES_DEPENDENCIA</sourceObjSchema>
<sourceObjName>MOTIVO_OPERACION</sourceObjName>
<createdBy>Manuel</createdBy>
<createdTime>2016-01-11 03:41:06 UTC</createdTime>
<generatorID>Generado por el Usuario</generatorID>
<ownerDesignName>ERD_POLICIA</ownerDesignName>
<importedID>AEB84AB1-77E4-C612-B2E1-28308698702A</importedID>
<nullsAllowed>true</nullsAllowed>
<useDomainConstraints>false</useDomainConstraints>
<use>1</use>
<logicalDatatype>LOGDT024</logicalDatatype>
<dataTypeSize>240 BYTE</dataTypeSize>
<autoIncrementCycle>false</autoIncrementCycle>
</Column>
</columns>
<indexes itemClass="oracle.dbtools.crest.model.design.relational.Index">
<ind_PK_UK id="BDB3E2B6-6B9F-D3D4-4BF5-86542846252C" name="UNDE_PK">
<sourceConnName>POLICIA</sourceConnName>
<sourceObjSchema>USR_REHU</sourceObjSchema>
<sourceObjName>UNDE_PK</sourceObjName>
<createdBy>Manuel</createdBy>
<createdTime>2016-01-11 03:41:06 UTC</createdTime>
<generatorID>Generado por el Usuario</generatorID>
<ownerDesignName>ERD_POLICIA</ownerDesignName>
<importedID>2D590D52-32E3-3878-D537-CD64CF3E4B86</importedID>
<pk>true</pk>
<indexState>Primary Constraint</indexState>
<isSurrogateKey>false</isSurrogateKey>
<indexColumnUsage>
<colUsage columnID="B764DAD6-1855-4EAD-8A37-FCAD767947B5"/>
<colUsage columnID="F6F05773-92EE-8132-AD3D-C0BD5E5218D8"/>
</indexColumnUsage>
</ind_PK_UK>
<ind_PK_UK id="9E6FEDD2-DD42-B507-C9FD-4C29FEB8F096" name="UNDE_UK">
<sourceConnName>POLICIA</sourceConnName>
<sourceObjSchema>USR_REHU</sourceObjSchema>
<sourceObjName>UNDE_UK</sourceObjName>
<createdBy>Manuel</createdBy>
<createdTime>2016-01-11 03:41:06 UTC</createdTime>
<generatorID>Generado por el Usuario</generatorID>
<ownerDesignName>ERD_POLICIA</ownerDesignName>
<importedID>9E0217D2-5861-D522-7AB0-64E8C1D4684E</importedID>
<indexState>Unique Constraint</indexState>
<isSurrogateKey>false</isSurrogateKey>
<indexColumnUsage>
<colUsage columnID="4A255C3D-FAA0-B56E-A9D5-BCF2DE6F1683"/>
<colUsage columnID="DB54E9DA-CBF4-6A4E-6A6F-8F1272BF171D"/>
<colUsage columnID="DB9196E3-FAE1-74C0-320A-2FF910C6FC48"/>
<colUsage columnID="E8C9CA17-88E3-495C-BC03-87F3BF861551"/>
</indexColumnUsage>
</ind_PK_UK>
<ind_PK_UK id="985AB8B9-0F76-7C5A-648C-FCE6DDF74F51" name="UNIDADES_DEPENDENCIA_UQ">
<sourceConnName>POLICIA</sourceConnName>
<sourceObjSchema>USR_REHU</sourceObjSchema>
<sourceObjName>UNIDADES_DEPENDENCIA_UQ</sourceObjName>
<createdBy>Manuel</createdBy>
<createdTime>2016-01-11 03:41:06 UTC</createdTime>
<generatorID>Generado por el Usuario</generatorID>
<ownerDesignName>ERD_POLICIA</ownerDesignName>
<importedID>3D764813-DE7D-EF5C-2CFF-2500E95C6697</importedID>
<indexState>Unique Constraint</indexState>
<isSurrogateKey>false</isSurrogateKey>
<indexColumnUsage>
<colUsage columnID="F6F05773-92EE-8132-AD3D-C0BD5E5218D8"/>
</indexColumnUsage>
</ind_PK_UK>
<ind_PK_UK id="19731971-A9A3-B699-DD54-38C8CAD475F7" name="IDX_UNDE_LUBA_FK">
<sourceConnName>POLICIA</sourceConnName>
<sourceObjSchema>USR_REHU</sourceObjSchema>
<sourceObjName>IDX_UNDE_LUBA_FK</sourceObjName>
<createdBy>Manuel</createdBy>
<createdTime>2016-01-11 03:41:06 UTC</createdTime>
<generatorID>Generado por el Usuario</generatorID>
<ownerDesignName>ERD_POLICIA</ownerDesignName>
<importedID>6A91E237-3120-3439-B0AE-F64E0AE08DA3</importedID>
<schemaObject>08A89F83-F1B6-076C-845F-07354A8D2081</schemaObject>
<isSurrogateKey>false</isSurrogateKey>
<indexColumnUsage>
<colUsage columnID="59A9CA7D-3DEE-5866-4279-794BDBFF34C9"/>
<colUsage columnID="41A47D99-5046-A3D4-5DFA-77828FCD54B8"/>
</indexColumnUsage>
</ind_PK_UK>
<ind_PK_UK id="D5A3E032-4BED-5C19-B5D9-360464343D90" name="IDX_UNDE_EMPL_FK">
<sourceConnName>POLICIA</sourceConnName>
<sourceObjSchema>USR_REHU</sourceObjSchema>
<sourceObjName>IDX_UNDE_EMPL_FK</sourceObjName>
<createdBy>Manuel</createdBy>
<createdTime>2016-01-11 03:41:06 UTC</createdTime>
<generatorID>Generado por el Usuario</generatorID>
<ownerDesignName>ERD_POLICIA</ownerDesignName>
<importedID>C5D41CF8-65D6-17EA-93AE-C85B97D68845</importedID>
<schemaObject>08A89F83-F1B6-076C-845F-07354A8D2081</schemaObject>
<isSurrogateKey>false</isSurrogateKey>
<indexColumnUsage>
<colUsage columnID="4AE14859-A2D9-E05D-6C4C-603B490872A0"/>
<colUsage columnID="34AF1BC7-0865-C803-A772-BA4FD03718B8"/>
</indexColumnUsage>
</ind_PK_UK>
<ind_PK_UK id="06F4639F-6130-AB33-2FF8-C04EE1A0BE1F" name="UNDE_LUBA_FK_I">
<sourceConnName>POLICIA</sourceConnName>
<sourceObjSchema>USR_REHU</sourceObjSchema>
<sourceObjName>UNDE_LUBA_FK_I</sourceObjName>
<createdBy>Manuel</createdBy>
<createdTime>2016-01-11 03:41:06 UTC</createdTime>
<generatorID>Generado por el Usuario</generatorID>
<ownerDesignName>ERD_POLICIA</ownerDesignName>
<importedID>FD1A9CC3-8390-BA3C-6651-230600D72067</importedID>
<schemaObject>08A89F83-F1B6-076C-845F-07354A8D2081</schemaObject>
<isSurrogateKey>false</isSurrogateKey>
<indexColumnUsage>
<colUsage columnID="C60193DA-CFD5-3BAD-42C9-B41892137D17"/>
<colUsage columnID="59A9CA7D-3DEE-5866-4279-794BDBFF34C9"/>
</indexColumnUsage>
</ind_PK_UK>
<ind_PK_UK id="79FAAE3C-CDB8-7ED2-04BF-9B9A4DE890B0" name="UNDE_DEPE_FK_I">
<sourceConnName>POLICIA</sourceConnName>
<sourceObjSchema>USR_REHU</sourceObjSchema>
<sourceObjName>UNDE_DEPE_FK_I</sourceObjName>
<createdBy>Manuel</createdBy>
<createdTime>2016-01-11 03:41:06 UTC</createdTime>
<generatorID>Generado por el Usuario</generatorID>
<ownerDesignName>ERD_POLICIA</ownerDesignName>
<importedID>0C9B4599-9958-D4C0-7CFD-4A2EBEA79B96</importedID>
<schemaObject>08A89F83-F1B6-076C-845F-07354A8D2081</schemaObject>
<isSurrogateKey>false</isSurrogateKey>
<indexColumnUsage>
<colUsage columnID="0E2BB499-A1AC-96F5-EA74-AFE7F268C677"/>
</indexColumnUsage>
</ind_PK_UK>
<ind_PK_UK id="5E9B4147-F04B-AF81-30B1-D4858C2244D8" name="UNDE_DEPE_PERTENECE_FK_I">
<sourceConnName>POLICIA</sourceConnName>
<sourceObjSchema>USR_REHU</sourceObjSchema>
<sourceObjName>UNDE_DEPE_PERTENECE_FK_I</sourceObjName>
<createdBy>Manuel</createdBy>
<createdTime>2016-01-11 03:41:06 UTC</createdTime>
<generatorID>Generado por el Usuario</generatorID>
<ownerDesignName>ERD_POLICIA</ownerDesignName>
<importedID>47AE38AE-6293-48D9-1DBA-572775A6E143</importedID>
<schemaObject>08A89F83-F1B6-076C-845F-07354A8D2081</schemaObject>
<isSurrogateKey>false</isSurrogateKey>
<indexColumnUsage>
<colUsage columnID="4531E842-7411-9DA9-8981-A9CF24FD41A0"/>
</indexColumnUsage>
</ind_PK_UK>
<ind_PK_UK id="4F6929C7-EE4F-526A-33BD-B6A599A1D38E" name="UNDE_DEPE_UNDE_CONS_I">
<sourceConnName>POLICIA</sourceConnName>
<sourceObjSchema>USR_REHU</sourceObjSchema>
<sourceObjName>UNDE_DEPE_UNDE_CONS_I</sourceObjName>
<createdBy>Manuel</createdBy>
<createdTime>2016-01-11 03:41:06 UTC</createdTime>
<generatorID>Generado por el Usuario</generatorID>
<ownerDesignName>ERD_POLICIA</ownerDesignName>
<importedID>59E3FB2F-D7BA-0BF2-D56E-93F79F3087D1</importedID>
<schemaObject>08A89F83-F1B6-076C-845F-07354A8D2081</schemaObject>
<isSurrogateKey>false</isSurrogateKey>
<indexColumnUsage>
<colUsage columnID="DB9196E3-FAE1-74C0-320A-2FF910C6FC48"/>
</indexColumnUsage>
</ind_PK_UK>
<ind_PK_UK id="DBE6A23C-8851-E6C1-1159-3D759FE10890" name="UNDE_DEPE_CORRESPONDER_FK_I">
<sourceConnName>POLICIA</sourceConnName>
<sourceObjSchema>USR_REHU</sourceObjSchema>
<sourceObjName>UNDE_DEPE_CORRESPONDER_FK_I</sourceObjName>
<createdBy>Manuel</createdBy>
<createdTime>2016-01-11 03:41:06 UTC</createdTime>
<generatorID>Generado por el Usuario</generatorID>
<ownerDesignName>ERD_POLICIA</ownerDesignName>
<importedID>0EC28FDB-9D2E-6C85-15CC-4CFEB48A4EBA</importedID>
<schemaObject>08A89F83-F1B6-076C-845F-07354A8D2081</schemaObject>
<isSurrogateKey>false</isSurrogateKey>
<indexColumnUsage>
<colUsage columnID="1EB8A182-7504-B5CC-4ECC-4FC6462302EE"/>
</indexColumnUsage>
</ind_PK_UK>
<ind_PK_UK id="B432E9DE-ED09-CDC4-61EF-E6EA73B6339F" name="UNDE_EMPL_FK_I">
<sourceConnName>POLICIA</sourceConnName>
<sourceObjSchema>USR_REHU</sourceObjSchema>
<sourceObjName>UNDE_EMPL_FK_I</sourceObjName>
<createdBy>Manuel</createdBy>
<createdTime>2016-01-11 03:41:06 UTC</createdTime>
<generatorID>Generado por el Usuario</generatorID>
<ownerDesignName>ERD_POLICIA</ownerDesignName>
<importedID>D9E23DC4-7772-A725-9DAF-FB64C1848C71</importedID>
<schemaObject>08A89F83-F1B6-076C-845F-07354A8D2081</schemaObject>
<isSurrogateKey>false</isSurrogateKey>
<indexColumnUsage>
<colUsage columnID="34AF1BC7-0865-C803-A772-BA4FD03718B8"/>
<colUsage columnID="4AE14859-A2D9-E05D-6C4C-603B490872A0"/>
<colUsage columnID="D0FFDE57-EA9A-A952-BE27-C8632CF15237"/>
</indexColumnUsage>
</ind_PK_UK>
<ind_PK_UK id="B7DD5D80-78C6-EF0B-95DF-71F3BB06AB15" name="UNDE_LUGE_FK_I">
<sourceConnName>POLICIA</sourceConnName>
<sourceObjSchema>USR_REHU</sourceObjSchema>
<sourceObjName>UNDE_LUGE_FK_I</sourceObjName>
<createdBy>Manuel</createdBy>
<createdTime>2016-01-11 03:41:06 UTC</createdTime>
<generatorID>Generado por el Usuario</generatorID>
<ownerDesignName>ERD_POLICIA</ownerDesignName>
<importedID>51ACD01D-66FA-F46D-99DB-567DABBA55C4</importedID>
<schemaObject>08A89F83-F1B6-076C-845F-07354A8D2081</schemaObject>
<isSurrogateKey>false</isSurrogateKey>
<indexColumnUsage>
<colUsage columnID="C60193DA-CFD5-3BAD-42C9-B41892137D17"/>
</indexColumnUsage>
</ind_PK_UK>
<ind_PK_UK id="50C4A2B1-9588-8A18-E239-A001AD55A13C" name="UNDE_REGI_FK_I">
<sourceConnName>POLICIA</sourceConnName>
<sourceObjSchema>USR_REHU</sourceObjSchema>
<sourceObjName>UNDE_REGI_FK_I</sourceObjName>
<createdBy>Manuel</createdBy>
<createdTime>2016-01-11 03:41:06 UTC</createdTime>
<generatorID>Generado por el Usuario</generatorID>
<ownerDesignName>ERD_POLICIA</ownerDesignName>
<importedID>1446F846-3AA6-124E-3588-2901D0E39869</importedID>
<schemaObject>08A89F83-F1B6-076C-845F-07354A8D2081</schemaObject>
<isSurrogateKey>false</isSurrogateKey>
<indexColumnUsage>
<colUsage columnID="A1A56304-40AA-0CCA-72CA-12C4B4D51B35"/>
</indexColumnUsage>
</ind_PK_UK>
<ind_PK_UK id="45CAD986-A7CE-E60E-E7AA-0036ADBFEFC0" name="UNDE_GUCO_FK_I">
<sourceConnName>POLICIA</sourceConnName>
<sourceObjSchema>USR_REHU</sourceObjSchema>
<sourceObjName>UNDE_GUCO_FK_I</sourceObjName>
<createdBy>Manuel</createdBy>
<createdTime>2016-01-11 03:41:06 UTC</createdTime>
<generatorID>Generado por el Usuario</generatorID>
<ownerDesignName>ERD_POLICIA</ownerDesignName>
<importedID>7B135FD1-0CA6-741A-29D4-2AA1A990B0C6</importedID>
<schemaObject>08A89F83-F1B6-076C-845F-07354A8D2081</schemaObject>
<isSurrogateKey>false</isSurrogateKey>
<indexColumnUsage>
<colUsage columnID="26199E6C-8DD3-7145-CCF1-0D236FB90813"/>
<colUsage columnID="1AC29FAC-5400-1BBB-42F2-3FC016AF0BB5"/>
</indexColumnUsage>
</ind_PK_UK>
<ind_PK_UK id="35EB765F-ED71-101F-BDC2-A924B60864AF" name="UNDE_SIGL_FK_I">
<sourceConnName>POLICIA</sourceConnName>
<sourceObjSchema>USR_REHU</sourceObjSchema>
<sourceObjName>UNDE_SIGL_FK_I</sourceObjName>
<createdBy>Manuel</createdBy>
<createdTime>2016-01-11 03:41:06 UTC</createdTime>
<generatorID>Generado por el Usuario</generatorID>
<ownerDesignName>ERD_POLICIA</ownerDesignName>
<importedID>84A05A6E-E618-29F9-AF3C-F32DDEDCC355</importedID>
<schemaObject>08A89F83-F1B6-076C-845F-07354A8D2081</schemaObject>
<isSurrogateKey>false</isSurrogateKey>
<indexColumnUsage>
<colUsage columnID="7E670541-5DAC-8ACE-7CF2-630CC72E5BF1"/>
</indexColumnUsage>
</ind_PK_UK>
<ind_PK_UK id="9BADB18F-D236-5156-4AF2-02A4DD6A5C0B" name="UNDE_UK">
<sourceConnName>POLICIA</sourceConnName>
<sourceObjSchema>USR_REHU</sourceObjSchema>
<sourceObjName>UNDE_UK</sourceObjName>
<createdBy>Manuel</createdBy>
<createdTime>2016-01-11 03:41:06 UTC</createdTime>
<generatorID>Generado por el Usuario</generatorID>
<ownerDesignName>ERD_POLICIA</ownerDesignName>
<importedID>813B07D0-C342-A5FE-7A24-C5E24E04EA99</importedID>
<indexState>Unique Plain Index</indexState>
<schemaObject>08A89F83-F1B6-076C-845F-07354A8D2081</schemaObject>
<isSurrogateKey>false</isSurrogateKey>
<indexColumnUsage>
<colUsage columnID="4A255C3D-FAA0-B56E-A9D5-BCF2DE6F1683"/>
<colUsage columnID="DB54E9DA-CBF4-6A4E-6A6F-8F1272BF171D"/>
<colUsage columnID="DB9196E3-FAE1-74C0-320A-2FF910C6FC48"/>
<colUsage columnID="E8C9CA17-88E3-495C-BC03-87F3BF861551"/>
</indexColumnUsage>
</ind_PK_UK>
<ind_PK_UK id="948BB777-A6E7-E46A-9E63-E1468C537A4C" name="UNDE_PK">
<sourceConnName>POLICIA</sourceConnName>
<sourceObjSchema>USR_REHU</sourceObjSchema>
<sourceObjName>UNDE_PK</sourceObjName>
<createdBy>Manuel</createdBy>
<createdTime>2016-01-11 03:41:06 UTC</createdTime>
<generatorID>Generado por el Usuario</generatorID>
<ownerDesignName>ERD_POLICIA</ownerDesignName>
<importedID>62A3E7F1-5BEA-9E00-6AE7-14424A853C29</importedID>
<indexState>Unique Plain Index</indexState>
<schemaObject>08A89F83-F1B6-076C-845F-07354A8D2081</schemaObject>
<isSurrogateKey>false</isSurrogateKey>
<indexColumnUsage>
<colUsage columnID="B764DAD6-1855-4EAD-8A37-FCAD767947B5"/>
<colUsage columnID="F6F05773-92EE-8132-AD3D-C0BD5E5218D8"/>
</indexColumnUsage>
</ind_PK_UK>
<ind_PK_UK id="AE521D92-5A0B-4D5E-C14B-B37AE2645135" name="UNDE_TIUN_FK_I">
<sourceConnName>POLICIA</sourceConnName>
<sourceObjSchema>USR_REHU</sourceObjSchema>
<sourceObjName>UNDE_TIUN_FK_I</sourceObjName>
<createdBy>Manuel</createdBy>
<createdTime>2016-01-11 03:41:06 UTC</createdTime>
<generatorID>Generado por el Usuario</generatorID>
<ownerDesignName>ERD_POLICIA</ownerDesignName>
<importedID>69E14AE3-C111-9734-E988-002981540702</importedID>
<schemaObject>08A89F83-F1B6-076C-845F-07354A8D2081</schemaObject>
<isSurrogateKey>false</isSurrogateKey>
<indexColumnUsage>
<colUsage columnID="1B386CB3-B70D-FB47-6D49-4B92B912C1DC"/>
</indexColumnUsage>
</ind_PK_UK>
<ind_PK_UK id="5DB81B1C-84F4-17FB-7033-F88FCA62116A" name="UNDE_UNDE_FK_I">
<sourceConnName>POLICIA</sourceConnName>
<sourceObjSchema>USR_REHU</sourceObjSchema>
<sourceObjName>UNDE_UNDE_FK_I</sourceObjName>
<createdBy>Manuel</createdBy>
<createdTime>2016-01-11 03:41:06 UTC</createdTime>
<generatorID>Generado por el Usuario</generatorID>
<ownerDesignName>ERD_POLICIA</ownerDesignName>
<importedID>C421A1A7-DBF7-BD9F-6935-3C3F3F23A635</importedID>
<schemaObject>08A89F83-F1B6-076C-845F-07354A8D2081</schemaObject>
<isSurrogateKey>false</isSurrogateKey>
<indexColumnUsage>
<colUsage columnID="E8C9CA17-88E3-495C-BC03-87F3BF861551"/>
<colUsage columnID="DB9196E3-FAE1-74C0-320A-2FF910C6FC48"/>
</indexColumnUsage>
</ind_PK_UK>
<ind_PK_UK id="C4789106-9E7D-BDA1-BB8F-092659FF87D8" name="UNDE_DEPE_CONS_I">
<sourceConnName>POLICIA</sourceConnName>
<sourceObjSchema>USR_REHU</sourceObjSchema>
<sourceObjName>UNDE_DEPE_CONS_I</sourceObjName>
<createdBy>Manuel</createdBy>
<createdTime>2016-01-11 03:41:06 UTC</createdTime>
<generatorID>Generado por el Usuario</generatorID>
<ownerDesignName>ERD_POLICIA</ownerDesignName>
<importedID>A494AF45-562E-4125-07BF-26ED880AB059</importedID>
<schemaObject>08A89F83-F1B6-076C-845F-07354A8D2081</schemaObject>
<isSurrogateKey>false</isSurrogateKey>
<indexColumnUsage>
<colUsage columnID="F6F05773-92EE-8132-AD3D-C0BD5E5218D8"/>
</indexColumnUsage>
</ind_PK_UK>
<ind_PK_UK id="1BAC60F8-490D-5975-E1BE-3F6DEE85D727" name="UNIDADES_DEPENDENCIA_IDX">
<sourceConnName>POLICIA</sourceConnName>
<sourceObjSchema>USR_REHU</sourceObjSchema>
<sourceObjName>UNIDADES_DEPENDENCIA_IDX</sourceObjName>
<createdBy>Manuel</createdBy>
<createdTime>2016-01-11 03:41:06 UTC</createdTime>
<generatorID>Generado por el Usuario</generatorID>
<ownerDesignName>ERD_POLICIA</ownerDesignName>
<importedID>65FBFE98-B120-D2D5-B444-019596C5F0CE</importedID>
<schemaObject>08A89F83-F1B6-076C-845F-07354A8D2081</schemaObject>
<isSurrogateKey>false</isSurrogateKey>
<indexColumnUsage>
<colUsage columnID="A24B76A3-894D-9CDB-2557-0E3C6F588DA3"/>
</indexColumnUsage>
</ind_PK_UK>
<ind_PK_UK id="F32583F2-A8ED-38AA-1A88-C4F384F7D764" name="UNIDADES_DEPENDENCIA__DESIDX">
<sourceConnName>POLICIA</sourceConnName>
<sourceObjSchema>USR_REHU</sourceObjSchema>
<sourceObjName>UNIDADES_DEPENDENCIA__DESIDX</sourceObjName>
<createdBy>Manuel</createdBy>
<createdTime>2016-01-11 03:41:06 UTC</createdTime>
<generatorID>Generado por el Usuario</generatorID>
<ownerDesignName>ERD_POLICIA</ownerDesignName>
<importedID>5B857F6D-6CE1-5247-A103-E82664C3A628</importedID>
<schemaObject>08A89F83-F1B6-076C-845F-07354A8D2081</schemaObject>
<isSurrogateKey>false</isSurrogateKey>
<indexColumnUsage>
<colUsage columnID="DB54E9DA-CBF4-6A4E-6A6F-8F1272BF171D"/>
</indexColumnUsage>
</ind_PK_UK>
<ind_PK_UK id="606251D2-9D4E-4447-8692-23D35DB10D35" name="UNDE_COSP_I">
<sourceConnName>POLICIA</sourceConnName>
<sourceObjSchema>USR_REHU</sourceObjSchema>
<sourceObjName>UNDE_COSP_I</sourceObjName>
<createdBy>Manuel</createdBy>
<createdTime>2016-01-11 03:41:06 UTC</createdTime>
<generatorID>Generado por el Usuario</generatorID>
<ownerDesignName>ERD_POLICIA</ownerDesignName>
<importedID>625650CF-4619-95CF-0EFC-635911AF132A</importedID>
<schemaObject>08A89F83-F1B6-076C-845F-07354A8D2081</schemaObject>
<isSurrogateKey>false</isSurrogateKey>
<indexColumnUsage>
<colUsage columnID="F6F05773-92EE-8132-AD3D-C0BD5E5218D8"/>
<colUsage columnID="A24B76A3-894D-9CDB-2557-0E3C6F588DA3"/>
</indexColumnUsage>
</ind_PK_UK>
<ind_PK_UK id="C8FC3891-9DAA-FA17-9742-DB2370C8EBBC" name="UDE_DEL_I">
<sourceConnName>POLICIA</sourceConnName>
<sourceObjSchema>USR_REHU</sourceObjSchema>
<sourceObjName>UDE_DEL_I</sourceObjName>
<createdBy>Manuel</createdBy>
<createdTime>2016-01-11 03:41:06 UTC</createdTime>
<generatorID>Generado por el Usuario</generatorID>
<ownerDesignName>ERD_POLICIA</ownerDesignName>
<importedID>6D9479AA-EE13-F733-8D86-275485DD2AC3</importedID>
<schemaObject>08A89F83-F1B6-076C-845F-07354A8D2081</schemaObject>
<isSurrogateKey>false</isSurrogateKey>
<indexColumnUsage>
<colUsage columnID="59A638C5-75CE-6BE5-566D-AC64651C5B77"/>
</indexColumnUsage>
</ind_PK_UK>
<ind_PK_UK id="2CFD93A2-E7B8-C6A7-88C1-980F8E13B6FF" name="UNDE_IDX_A">
<sourceConnName>POLICIA</sourceConnName>
<sourceObjSchema>USR_REHU</sourceObjSchema>
<sourceObjName>UNDE_IDX_A</sourceObjName>
<createdBy>Manuel</createdBy>
<createdTime>2016-01-11 03:41:06 UTC</createdTime>
<generatorID>Generado por el Usuario</generatorID>
<ownerDesignName>ERD_POLICIA</ownerDesignName>
<importedID>FB398F99-4A4A-1335-7596-B95F7703A250</importedID>
<schemaObject>08A89F83-F1B6-076C-845F-07354A8D2081</schemaObject>
<isSurrogateKey>false</isSurrogateKey>
<indexColumnUsage>
<colUsage columnID="59A638C5-75CE-6BE5-566D-AC64651C5B77"/>
<colUsage columnID="F6F05773-92EE-8132-AD3D-C0BD5E5218D8"/>
</indexColumnUsage>
</ind_PK_UK>
<ind_PK_UK id="D5849E68-2CFD-725C-A66C-1FCA7068EA06" name="UNID_DEP_I">
<sourceConnName>POLICIA</sourceConnName>
<sourceObjSchema>USR_REHU</sourceObjSchema>
<sourceObjName>UNID_DEP_I</sourceObjName>
<createdBy>Manuel</createdBy>
<createdTime>2016-01-11 03:41:06 UTC</createdTime>
<generatorID>Generado por el Usuario</generatorID>
<ownerDesignName>ERD_POLICIA</ownerDesignName>
<importedID>4A2F0DD2-9E44-890E-3EBB-4A39D24D754B</importedID>
<schemaObject>08A89F83-F1B6-076C-845F-07354A8D2081</schemaObject>
<isSurrogateKey>false</isSurrogateKey>
<indexColumnUsage>
<colUsage columnID="4A255C3D-FAA0-B56E-A9D5-BCF2DE6F1683"/>
</indexColumnUsage>
</ind_PK_UK>
<ind_PK_UK id="4629A77A-21F1-D74A-ABD2-1A78EBD92107" name="UNDE_IDX_B">
<sourceConnName>POLICIA</sourceConnName>
<sourceObjSchema>USR_REHU</sourceObjSchema>
<sourceObjName>UNDE_IDX_B</sourceObjName>
<createdBy>Manuel</createdBy>
<createdTime>2016-01-11 03:41:06 UTC</createdTime>
<generatorID>Generado por el Usuario</generatorID>
<ownerDesignName>ERD_POLICIA</ownerDesignName>
<importedID>9D47ACA7-442C-A16B-2B88-A06CCA0A1D66</importedID>
<schemaObject>08A89F83-F1B6-076C-845F-07354A8D2081</schemaObject>
<isSurrogateKey>false</isSurrogateKey>
<indexColumnUsage>
<colUsage columnID="59A638C5-75CE-6BE5-566D-AC64651C5B77"/>
<colUsage columnID="B764DAD6-1855-4EAD-8A37-FCAD767947B5"/>
<colUsage columnID="F6F05773-92EE-8132-AD3D-C0BD5E5218D8"/>
</indexColumnUsage>
</ind_PK_UK>
<ind_PK_UK id="3336C131-08F6-7D79-1FB5-A89F0744203B" name="UNIDADES_DEPENDENCIA_NIVEL_R_I">
<sourceConnName>POLICIA</sourceConnName>
<sourceObjSchema>USR_REHU</sourceObjSchema>
<sourceObjName>UNIDADES_DEPENDENCIA_NIVEL_R_I</sourceObjName>
<createdBy>Manuel</createdBy>
<createdTime>2016-01-11 03:41:06 UTC</createdTime>
<generatorID>Generado por el Usuario</generatorID>
<ownerDesignName>ERD_POLICIA</ownerDesignName>
<importedID>1404EC86-E854-D8D6-3337-A7CD9AB133D8</importedID>
<schemaObject>08A89F83-F1B6-076C-845F-07354A8D2081</schemaObject>
<isSurrogateKey>false</isSurrogateKey>
<indexColumnUsage>
<colUsage columnID="CC575802-9E90-F9FA-9406-92D7109BEFC8"/>
<colUsage columnID="B764DAD6-1855-4EAD-8A37-FCAD767947B5"/>
<colUsage columnID="F6F05773-92EE-8132-AD3D-C0BD5E5218D8"/>
</indexColumnUsage>
</ind_PK_UK>
<ind_PK_UK id="FED4AC1D-CC5F-E4FE-CD3A-DD9EC4487544" name="UNIDADES_DEPEN_FISICA_I">
<sourceConnName>POLICIA</sourceConnName>
<sourceObjSchema>USR_REHU</sourceObjSchema>
<sourceObjName>UNIDADES_DEPEN_FISICA_I</sourceObjName>
<createdBy>Manuel</createdBy>
<createdTime>2016-01-11 03:41:06 UTC</createdTime>
<generatorID>Generado por el Usuario</generatorID>
<ownerDesignName>ERD_POLICIA</ownerDesignName>
<importedID>3EE1CC61-D8B6-3BC5-4BAF-42735F1249CB</importedID>
<schemaObject>08A89F83-F1B6-076C-845F-07354A8D2081</schemaObject>
<isSurrogateKey>false</isSurrogateKey>
<indexColumnUsage>
<colUsage columnID="25C3BE61-33B7-0D18-B7B1-B4B0CCD11BD4"/>
</indexColumnUsage>
</ind_PK_UK>
<ind_PK_UK id="E84A0F0B-5CC5-5030-EAFD-72904545F46D" name="UNIDADES_DEPEN_DEPEN_I">
<sourceConnName>POLICIA</sourceConnName>
<sourceObjSchema>USR_REHU</sourceObjSchema>
<sourceObjName>UNIDADES_DEPEN_DEPEN_I</sourceObjName>
<createdBy>Manuel</createdBy>
<createdTime>2016-01-11 03:41:06 UTC</createdTime>
<generatorID>Generado por el Usuario</generatorID>
<ownerDesignName>ERD_POLICIA</ownerDesignName>
<importedID>361B732E-24D1-45C1-E78F-F3478D845F4A</importedID>
<schemaObject>08A89F83-F1B6-076C-845F-07354A8D2081</schemaObject>
<isSurrogateKey>false</isSurrogateKey>
<indexColumnUsage>
<colUsage columnID="D6DE271D-7597-F3BD-63AB-66D8B3B155BD"/>
</indexColumnUsage>
</ind_PK_UK>
<ind_PK_UK id="12D63B40-648D-527A-FA31-2C1DED9AE83C" name="UNDE_UNDE_FK">
<createdBy>Manuel</createdBy>
<createdTime>2016-01-11 03:41:06 UTC</createdTime>
<generatorID>Generado por el Usuario</generatorID>
<ownerDesignName>ERD_POLICIA</ownerDesignName>
<indexState>Foreign Key</indexState>
<isSurrogateKey>false</isSurrogateKey>
<indexColumnUsage>
<colUsage columnID="E8C9CA17-88E3-495C-BC03-87F3BF861551"/>
<colUsage columnID="DB9196E3-FAE1-74C0-320A-2FF910C6FC48"/>
</indexColumnUsage>
</ind_PK_UK>
</indexes>
<validTimeDimensions>
<validTimeDimension class="oracle.dbtools.crest.model.design.relational.ValidTimeDimension" name="SYS_STS2285LORE8C$6$X1CYNKJDQA" directorySegmentName="seg_0" id="1CBEFBBE-CA5B-A09E-6544-CCBC5B06169C">
<sourceConnName>POLICIA</sourceConnName>
<sourceObjSchema>UNIDADES_DEPENDENCIA</sourceObjSchema>
<sourceObjName>SYS_STS2285LORE8C$6$X1CYNKJDQA</sourceObjName>
<createdBy>Manuel</createdBy>
<createdTime>2016-01-11 03:41:06 UTC</createdTime>
<generatorID>Generado por el Usuario</generatorID>
<ownerDesignName>ERD_POLICIA</ownerDesignName>
<importedID>CE7913DA-281A-2F8F-AD45-1346A37FF8AC</importedID>
</validTimeDimension>
<validTimeDimension class="oracle.dbtools.crest.model.design.relational.ValidTimeDimension" name="SYS_STS92XRYUN$9KSW#XF7TTBJ6M7" directorySegmentName="seg_0" id="B444A476-41AB-948C-ACC3-2907392BC644">
<sourceConnName>POLICIA</sourceConnName>
<sourceObjSchema>UNIDADES_DEPENDENCIA</sourceObjSchema>
<sourceObjName>SYS_STS92XRYUN$9KSW#XF7TTBJ6M7</sourceObjName>
<createdBy>Manuel</createdBy>
<createdTime>2016-01-11 03:41:06 UTC</createdTime>
<generatorID>Generado por el Usuario</generatorID>
<ownerDesignName>ERD_POLICIA</ownerDesignName>
<importedID>381888FA-0E57-5036-57A4-F57F376166DE</importedID>
</validTimeDimension>
<validTimeDimension class="oracle.dbtools.crest.model.design.relational.ValidTimeDimension" name="SYS_STSE7A0IDJ2ZU2KIY4D5#5N26D" directorySegmentName="seg_0" id="D5CD6A93-F79F-DEDE-FCA7-DEEDC32BBD12">
<sourceConnName>POLICIA</sourceConnName>
<sourceObjSchema>UNIDADES_DEPENDENCIA</sourceObjSchema>
<sourceObjName>SYS_STSE7A0IDJ2ZU2KIY4D5#5N26D</sourceObjName>
<createdBy>Manuel</createdBy>
<createdTime>2016-01-11 03:41:06 UTC</createdTime>
<generatorID>Generado por el Usuario</generatorID>
<ownerDesignName>ERD_POLICIA</ownerDesignName>
<importedID>46318331-AA5F-F5AB-D78E-0E40572B9E95</importedID>
</validTimeDimension>
<validTimeDimension class="oracle.dbtools.crest.model.design.relational.ValidTimeDimension" name="SYS_STSGGKILC$NIHHV3QYD$QJJZWQ" directorySegmentName="seg_0" id="08CABF05-5AF9-C672-2597-034542D84978">
<sourceConnName>POLICIA</sourceConnName>
<sourceObjSchema>UNIDADES_DEPENDENCIA</sourceObjSchema>
<sourceObjName>SYS_STSGGKILC$NIHHV3QYD$QJJZWQ</sourceObjName>
<createdBy>Manuel</createdBy>
<createdTime>2016-01-11 03:41:06 UTC</createdTime>
<generatorID>Generado por el Usuario</generatorID>
<ownerDesignName>ERD_POLICIA</ownerDesignName>
<importedID>AE582C84-E122-16E2-9816-B842DE7CAB2E</importedID>
</validTimeDimension>
<validTimeDimension class="oracle.dbtools.crest.model.design.relational.ValidTimeDimension" name="SYS_STS68A$KFO8NMG0IW_67AIXTMF" directorySegmentName="seg_0" id="D13DA0DC-A15B-B5CC-60D1-3584D0024865">
<sourceConnName>POLICIA</sourceConnName>
<sourceObjSchema>UNIDADES_DEPENDENCIA</sourceObjSchema>
<sourceObjName>SYS_STS68A$KFO8NMG0IW_67AIXTMF</sourceObjName>
<createdBy>Manuel</createdBy>
<createdTime>2016-01-11 03:41:06 UTC</createdTime>
<generatorID>Generado por el Usuario</generatorID>
<ownerDesignName>ERD_POLICIA</ownerDesignName>
<importedID>E3EFBE79-D81D-2AF1-D3D2-275307BBC28E</importedID>
</validTimeDimension>
<validTimeDimension class="oracle.dbtools.crest.model.design.relational.ValidTimeDimension" name="SYS_STSBC5#O1BUTCIGLWS92#MFRL5" directorySegmentName="seg_0" id="1113CE64-8F8F-6E59-6CD7-4FFF5FB69823">
<sourceConnName>POLICIA</sourceConnName>
<sourceObjSchema>UNIDADES_DEPENDENCIA</sourceObjSchema>
<sourceObjName>SYS_STSBC5#O1BUTCIGLWS92#MFRL5</sourceObjName>
<createdBy>Manuel</createdBy>
<createdTime>2016-01-11 03:41:06 UTC</createdTime>
<generatorID>Generado por el Usuario</generatorID>
<ownerDesignName>ERD_POLICIA</ownerDesignName>
<importedID>A1DF49F8-D133-47CE-5D5C-C46D0E85854E</importedID>
</validTimeDimension>
<validTimeDimension class="oracle.dbtools.crest.model.design.relational.ValidTimeDimension" name="SYS_STS#WBY8R419TI$BOY2A41E$CU" directorySegmentName="seg_0" id="2C868071-C69A-0F47-29E7-958E62C38F04">
<sourceConnName>POLICIA</sourceConnName>
<sourceObjSchema>UNIDADES_DEPENDENCIA</sourceObjSchema>
<sourceObjName>SYS_STS#WBY8R419TI$BOY2A41E$CU</sourceObjName>
<createdBy>Manuel</createdBy>
<createdTime>2016-01-11 03:41:06 UTC</createdTime>
<generatorID>Generado por el Usuario</generatorID>
<ownerDesignName>ERD_POLICIA</ownerDesignName>
<importedID>479A96E4-4403-A52E-1275-DDD44FA690B4</importedID>
</validTimeDimension>
<validTimeDimension class="oracle.dbtools.crest.model.design.relational.ValidTimeDimension" name="SYS_STSZB6K3D279VHKHBJ$FDTQ1#I" directorySegmentName="seg_0" id="064D1EB1-B982-D75C-42EC-0D46CCBB6B3E">
<sourceConnName>POLICIA</sourceConnName>
<sourceObjSchema>UNIDADES_DEPENDENCIA</sourceObjSchema>
<sourceObjName>SYS_STSZB6K3D279VHKHBJ$FDTQ1#I</sourceObjName>
<createdBy>Manuel</createdBy>
<createdTime>2016-01-11 03:41:06 UTC</createdTime>
<generatorID>Generado por el Usuario</generatorID>
<ownerDesignName>ERD_POLICIA</ownerDesignName>
<importedID>190EEABB-94E4-DBA8-DC63-5ECF5E0FA982</importedID>
</validTimeDimension>
<validTimeDimension class="oracle.dbtools.crest.model.design.relational.ValidTimeDimension" name="SYS_STSFD1FLD01_B_V$$O14EX7DKO" directorySegmentName="seg_0" id="676597E5-8B9F-FD75-3242-E9501FBCC9B4">
<sourceConnName>POLICIA</sourceConnName>
<sourceObjSchema>UNIDADES_DEPENDENCIA</sourceObjSchema>
<sourceObjName>SYS_STSFD1FLD01_B_V$$O14EX7DKO</sourceObjName>
<createdBy>Manuel</createdBy>
<createdTime>2016-01-11 03:41:06 UTC</createdTime>
<generatorID>Generado por el Usuario</generatorID>
<ownerDesignName>ERD_POLICIA</ownerDesignName>
<importedID>C111C04F-BA0D-8AEE-1D7E-E9F900F31BA7</importedID>
</validTimeDimension>
<validTimeDimension class="oracle.dbtools.crest.model.design.relational.ValidTimeDimension" name="SYS_STS3OI_VJSPS23EQJFP0MG09JT" directorySegmentName="seg_0" id="A807D8B0-757C-4FB5-F9B8-CC94651114A8">
<sourceConnName>POLICIA</sourceConnName>
<sourceObjSchema>UNIDADES_DEPENDENCIA</sourceObjSchema>
<sourceObjName>SYS_STS3OI_VJSPS23EQJFP0MG09JT</sourceObjName>
<createdBy>Manuel</createdBy>
<createdTime>2016-01-11 03:41:06 UTC</createdTime>
<generatorID>Generado por el Usuario</generatorID>
<ownerDesignName>ERD_POLICIA</ownerDesignName>
<importedID>AD90D773-B5F6-6635-F4FC-0EC3E114FC8D</importedID>
</validTimeDimension>
<validTimeDimension class="oracle.dbtools.crest.model.design.relational.ValidTimeDimension" name="SYS_STS5S8B14MECTOB892JS8C1A6S" directorySegmentName="seg_0" id="9EE15807-54B5-2761-A6B2-40B9E3A550BA">
<sourceConnName>POLICIA</sourceConnName>
<sourceObjSchema>UNIDADES_DEPENDENCIA</sourceObjSchema>
<sourceObjName>SYS_STS5S8B14MECTOB892JS8C1A6S</sourceObjName>
<createdBy>Manuel</createdBy>
<createdTime>2016-01-11 03:41:06 UTC</createdTime>
<generatorID>Generado por el Usuario</generatorID>
<ownerDesignName>ERD_POLICIA</ownerDesignName>
<importedID>DB6439BC-C8CB-6AA6-C0D9-198EA90583D6</importedID>
</validTimeDimension>
<validTimeDimension class="oracle.dbtools.crest.model.design.relational.ValidTimeDimension" name="SYS_STS#MIZ8R9EG_ZJVSE_FVD6JJQ" directorySegmentName="seg_0" id="47C47C4D-DCFB-26E1-4D59-4477C85D056B">
<sourceConnName>POLICIA</sourceConnName>
<sourceObjSchema>UNIDADES_DEPENDENCIA</sourceObjSchema>
<sourceObjName>SYS_STS#MIZ8R9EG_ZJVSE_FVD6JJQ</sourceObjName>
<createdBy>Manuel</createdBy>
<createdTime>2016-01-11 03:41:06 UTC</createdTime>
<generatorID>Generado por el Usuario</generatorID>
<ownerDesignName>ERD_POLICIA</ownerDesignName>
<importedID>A887E8CD-E407-3DA1-E89B-DCAFDE534FFF</importedID>
</validTimeDimension>
<validTimeDimension class="oracle.dbtools.crest.model.design.relational.ValidTimeDimension" name="SYS_STSGQGC1YPIMIVCZW41SGRYHGG" directorySegmentName="seg_0" id="8D6CD80F-9054-86D0-5988-DA8F6435ACC2">
<sourceConnName>POLICIA</sourceConnName>
<sourceObjSchema>UNIDADES_DEPENDENCIA</sourceObjSchema>
<sourceObjName>SYS_STSGQGC1YPIMIVCZW41SGRYHGG</sourceObjName>
<createdBy>Manuel</createdBy>
<createdTime>2016-01-11 03:41:06 UTC</createdTime>
<generatorID>Generado por el Usuario</generatorID>
<ownerDesignName>ERD_POLICIA</ownerDesignName>
<importedID>55228C72-A350-EEF2-3E87-CCADD5A0309B</importedID>
</validTimeDimension>
<validTimeDimension class="oracle.dbtools.crest.model.design.relational.ValidTimeDimension" name="SYS_STSKYFUI4_F$EF5$K2UK3_5IV7" directorySegmentName="seg_0" id="235F7E9C-8FB7-985D-A676-B37F093F4396">
<sourceConnName>POLICIA</sourceConnName>
<sourceObjSchema>UNIDADES_DEPENDENCIA</sourceObjSchema>
<sourceObjName>SYS_STSKYFUI4_F$EF5$K2UK3_5IV7</sourceObjName>
<createdBy>Manuel</createdBy>
<createdTime>2016-01-11 03:41:06 UTC</createdTime>
<generatorID>Generado por el Usuario</generatorID>
<ownerDesignName>ERD_POLICIA</ownerDesignName>
<importedID>60DA4AED-7C01-313B-2389-CA731A488441</importedID>
</validTimeDimension>
<validTimeDimension class="oracle.dbtools.crest.model.design.relational.ValidTimeDimension" name="SYS_STSHJ7TTWRN8Z1X5G69FFZ1GNC" directorySegmentName="seg_0" id="94174422-A508-6CA3-A556-DD93F6FECDCB">
<sourceConnName>POLICIA</sourceConnName>
<sourceObjSchema>UNIDADES_DEPENDENCIA</sourceObjSchema>
<sourceObjName>SYS_STSHJ7TTWRN8Z1X5G69FFZ1GNC</sourceObjName>
<createdBy>Manuel</createdBy>
<createdTime>2016-01-11 03:41:06 UTC</createdTime>
<generatorID>Generado por el Usuario</generatorID>
<ownerDesignName>ERD_POLICIA</ownerDesignName>
<importedID>89ACF78F-6B27-CB89-E719-77DF81E44B80</importedID>
</validTimeDimension>
<validTimeDimension class="oracle.dbtools.crest.model.design.relational.ValidTimeDimension" name="SYS_STSMJEX9$M7O6HIJVXTHRSC#V5" directorySegmentName="seg_0" id="24615863-920F-5186-6ADE-6BF352518073">
<sourceConnName>POLICIA</sourceConnName>
<sourceObjSchema>UNIDADES_DEPENDENCIA</sourceObjSchema>
<sourceObjName>SYS_STSMJEX9$M7O6HIJVXTHRSC#V5</sourceObjName>
<createdBy>Manuel</createdBy>
<createdTime>2016-01-11 03:41:06 UTC</createdTime>
<generatorID>Generado por el Usuario</generatorID>
<ownerDesignName>ERD_POLICIA</ownerDesignName>
<importedID>968BA834-954A-F05D-FA46-3BC96FA7B864</importedID>
</validTimeDimension>
<validTimeDimension class="oracle.dbtools.crest.model.design.relational.ValidTimeDimension" name="SYS_STSMDBRBY4Y4IN2STR7RV7JEBU" directorySegmentName="seg_0" id="7A8E754D-A0BE-7777-BF16-84D7BA6CAD73">
<sourceConnName>POLICIA</sourceConnName>
<sourceObjSchema>UNIDADES_DEPENDENCIA</sourceObjSchema>
<sourceObjName>SYS_STSMDBRBY4Y4IN2STR7RV7JEBU</sourceObjName>
<createdBy>Manuel</createdBy>
<createdTime>2016-01-11 03:41:06 UTC</createdTime>
<generatorID>Generado por el Usuario</generatorID>
<ownerDesignName>ERD_POLICIA</ownerDesignName>
<importedID>DD6715C3-438D-3986-0E4F-490956CFA300</importedID>
</validTimeDimension>
<validTimeDimension class="oracle.dbtools.crest.model.design.relational.ValidTimeDimension" name="SYS_STSBB6ZB6BY9470D1HKYK3QJI4" directorySegmentName="seg_0" id="BFC607C5-31BF-2815-008A-8B533D25D8A2">
<sourceConnName>POLICIA</sourceConnName>
<sourceObjSchema>UNIDADES_DEPENDENCIA</sourceObjSchema>
<sourceObjName>SYS_STSBB6ZB6BY9470D1HKYK3QJI4</sourceObjName>
<createdBy>Manuel</createdBy>
<createdTime>2016-01-11 03:41:06 UTC</createdTime>
<generatorID>Generado por el Usuario</generatorID>
<ownerDesignName>ERD_POLICIA</ownerDesignName>
<importedID>F8920666-0CF9-A93D-8C98-949DA5803D3C</importedID>
</validTimeDimension>
<validTimeDimension class="oracle.dbtools.crest.model.design.relational.ValidTimeDimension" name="SYS_STSJR6NFMD8RK2X1B2C56AAPMC" directorySegmentName="seg_0" id="FBE77079-C82E-8BC7-FC24-C6884F7E490B">
<sourceConnName>POLICIA</sourceConnName>
<sourceObjSchema>UNIDADES_DEPENDENCIA</sourceObjSchema>
<sourceObjName>SYS_STSJR6NFMD8RK2X1B2C56AAPMC</sourceObjName>
<createdBy>Manuel</createdBy>
<createdTime>2016-01-11 03:41:06 UTC</createdTime>
<generatorID>Generado por el Usuario</generatorID>
<ownerDesignName>ERD_POLICIA</ownerDesignName>
<importedID>579DD8C0-439C-ED61-9DEA-B0DC9159C120</importedID>
</validTimeDimension>
<validTimeDimension class="oracle.dbtools.crest.model.design.relational.ValidTimeDimension" name="SYS_STSO47SSL1YUCHI670Z7AZPFOS" directorySegmentName="seg_0" id="E59D37F4-96F0-08B5-03B9-A89B3D185ADB">
<sourceConnName>POLICIA</sourceConnName>
<sourceObjSchema>UNIDADES_DEPENDENCIA</sourceObjSchema>
<sourceObjName>SYS_STSO47SSL1YUCHI670Z7AZPFOS</sourceObjName>
<createdBy>Manuel</createdBy>
<createdTime>2016-01-11 03:41:06 UTC</createdTime>
<generatorID>Generado por el Usuario</generatorID>
<ownerDesignName>ERD_POLICIA</ownerDesignName>
<importedID>2D818319-4E62-ED50-F5CD-E7C1339FA867</importedID>
</validTimeDimension>
</validTimeDimensions>
</Table>