<?xml version = '1.0' encoding = 'UTF-8'?>
<Table class="oracle.dbtools.crest.model.design.relational.Table" directorySegmentName="seg_0" id="C830E9DD-E234-7847-0E7A-51602FE3CBC8" name="SIEDU_NECESIDAD">
<sourceConnName>POLICIA</sourceConnName>
<sourceObjSchema>USR_DISIGAC2</sourceObjSchema>
<sourceObjName>SIEDU_NECESIDAD</sourceObjName>
<createdBy>Manuel</createdBy>
<createdTime>2016-01-07 04:31:10 UTC</createdTime>
<commentInRDBMS>Tabla correspondiente a las necesidades de cupos a ser tenidas en cuenta en la planeación</commentInRDBMS>
<generatorID>Generado por el Usuario</generatorID>
<ownerDesignName>ERD_POLICIA</ownerDesignName>
<schemaObject>ED8B0381-61E9-98DB-D254-F5EC1AB94C4F</schemaObject>
<allowColumnReorder>false</allowColumnReorder>
<existDependencyGenerateInDDl>true</existDependencyGenerateInDDl>
<columns itemClass="oracle.dbtools.crest.model.design.relational.Column">
<Column name="nece_nece" id="F7D536E1-6E5A-6ED9-E899-AD9DC089C70F">
<sourceConnName>POLICIA</sourceConnName>
<sourceObjSchema>SIEDU_NECESIDAD</sourceObjSchema>
<sourceObjName>ID_NECESIDAD</sourceObjName>
<createdBy>Manuel</createdBy>
<createdTime>2016-01-07 04:31:30 UTC</createdTime>
<commentInRDBMS>Secuencial de creación del registro de necesidad</commentInRDBMS>
<generatorID>Generado por el Usuario</generatorID>
<ownerDesignName>ERD_POLICIA</ownerDesignName>
<useDomainConstraints>false</useDomainConstraints>
<use>1</use>
<logicalDatatype>LOGDT019</logicalDatatype>
<dataTypePrecision>6</dataTypePrecision>
<autoIncrementCycle>false</autoIncrementCycle>
</Column>
<Column name="nece_pae" id="CEDE987D-D19A-C176-5C00-0C52332748A3">
<createdBy>Manuel</createdBy>
<createdTime>2016-01-11 02:07:01 UTC</createdTime>
<commentInRDBMS>Identificador del PAE al que corresponde la necesidad</commentInRDBMS>
<generatorID>Generado por el Usuario</generatorID>
<ownerDesignName>ERD_POLICIA</ownerDesignName>
<useDomainConstraints>false</useDomainConstraints>
<use>1</use>
<logicalDatatype>LOGDT019</logicalDatatype>
<dataTypePrecision>6</dataTypePrecision>
<delegate>D4EB1715-0A09-BFB9-BFBC-D7849F8F6054</delegate>
<previousColumn>false</previousColumn>
<autoIncrementCycle>false</autoIncrementCycle>
<associations>
<colAssociation fkAssociation="061D9CAC-C3C4-16E2-297F-9FF60C974870" referredColumn="D4EB1715-0A09-BFB9-BFBC-D7849F8F6054"/>
</associations>
</Column>
<Column name="nece_ude_fuerza_region" id="CDDB1FD1-65C0-AB30-6DD7-7DCF1F8A8E8A">
<sourceConnName>POLICIA</sourceConnName>
<sourceObjSchema>SIEDU_NECESIDAD</sourceObjSchema>
<sourceObjName>CARRERAS_FUERZA</sourceObjName>
<createdBy>Manuel</createdBy>
<createdTime>2016-01-07 04:31:31 UTC</createdTime>
<commentInRDBMS>Identificador de la Fuerza de la Región</commentInRDBMS>
<generatorID>Generado por el Usuario</generatorID>
<ownerDesignName>ERD_POLICIA</ownerDesignName>
<useDomainConstraints>false</useDomainConstraints>
<use>1</use>
<logicalDatatype>LOGDT019</logicalDatatype>
<dataTypePrecision>1</dataTypePrecision>
<delegate>B764DAD6-1855-4EAD-8A37-FCAD767947B5</delegate>
<autoIncrementCycle>false</autoIncrementCycle>
<associations>
<colAssociation fkAssociation="542A74FB-C6CC-35F0-02B3-BB5CCA820CD1" referredColumn="B764DAD6-1855-4EAD-8A37-FCAD767947B5"/>
</associations>
</Column>
<Column name="nece_ude_region" id="78B0A632-E4C5-50C3-C66F-C81BCD6A6576">
<sourceConnName>POLICIA</sourceConnName>
<sourceObjSchema>SIEDU_NECESIDAD</sourceObjSchema>
<sourceObjName>UNID_DEPEN_ID_REGION</sourceObjName>
<createdBy>Manuel</createdBy>
<createdTime>2016-01-07 04:31:30 UTC</createdTime>
<commentInRDBMS>Identificador de la Región a la que corresponde la necesidad. Unidades_Dependencia (REGION)</commentInRDBMS>
<generatorID>Generado por el Usuario</generatorID>
<ownerDesignName>ERD_POLICIA</ownerDesignName>
<useDomainConstraints>false</useDomainConstraints>
<use>1</use>
<logicalDatatype>LOGDT019</logicalDatatype>
<delegate>F6F05773-92EE-8132-AD3D-C0BD5E5218D8</delegate>
<autoIncrementCycle>false</autoIncrementCycle>
<associations>
<colAssociation fkAssociation="542A74FB-C6CC-35F0-02B3-BB5CCA820CD1" referredColumn="F6F05773-92EE-8132-AD3D-C0BD5E5218D8"/>
</associations>
</Column>
<Column name="nece_ude_fuerza_ufisi" id="3DC6235A-ED30-8030-9F6B-6ECA83E3D662">
<createdBy>itc</createdBy>
<createdTime>2016-04-08 18:02:03 UTC</createdTime>
<commentInRDBMS>Identificador de Fuerza de la Unidad Física a la que corresponde la necesidad.</commentInRDBMS>
<generatorID>Generado por el Usuario</generatorID>
<ownerDesignName>ERD_POLICIA</ownerDesignName>
<useDomainConstraints>false</useDomainConstraints>
<use>1</use>
<logicalDatatype>LOGDT019</logicalDatatype>
<dataTypePrecision>1</dataTypePrecision>
<delegate>B764DAD6-1855-4EAD-8A37-FCAD767947B5</delegate>
<previousColumn>false</previousColumn>
<autoIncrementCycle>false</autoIncrementCycle>
<associations>
<colAssociation fkAssociation="5D5A1A72-850F-30BB-B025-718CBD7FA9A4" referredColumn="B764DAD6-1855-4EAD-8A37-FCAD767947B5"/>
</associations>
</Column>
<Column name="nece_ude_ufisi" id="FD15734E-0D92-1722-9FD9-676F3EE83671">
<sourceConnName>POLICIA</sourceConnName>
<sourceObjSchema>SIEDU_NECESIDAD</sourceObjSchema>
<sourceObjName>UNID_DEPEN_ID_UNI_FISI</sourceObjName>
<createdBy>Manuel</createdBy>
<createdTime>2016-01-07 04:31:31 UTC</createdTime>
<commentInRDBMS>Identificador de la Unidad Física a la que corresponde la necesidad. Unidades_Dependencia ( DIRECCION, OFICINA ASESORA, DEPARTAMENTO DE POLICIA, METROPOLITANA, ESCUELA, REGION)</commentInRDBMS>
<generatorID>Generado por el Usuario</generatorID>
<ownerDesignName>ERD_POLICIA</ownerDesignName>
<useDomainConstraints>false</useDomainConstraints>
<use>1</use>
<logicalDatatype>LOGDT019</logicalDatatype>
<delegate>F6F05773-92EE-8132-AD3D-C0BD5E5218D8</delegate>
<autoIncrementCycle>false</autoIncrementCycle>
<associations>
<colAssociation fkAssociation="5D5A1A72-850F-30BB-B025-718CBD7FA9A4" referredColumn="F6F05773-92EE-8132-AD3D-C0BD5E5218D8"/>
</associations>
</Column>
<Column name="nece_ude_fuerza_udepe" id="D6EF2581-8255-5566-C4F6-F114EC361B60">
<createdBy>itc</createdBy>
<createdTime>2016-04-08 18:04:00 UTC</createdTime>
<commentInRDBMS>Identificador de Fuerza de la Unidad Depende a la que corresponde la necesidad.</commentInRDBMS>
<generatorID>Generado por el Usuario</generatorID>
<ownerDesignName>ERD_POLICIA</ownerDesignName>
<useDomainConstraints>false</useDomainConstraints>
<use>1</use>
<logicalDatatype>LOGDT019</logicalDatatype>
<dataTypePrecision>1</dataTypePrecision>
<delegate>B764DAD6-1855-4EAD-8A37-FCAD767947B5</delegate>
<previousColumn>false</previousColumn>
<autoIncrementCycle>false</autoIncrementCycle>
<associations>
<colAssociation fkAssociation="A36A4B9A-FBB8-C226-D658-4F066552F837" referredColumn="B764DAD6-1855-4EAD-8A37-FCAD767947B5"/>
</associations>
</Column>
<Column name="nece_ude_udepe" id="D508083B-3590-1B67-8041-3C61B4620F6F">
<sourceConnName>POLICIA</sourceConnName>
<sourceObjSchema>SIEDU_NECESIDAD</sourceObjSchema>
<sourceObjName>UNID_DEPEN_ID_UNI_DEPE</sourceObjName>
<createdBy>Manuel</createdBy>
<createdTime>2016-01-07 04:31:31 UTC</createdTime>
<commentInRDBMS>Identificador de la Unidad Depende a la que corresponde la necesidad. Unidades_Dependencia ( DIRECCION, OFICINA ASESORA )</commentInRDBMS>
<generatorID>Generado por el Usuario</generatorID>
<ownerDesignName>ERD_POLICIA</ownerDesignName>
<useDomainConstraints>false</useDomainConstraints>
<use>1</use>
<logicalDatatype>LOGDT019</logicalDatatype>
<delegate>F6F05773-92EE-8132-AD3D-C0BD5E5218D8</delegate>
<autoIncrementCycle>false</autoIncrementCycle>
<associations>
<colAssociation fkAssociation="A36A4B9A-FBB8-C226-D658-4F066552F837" referredColumn="F6F05773-92EE-8132-AD3D-C0BD5E5218D8"/>
</associations>
</Column>
<Column name="nece_fuerza_carrera" id="84437D82-0D7B-86B0-303C-E3E0B59E54BF">
<createdBy>itc</createdBy>
<createdTime>2016-04-08 17:59:13 UTC</createdTime>
<commentInRDBMS>Identificador de Fuerza de la Carrera</commentInRDBMS>
<generatorID>Generado por el Usuario</generatorID>
<ownerDesignName>ERD_POLICIA</ownerDesignName>
<useDomainConstraints>false</useDomainConstraints>
<use>1</use>
<logicalDatatype>LOGDT019</logicalDatatype>
<dataTypePrecision>1</dataTypePrecision>
<delegate>87B54D08-B9C8-A076-9C56-7B32B0EB19A2</delegate>
<previousColumn>false</previousColumn>
<autoIncrementCycle>false</autoIncrementCycle>
<associations>
<colAssociation fkAssociation="302B486E-6AE0-B74E-DCE8-EB6B7FA94567" referredColumn="87B54D08-B9C8-A076-9C56-7B32B0EB19A2"/>
</associations>
</Column>
<Column name="nece_id_carrera" id="321F3E3D-BD86-3D15-D144-91101FA46E82">
<sourceConnName>POLICIA</sourceConnName>
<sourceObjSchema>SIEDU_NECESIDAD</sourceObjSchema>
<sourceObjName>CARRERAS_ID_CARRERA</sourceObjName>
<createdBy>Manuel</createdBy>
<createdTime>2016-01-07 04:31:31 UTC</createdTime>
<commentInRDBMS>Identificador de la Carrera</commentInRDBMS>
<generatorID>Generado por el Usuario</generatorID>
<ownerDesignName>ERD_POLICIA</ownerDesignName>
<useDomainConstraints>false</useDomainConstraints>
<use>1</use>
<logicalDatatype>LOGDT019</logicalDatatype>
<delegate>E2D7CB4E-EEA8-FE40-00DA-B42416FA6E81</delegate>
<autoIncrementCycle>false</autoIncrementCycle>
<associations>
<colAssociation fkAssociation="302B486E-6AE0-B74E-DCE8-EB6B7FA94567" referredColumn="E2D7CB4E-EEA8-FE40-00DA-B42416FA6E81"/>
</associations>
</Column>
<Column name="nece_nro" id="2A30B3B4-625B-0DB1-383D-BF9560F40E73">
<sourceConnName>POLICIA</sourceConnName>
<sourceObjSchema>SIEDU_NECESIDAD</sourceObjSchema>
<sourceObjName>NECESIDA_TOTAL</sourceObjName>
<createdBy>Manuel</createdBy>
<createdTime>2016-01-07 04:31:31 UTC</createdTime>
<commentInRDBMS>Número de cupos necesarios</commentInRDBMS>
<generatorID>Generado por el Usuario</generatorID>
<ownerDesignName>ERD_POLICIA</ownerDesignName>
<useDomainConstraints>false</useDomainConstraints>
<use>1</use>
<logicalDatatype>LOGDT019</logicalDatatype>
<dataTypePrecision>6</dataTypePrecision>
<autoIncrementCycle>false</autoIncrementCycle>
</Column>
<Column name="nece_estado" id="20791383-3D5D-983A-6A1D-38F9E80BB38B">
<sourceConnName>POLICIA</sourceConnName>
<sourceObjSchema>SIEDU_NECESIDAD</sourceObjSchema>
<sourceObjName>CERRADO</sourceObjName>
<createdBy>Manuel</createdBy>
<createdTime>2016-01-07 04:31:31 UTC</createdTime>
<comment>Estado P-Pendiente, A-Aprobado, N-No aprobado</comment>
<commentInRDBMS>Estado de registro de necesidad. A-Aprobado, P-Pendiente, N-No aprobado.</commentInRDBMS>
<generatorID>Generado por el Usuario</generatorID>
<ownerDesignName>ERD_POLICIA</ownerDesignName>
<useDomainConstraints>false</useDomainConstraints>
<use>1</use>
<logicalDatatype>LOGDT024</logicalDatatype>
<dataTypeSize>1</dataTypeSize>
<autoIncrementCycle>false</autoIncrementCycle>
</Column>
<Column name="nece_dom_proce" id="519AE257-F3C5-4926-8CE5-86E74B7CD6F4">
<createdBy>Manuel</createdBy>
<createdTime>2016-01-24 17:22:58 UTC</createdTime>
<commentInRDBMS>Proceso ( DOMINIO PROCESO )</commentInRDBMS>
<generatorID>Generado por el Usuario</generatorID>
<ownerDesignName>ERD_POLICIA</ownerDesignName>
<nullsAllowed>true</nullsAllowed>
<useDomainConstraints>false</useDomainConstraints>
<use>1</use>
<logicalDatatype>LOGDT019</logicalDatatype>
<dataTypePrecision>4</dataTypePrecision>
<autoIncrementCycle>false</autoIncrementCycle>
</Column>
<Column name="nece_dom_estra" id="195AAC23-2803-3D61-6F41-5C10A9BFF005">
<createdBy>Manuel</createdBy>
<createdTime>2016-01-24 17:23:24 UTC</createdTime>
<commentInRDBMS>Estrategia ( DOMINIO ESTRATEGIA )</commentInRDBMS>
<generatorID>Generado por el Usuario</generatorID>
<ownerDesignName>ERD_POLICIA</ownerDesignName>
<nullsAllowed>true</nullsAllowed>
<useDomainConstraints>false</useDomainConstraints>
<use>1</use>
<logicalDatatype>LOGDT019</logicalDatatype>
<dataTypePrecision>4</dataTypePrecision>
<autoIncrementCycle>false</autoIncrementCycle>
</Column>
<Column name="nece_origen" id="99B950DE-503A-A935-533F-80E46A4BF4C8">
<sourceConnName>POLICIA</sourceConnName>
<sourceObjSchema>SIEDU_NECESIDAD</sourceObjSchema>
<sourceObjName>EXTERNO</sourceObjName>
<createdBy>Manuel</createdBy>
<createdTime>2016-01-07 04:31:31 UTC</createdTime>
<commentInRDBMS>Orígen del registro, puede ser la DITAH, o el correspondiente al usuario que realice la inserción.</commentInRDBMS>
<generatorID>Generado por el Usuario</generatorID>
<ownerDesignName>ERD_POLICIA</ownerDesignName>
<useDomainConstraints>false</useDomainConstraints>
<use>1</use>
<logicalDatatype>LOGDT024</logicalDatatype>
<dataTypeSize>10</dataTypeSize>
<autoIncrementCycle>false</autoIncrementCycle>
</Column>
<Column name="nece_nove" id="16B426A4-A2AE-2718-B9A0-8DE82F586268">
<createdBy>Manuel</createdBy>
<createdTime>2016-01-28 02:42:19 UTC</createdTime>
<commentInRDBMS>Identificador de la novedad que relaciona el acto administrativo que soporta el registro de necesidad.</commentInRDBMS>
<generatorID>Generado por el Usuario</generatorID>
<ownerDesignName>ERD_POLICIA</ownerDesignName>
<useDomainConstraints>false</useDomainConstraints>
<use>1</use>
<logicalDatatype>LOGDT019</logicalDatatype>
<dataTypePrecision>4</dataTypePrecision>
<delegate>DA890413-A315-F7B0-F013-FD981062E38A</delegate>
<previousColumn>false</previousColumn>
<autoIncrementCycle>false</autoIncrementCycle>
<associations>
<colAssociation fkAssociation="A736B7C6-772A-BDE4-4ED4-69CBCEE14457" referredColumn="DA890413-A315-F7B0-F013-FD981062E38A"/>
</associations>
</Column>
</columns>
<indexes itemClass="oracle.dbtools.crest.model.design.relational.Index">
<ind_PK_UK id="8A277A48-7D97-8772-4E91-4E868C700866" name="SIEDU_NECESIDAD_PK">
<sourceConnName>POLICIA</sourceConnName>
<sourceObjSchema>USR_DISIGAC2</sourceObjSchema>
<sourceObjName>SIEDU_NECESIDAD_PK</sourceObjName>
<createdBy>Manuel</createdBy>
<createdTime>2016-01-07 04:31:41 UTC</createdTime>
<generatorID>Generado por el Usuario</generatorID>
<ownerDesignName>ERD_POLICIA</ownerDesignName>
<pk>true</pk>
<indexState>Primary Constraint</indexState>
<isSurrogateKey>false</isSurrogateKey>
<indexColumnUsage>
<colUsage columnID="F7D536E1-6E5A-6ED9-E899-AD9DC089C70F"/>
</indexColumnUsage>
</ind_PK_UK>
<ind_PK_UK id="914A74E0-93BF-4C5C-33AF-AAAE8EFBA171" name="SIEDU_NECESID_UK">
<sourceConnName>POLICIA</sourceConnName>
<sourceObjSchema>USR_DISIGAC2</sourceObjSchema>
<sourceObjName>SIEDU_NECESID_UK</sourceObjName>
<createdBy>Manuel</createdBy>
<createdTime>2016-01-07 04:31:41 UTC</createdTime>
<generatorID>Generado por el Usuario</generatorID>
<ownerDesignName>ERD_POLICIA</ownerDesignName>
<indexState>Unique Constraint</indexState>
<isSurrogateKey>false</isSurrogateKey>
<indexColumnUsage>
<colUsage columnID="CDDB1FD1-65C0-AB30-6DD7-7DCF1F8A8E8A"/>
<colUsage columnID="78B0A632-E4C5-50C3-C66F-C81BCD6A6576"/>
<colUsage columnID="3DC6235A-ED30-8030-9F6B-6ECA83E3D662"/>
<colUsage columnID="FD15734E-0D92-1722-9FD9-676F3EE83671"/>
<colUsage columnID="D6EF2581-8255-5566-C4F6-F114EC361B60"/>
<colUsage columnID="D508083B-3590-1B67-8041-3C61B4620F6F"/>
<colUsage columnID="84437D82-0D7B-86B0-303C-E3E0B59E54BF"/>
<colUsage columnID="321F3E3D-BD86-3D15-D144-91101FA46E82"/>
</indexColumnUsage>
</ind_PK_UK>
<ind_PK_UK id="3419772A-E3B2-A5FE-21C6-220F9F86EEA6" name="SIEDU_NECESIDAD_PK">
<sourceConnName>POLICIA</sourceConnName>
<sourceObjSchema>USR_DISIGAC2</sourceObjSchema>
<sourceObjName>SIEDU_NECESIDAD_PK</sourceObjName>
<createdBy>Manuel</createdBy>
<createdTime>2016-01-07 04:31:34 UTC</createdTime>
<generatorID>Generado por el Usuario</generatorID>
<ownerDesignName>ERD_POLICIA</ownerDesignName>
<indexState>Unique Plain Index</indexState>
<schemaObject>ED8B0381-61E9-98DB-D254-F5EC1AB94C4F</schemaObject>
<isSurrogateKey>false</isSurrogateKey>
<indexColumnUsage>
<colUsage columnID="F7D536E1-6E5A-6ED9-E899-AD9DC089C70F"/>
</indexColumnUsage>
</ind_PK_UK>
<ind_PK_UK id="79852322-D7E0-F79A-C36E-D5E44E81CB93" name="SIEDU_NECESID_UK">
<sourceConnName>POLICIA</sourceConnName>
<sourceObjSchema>USR_DISIGAC2</sourceObjSchema>
<sourceObjName>SIEDU_NECESID_UK</sourceObjName>
<createdBy>Manuel</createdBy>
<createdTime>2016-01-07 04:31:34 UTC</createdTime>
<generatorID>Generado por el Usuario</generatorID>
<ownerDesignName>ERD_POLICIA</ownerDesignName>
<indexState>Unique Plain Index</indexState>
<schemaObject>ED8B0381-61E9-98DB-D254-F5EC1AB94C4F</schemaObject>
<isSurrogateKey>false</isSurrogateKey>
<indexColumnUsage>
<colUsage columnID="78B0A632-E4C5-50C3-C66F-C81BCD6A6576"/>
<colUsage columnID="FD15734E-0D92-1722-9FD9-676F3EE83671"/>
<colUsage columnID="D508083B-3590-1B67-8041-3C61B4620F6F"/>
<colUsage columnID="321F3E3D-BD86-3D15-D144-91101FA46E82"/>
<colUsage columnID="CDDB1FD1-65C0-AB30-6DD7-7DCF1F8A8E8A"/>
</indexColumnUsage>
</ind_PK_UK>
<ind_PK_UK id="B5F4F258-65E5-68D5-2799-D9AF6AD6AB32" name="SIEDU_NECESIDAD_PAE_FK">
<createdBy>Manuel</createdBy>
<createdTime>2016-01-11 02:07:01 UTC</createdTime>
<generatorID>Generado por el Usuario</generatorID>
<ownerDesignName>ERD_POLICIA</ownerDesignName>
<indexState>Foreign Key</indexState>
<isSurrogateKey>false</isSurrogateKey>
<indexColumnUsage>
<colUsage columnID="CEDE987D-D19A-C176-5C00-0C52332748A3"/>
</indexColumnUsage>
</ind_PK_UK>
<ind_PK_UK id="DE526A68-9F06-9A2D-7DFE-BEBD1B5A70AF" name="SIEDU_NECESIDAD_SIEDU_NOVEDAD_PAE_FK">
<createdBy>Manuel</createdBy>
<createdTime>2016-01-28 02:42:19 UTC</createdTime>
<generatorID>Generado por el Usuario</generatorID>
<ownerDesignName>ERD_POLICIA</ownerDesignName>
<indexState>Foreign Key</indexState>
<isSurrogateKey>false</isSurrogateKey>
<indexColumnUsage>
<colUsage columnID="16B426A4-A2AE-2718-B9A0-8DE82F586268"/>
</indexColumnUsage>
</ind_PK_UK>
<ind_PK_UK id="2FA093A1-5DD0-B82B-4DF5-69DCB762AB19" name="SIEDU_NECESIDAD_UDE_REGION_FK">
<createdBy>itc</createdBy>
<createdTime>2016-04-08 17:57:16 UTC</createdTime>
<generatorID>Generado por el Usuario</generatorID>
<ownerDesignName>ERD_POLICIA</ownerDesignName>
<indexState>Foreign Key</indexState>
<isSurrogateKey>false</isSurrogateKey>
<indexColumnUsage>
<colUsage columnID="CDDB1FD1-65C0-AB30-6DD7-7DCF1F8A8E8A"/>
<colUsage columnID="78B0A632-E4C5-50C3-C66F-C81BCD6A6576"/>
</indexColumnUsage>
</ind_PK_UK>
<ind_PK_UK id="129D10FC-C477-79C6-DAFB-82ADE26EAB41" name="SIEDU_NECESIDAD_CARRERAS_FK">
<createdBy>itc</createdBy>
<createdTime>2016-04-08 17:59:13 UTC</createdTime>
<generatorID>Generado por el Usuario</generatorID>
<ownerDesignName>ERD_POLICIA</ownerDesignName>
<indexState>Foreign Key</indexState>
<isSurrogateKey>false</isSurrogateKey>
<indexColumnUsage>
<colUsage columnID="84437D82-0D7B-86B0-303C-E3E0B59E54BF"/>
<colUsage columnID="321F3E3D-BD86-3D15-D144-91101FA46E82"/>
</indexColumnUsage>
</ind_PK_UK>
<ind_PK_UK id="70ACB537-0157-9DA3-AB02-7089C5E4DE3D" name="SIEDU_NECESIDAD_UDE_UFISI_FK">
<createdBy>itc</createdBy>
<createdTime>2016-04-08 18:02:03 UTC</createdTime>
<generatorID>Generado por el Usuario</generatorID>
<ownerDesignName>ERD_POLICIA</ownerDesignName>
<indexState>Foreign Key</indexState>
<isSurrogateKey>false</isSurrogateKey>
<indexColumnUsage>
<colUsage columnID="3DC6235A-ED30-8030-9F6B-6ECA83E3D662"/>
<colUsage columnID="FD15734E-0D92-1722-9FD9-676F3EE83671"/>
</indexColumnUsage>
</ind_PK_UK>
<ind_PK_UK id="9F5BB9BB-C117-F677-45BA-CBE2F953DB9F" name="SIEDU_NECESIDAD_UDE_UDEPE_FK">
<createdBy>itc</createdBy>
<createdTime>2016-04-08 18:04:00 UTC</createdTime>
<generatorID>Generado por el Usuario</generatorID>
<ownerDesignName>ERD_POLICIA</ownerDesignName>
<indexState>Foreign Key</indexState>
<isSurrogateKey>false</isSurrogateKey>
<indexColumnUsage>
<colUsage columnID="D6EF2581-8255-5566-C4F6-F114EC361B60"/>
<colUsage columnID="D508083B-3590-1B67-8041-3C61B4620F6F"/>
</indexColumnUsage>
</ind_PK_UK>
</indexes>
<tableCheckConstraints itemClass="oracle.dbtools.crest.model.design.constraint.TableLevelConstraint">
<tableCheckConstraint name="SIEDU_NECESIDAD_ESTADO" directorySegmentName="seg_1" id="A3451D82-EAEE-8611-1958-BE1F0D442299">
<createdBy>Manuel</createdBy>
<createdTime>2016-01-25 02:27:22 UTC</createdTime>
<generatorID>Generado por el Usuario</generatorID>
<ownerDesignName>ERD_POLICIA</ownerDesignName>
<rule>nece_estado in ( &apos;A&apos;,&apos;P&apos;, &apos;N&apos;)</rule>
</tableCheckConstraint>
</tableCheckConstraints>
</Table>