<?xml version = '1.0' encoding = 'UTF-8'?>
<Table class="oracle.dbtools.crest.model.design.relational.Table" directorySegmentName="seg_0" id="CDE871FA-E792-70D1-DEE0-BF7523809AD0" name="SIEDU_INASISTE_EVENTOv1">
<sourceConnName>POLICIA</sourceConnName>
<sourceObjSchema>USR_DISIGAC2</sourceObjSchema>
<sourceObjName>SIEDU_INASISTE_EVENTO</sourceObjName>
<createdBy>Manuel</createdBy>
<createdTime>2016-01-07 04:31:08 UTC</createdTime>
<generatorID>Generado por el Usuario</generatorID>
<ownerDesignName>ERD_POLICIA</ownerDesignName>
<schemaObject>ED8B0381-61E9-98DB-D254-F5EC1AB94C4F</schemaObject>
<allowColumnReorder>false</allowColumnReorder>
<existDependencyGenerateInDDl>true</existDependencyGenerateInDDl>
<columns itemClass="oracle.dbtools.crest.model.design.relational.Column">
<Column name="HORAS_INASISTENCIA" id="EAC2118A-30D9-0A20-1F8F-266AAD36442E">
<sourceConnName>POLICIA</sourceConnName>
<sourceObjSchema>SIEDU_INASISTE_EVENTO</sourceObjSchema>
<sourceObjName>HORAS_INASISTENCIA</sourceObjName>
<createdBy>Manuel</createdBy>
<createdTime>2016-01-07 04:31:30 UTC</createdTime>
<generatorID>Generado por el Usuario</generatorID>
<ownerDesignName>ERD_POLICIA</ownerDesignName>
<useDomainConstraints>false</useDomainConstraints>
<use>1</use>
<logicalDatatype>LOGDT019</logicalDatatype>
<dataTypePrecision>2</dataTypePrecision>
<autoIncrementCycle>false</autoIncrementCycle>
</Column>
<Column name="PARTICIPANTE_ID" id="7202C76D-6E8F-0B58-8F7B-E9DD7E23F345">
<sourceConnName>POLICIA</sourceConnName>
<sourceObjSchema>SIEDU_INASISTE_EVENTO</sourceObjSchema>
<sourceObjName>PARTICIPANTE_ID</sourceObjName>
<createdBy>Manuel</createdBy>
<createdTime>2016-01-07 04:31:30 UTC</createdTime>
<generatorID>Generado por el Usuario</generatorID>
<ownerDesignName>ERD_POLICIA</ownerDesignName>
<useDomainConstraints>false</useDomainConstraints>
<use>1</use>
<logicalDatatype>LOGDT019</logicalDatatype>
<dataTypePrecision>12</dataTypePrecision>
<delegate>299388C2-088B-D8F0-2D0E-722068610BB0</delegate>
<autoIncrementCycle>false</autoIncrementCycle>
</Column>
<Column name="ID_INASISTE_EVENTO" id="B3C35F06-B6F2-41CD-D4EB-C45FE92B2634">
<sourceConnName>POLICIA</sourceConnName>
<sourceObjSchema>SIEDU_INASISTE_EVENTO</sourceObjSchema>
<sourceObjName>ID_INASISTE_EVENTO</sourceObjName>
<createdBy>Manuel</createdBy>
<createdTime>2016-01-07 04:31:30 UTC</createdTime>
<generatorID>Generado por el Usuario</generatorID>
<ownerDesignName>ERD_POLICIA</ownerDesignName>
<useDomainConstraints>false</useDomainConstraints>
<use>1</use>
<logicalDatatype>LOGDT019</logicalDatatype>
<dataTypePrecision>6</dataTypePrecision>
<autoIncrementCycle>false</autoIncrementCycle>
</Column>
<Column name="FECHA_INASISTENCIA" id="AB04497E-1D0D-1CAB-05C6-438824749CCD">
<sourceConnName>POLICIA</sourceConnName>
<sourceObjSchema>SIEDU_INASISTE_EVENTO</sourceObjSchema>
<sourceObjName>FECHA_INASISTENCIA</sourceObjName>
<createdBy>Manuel</createdBy>
<createdTime>2016-01-07 04:31:30 UTC</createdTime>
<generatorID>Generado por el Usuario</generatorID>
<ownerDesignName>ERD_POLICIA</ownerDesignName>
<useDomainConstraints>false</useDomainConstraints>
<use>1</use>
<logicalDatatype>LOGDT007</logicalDatatype>
<dataTypeSize>7</dataTypeSize>
<autoIncrementCycle>false</autoIncrementCycle>
</Column>
</columns>
<indexes itemClass="oracle.dbtools.crest.model.design.relational.Index">
<ind_PK_UK id="14D85B80-AE17-154A-A1F9-02AD5004A594" name="SIEDU_INASISTE_EVEN_PK">
<sourceConnName>POLICIA</sourceConnName>
<sourceObjSchema>USR_DISIGAC2</sourceObjSchema>
<sourceObjName>SIEDU_INASISTE_EVEN_PK</sourceObjName>
<createdBy>Manuel</createdBy>
<createdTime>2016-01-07 04:31:41 UTC</createdTime>
<generatorID>Generado por el Usuario</generatorID>
<ownerDesignName>ERD_POLICIA</ownerDesignName>
<pk>true</pk>
<indexState>Primary Constraint</indexState>
<isSurrogateKey>false</isSurrogateKey>
<indexColumnUsage>
<colUsage columnID="B3C35F06-B6F2-41CD-D4EB-C45FE92B2634"/>
</indexColumnUsage>
</ind_PK_UK>
<ind_PK_UK id="EE93883D-47E7-A5BF-436D-CBE07716566F" name="SIEDU_INASISTE_EVENT_UK">
<sourceConnName>POLICIA</sourceConnName>
<sourceObjSchema>USR_DISIGAC2</sourceObjSchema>
<sourceObjName>SIEDU_INASISTE_EVENT_UK</sourceObjName>
<createdBy>Manuel</createdBy>
<createdTime>2016-01-07 04:31:41 UTC</createdTime>
<generatorID>Generado por el Usuario</generatorID>
<ownerDesignName>ERD_POLICIA</ownerDesignName>
<indexState>Unique Constraint</indexState>
<isSurrogateKey>false</isSurrogateKey>
<indexColumnUsage>
<colUsage columnID="7202C76D-6E8F-0B58-8F7B-E9DD7E23F345"/>
<colUsage columnID="AB04497E-1D0D-1CAB-05C6-438824749CCD"/>
</indexColumnUsage>
</ind_PK_UK>
<ind_PK_UK id="586B2623-81C0-9198-6B55-7CBAD7482644" name="SIEDU_INASISTE_EVEN_PK">
<sourceConnName>POLICIA</sourceConnName>
<sourceObjSchema>USR_DISIGAC2</sourceObjSchema>
<sourceObjName>SIEDU_INASISTE_EVEN_PK</sourceObjName>
<createdBy>Manuel</createdBy>
<createdTime>2016-01-07 04:31:34 UTC</createdTime>
<generatorID>Generado por el Usuario</generatorID>
<ownerDesignName>ERD_POLICIA</ownerDesignName>
<indexState>Unique Plain Index</indexState>
<schemaObject>ED8B0381-61E9-98DB-D254-F5EC1AB94C4F</schemaObject>
<isSurrogateKey>false</isSurrogateKey>
<indexColumnUsage>
<colUsage columnID="B3C35F06-B6F2-41CD-D4EB-C45FE92B2634"/>
</indexColumnUsage>
</ind_PK_UK>
<ind_PK_UK id="CF1FDDCF-FB3A-BBA2-A0B8-438C11C1A2F7" name="SIEDU_INASISTE_EVENT_UK">
<sourceConnName>POLICIA</sourceConnName>
<sourceObjSchema>USR_DISIGAC2</sourceObjSchema>
<sourceObjName>SIEDU_INASISTE_EVENT_UK</sourceObjName>
<createdBy>Manuel</createdBy>
<createdTime>2016-01-07 04:31:34 UTC</createdTime>
<generatorID>Generado por el Usuario</generatorID>
<ownerDesignName>ERD_POLICIA</ownerDesignName>
<indexState>Unique Plain Index</indexState>
<schemaObject>ED8B0381-61E9-98DB-D254-F5EC1AB94C4F</schemaObject>
<isSurrogateKey>false</isSurrogateKey>
<indexColumnUsage>
<colUsage columnID="7202C76D-6E8F-0B58-8F7B-E9DD7E23F345"/>
<colUsage columnID="AB04497E-1D0D-1CAB-05C6-438824749CCD"/>
</indexColumnUsage>
</ind_PK_UK>
</indexes>
</Table>