<?xml version = '1.0' encoding = 'UTF-8'?>
<Table class="oracle.dbtools.crest.model.design.relational.Table" directorySegmentName="seg_0" id="DC719D2E-C8CC-63FB-3EFF-6A3B8F7D3708" name="SIEDU_EVAL_CATEGORIA">
<createdBy>Manuel</createdBy>
<createdTime>2016-03-18 02:31:20 UTC</createdTime>
<commentInRDBMS>Tabla de Categorías por Evaluación</commentInRDBMS>
<generatorID>Generado por el Usuario</generatorID>
<ownerDesignName>ERD_POLICIA</ownerDesignName>
<allowColumnReorder>false</allowColumnReorder>
<existDependencyGenerateInDDl>true</existDependencyGenerateInDDl>
<columns itemClass="oracle.dbtools.crest.model.design.relational.Column">
<Column name="evcr_eval" id="24D4AC88-9FB4-7204-4509-DD997696792F">
<createdBy>Manuel</createdBy>
<createdTime>2016-03-18 02:34:02 UTC</createdTime>
<commentInRDBMS>Id de la Evaluación</commentInRDBMS>
<generatorID>Generado por el Usuario</generatorID>
<ownerDesignName>ERD_POLICIA</ownerDesignName>
<useDomainConstraints>false</useDomainConstraints>
<use>1</use>
<logicalDatatype>LOGDT019</logicalDatatype>
<dataTypePrecision>8</dataTypePrecision>
<delegate>9D763F7B-4B52-9A07-B911-C5A719B46D6C</delegate>
<previousColumn>false</previousColumn>
<autoIncrementCycle>false</autoIncrementCycle>
<associations>
<colAssociation fkAssociation="B3A8DACA-F911-441E-4222-4CDB3637B37F" referredColumn="9D763F7B-4B52-9A07-B911-C5A719B46D6C"/>
</associations>
</Column>
<Column name="evcr_fuerza" id="5CBD4D8E-0613-D94B-F6D8-042D27906FB5">
<createdBy>Manuel</createdBy>
<createdTime>2016-03-18 02:38:16 UTC</createdTime>
<commentInRDBMS>Identificador de Fuerza</commentInRDBMS>
<generatorID>Generado por el Usuario</generatorID>
<ownerDesignName>ERD_POLICIA</ownerDesignName>
<useDomainConstraints>false</useDomainConstraints>
<use>1</use>
<logicalDatatype>LOGDT019</logicalDatatype>
<dataTypePrecision>1</dataTypePrecision>
<delegate>C53A3B12-CAB3-CAF8-552D-348D44C123DB</delegate>
<previousColumn>false</previousColumn>
<autoIncrementCycle>false</autoIncrementCycle>
<associations>
<colAssociation fkAssociation="6BF9E420-E87D-3524-25F5-454A05B7EBD4" referredColumn="C53A3B12-CAB3-CAF8-552D-348D44C123DB"/>
</associations>
</Column>
<Column name="evcr_id_categoria" id="522B031C-046F-7183-09F8-678008B27535">
<createdBy>Manuel</createdBy>
<createdTime>2016-03-18 02:38:16 UTC</createdTime>
<commentInRDBMS>Identificador de Categoría</commentInRDBMS>
<generatorID>Generado por el Usuario</generatorID>
<ownerDesignName>ERD_POLICIA</ownerDesignName>
<useDomainConstraints>false</useDomainConstraints>
<use>1</use>
<logicalDatatype>LOGDT019</logicalDatatype>
<delegate>5098A1B1-54F7-C437-E2D9-CEE6673D37E9</delegate>
<previousColumn>false</previousColumn>
<autoIncrementCycle>false</autoIncrementCycle>
<associations>
<colAssociation fkAssociation="6BF9E420-E87D-3524-25F5-454A05B7EBD4" referredColumn="5098A1B1-54F7-C437-E2D9-CEE6673D37E9"/>
</associations>
</Column>
</columns>
<indexes itemClass="oracle.dbtools.crest.model.design.relational.Index">
<ind_PK_UK id="2E9BEA2C-8A40-973F-E187-240FF9E49FCD" name="SIEDU_EVAL_CATEGORIA_PK">
<createdBy>Manuel</createdBy>
<createdTime>2016-03-18 02:42:18 UTC</createdTime>
<generatorID>Generado por el Usuario</generatorID>
<ownerDesignName>ERD_POLICIA</ownerDesignName>
<pk>true</pk>
<indexState>Primary Constraint</indexState>
<isSurrogateKey>false</isSurrogateKey>
<indexColumnUsage>
<colUsage columnID="24D4AC88-9FB4-7204-4509-DD997696792F"/>
<colUsage columnID="5CBD4D8E-0613-D94B-F6D8-042D27906FB5"/>
<colUsage columnID="522B031C-046F-7183-09F8-678008B27535"/>
</indexColumnUsage>
</ind_PK_UK>
<ind_PK_UK id="BA0D2FC1-21CC-6D03-85EE-740532F20049" name="SIEDU_EVAL_CATEGORIA_EVAL_FK">
<createdBy>Manuel</createdBy>
<createdTime>2016-03-18 02:34:02 UTC</createdTime>
<generatorID>Generado por el Usuario</generatorID>
<ownerDesignName>ERD_POLICIA</ownerDesignName>
<indexState>Foreign Key</indexState>
<isSurrogateKey>false</isSurrogateKey>
<indexColumnUsage>
<colUsage columnID="24D4AC88-9FB4-7204-4509-DD997696792F"/>
</indexColumnUsage>
</ind_PK_UK>
<ind_PK_UK id="1379D0F6-D35F-7B67-D0F2-9CF294F70B48" name="SIEDU_EVAL_CATEGORIA_CAT_FK">
<createdBy>Manuel</createdBy>
<createdTime>2016-03-18 02:38:16 UTC</createdTime>
<generatorID>Generado por el Usuario</generatorID>
<ownerDesignName>ERD_POLICIA</ownerDesignName>
<indexState>Foreign Key</indexState>
<isSurrogateKey>false</isSurrogateKey>
<indexColumnUsage>
<colUsage columnID="5CBD4D8E-0613-D94B-F6D8-042D27906FB5"/>
<colUsage columnID="522B031C-046F-7183-09F8-678008B27535"/>
</indexColumnUsage>
</ind_PK_UK>
</indexes>
</Table>