<?xml version = '1.0' encoding = 'UTF-8'?>
<Table class="oracle.dbtools.crest.model.design.relational.Table" directorySegmentName="seg_0" id="E310CBC9-0B14-34DD-61C0-FDEBC6EAD8AA" name="SIEDU_EVAL_DESARROLLO">
<createdBy>Manuel</createdBy>
<createdTime>2016-03-18 03:59:34 UTC</createdTime>
<commentInRDBMS>Tabla de respuestas a las preguntas de la evaluación dadas por el participante</commentInRDBMS>
<generatorID>Generado por el Usuario</generatorID>
<ownerDesignName>ERD_POLICIA</ownerDesignName>
<allowColumnReorder>false</allowColumnReorder>
<existDependencyGenerateInDDl>true</existDependencyGenerateInDDl>
<columns itemClass="oracle.dbtools.crest.model.design.relational.Column">
<Column name="evde_eval" id="EBEEAD8E-FD07-55CD-DEE5-C828383A72C0">
<createdBy>Manuel</createdBy>
<createdTime>2016-03-18 04:00:05 UTC</createdTime>
<commentInRDBMS>Id de la EValuación</commentInRDBMS>
<generatorID>Generado por el Usuario</generatorID>
<ownerDesignName>ERD_POLICIA</ownerDesignName>
<useDomainConstraints>false</useDomainConstraints>
<use>1</use>
<logicalDatatype>LOGDT019</logicalDatatype>
<dataTypePrecision>8</dataTypePrecision>
<delegate>B83E1262-43FA-7C4E-24C7-6E236FAA590C</delegate>
<previousColumn>false</previousColumn>
<autoIncrementCycle>false</autoIncrementCycle>
<associations>
<colAssociation fkAssociation="DF1F1519-16CC-2498-8161-B4C926D56A95" referredColumn="B83E1262-43FA-7C4E-24C7-6E236FAA590C"/>
<colAssociation fkAssociation="57854C00-F1D6-5925-A92C-A0BA146BE83E" referredColumn="FCAD6380-CA18-6221-2D6E-016FA549D55A"/>
</associations>
</Column>
<Column name="evde_pare" id="E74B214D-C25C-7BA9-D3DA-B9B5D713EC58">
<createdBy>Manuel</createdBy>
<createdTime>2016-03-18 04:00:05 UTC</createdTime>
<commentInRDBMS>Id del Participante Evento</commentInRDBMS>
<generatorID>Generado por el Usuario</generatorID>
<ownerDesignName>ERD_POLICIA</ownerDesignName>
<useDomainConstraints>false</useDomainConstraints>
<use>1</use>
<logicalDatatype>LOGDT019</logicalDatatype>
<dataTypePrecision>8</dataTypePrecision>
<delegate>5567E549-4B67-645A-7DFB-A65001EB2538</delegate>
<previousColumn>false</previousColumn>
<autoIncrementCycle>false</autoIncrementCycle>
<associations>
<colAssociation fkAssociation="DF1F1519-16CC-2498-8161-B4C926D56A95" referredColumn="5567E549-4B67-645A-7DFB-A65001EB2538"/>
</associations>
</Column>
<Column name="evde_preg" id="F870A1CC-D686-FC02-200C-39EA78DC4FAB">
<createdBy>Manuel</createdBy>
<createdTime>2016-03-18 04:01:28 UTC</createdTime>
<commentInRDBMS>Id de la Pregunta</commentInRDBMS>
<generatorID>Generado por el Usuario</generatorID>
<ownerDesignName>ERD_POLICIA</ownerDesignName>
<useDomainConstraints>false</useDomainConstraints>
<use>1</use>
<logicalDatatype>LOGDT019</logicalDatatype>
<dataTypePrecision>8</dataTypePrecision>
<delegate>FCAD6380-CA18-6221-2D6E-016FA549D55A</delegate>
<previousColumn>false</previousColumn>
<autoIncrementCycle>false</autoIncrementCycle>
<associations>
<colAssociation fkAssociation="57854C00-F1D6-5925-A92C-A0BA146BE83E" referredColumn="6B38C9F4-757B-C605-2515-714B9A9FAFE6"/>
</associations>
</Column>
<Column name="evde_valor" id="314A1331-EDF9-2EAE-A2BD-AEF98FC50078">
<createdBy>Manuel</createdBy>
<createdTime>2016-03-18 04:10:49 UTC</createdTime>
<commentInRDBMS>Valor de respuesta a la pregunta de la evaluación por parte del participante.</commentInRDBMS>
<generatorID>Generado por el Usuario</generatorID>
<ownerDesignName>ERD_POLICIA</ownerDesignName>
<nullsAllowed>true</nullsAllowed>
<useDomainConstraints>false</useDomainConstraints>
<use>1</use>
<logicalDatatype>LOGDT019</logicalDatatype>
<dataTypePrecision>1</dataTypePrecision>
<autoIncrementCycle>false</autoIncrementCycle>
</Column>
</columns>
<indexes itemClass="oracle.dbtools.crest.model.design.relational.Index">
<ind_PK_UK id="8F12F8D5-B5A9-839F-BF60-31C837F6CE90" name="SIEDU_EVAL_DESARROLLO_PK">
<createdBy>Manuel</createdBy>
<createdTime>2016-03-20 03:01:17 UTC</createdTime>
<generatorID>Generado por el Usuario</generatorID>
<ownerDesignName>ERD_POLICIA</ownerDesignName>
<pk>true</pk>
<indexState>Primary Constraint</indexState>
<isSurrogateKey>false</isSurrogateKey>
<indexColumnUsage>
<colUsage columnID="EBEEAD8E-FD07-55CD-DEE5-C828383A72C0"/>
<colUsage columnID="E74B214D-C25C-7BA9-D3DA-B9B5D713EC58"/>
<colUsage columnID="F870A1CC-D686-FC02-200C-39EA78DC4FAB"/>
</indexColumnUsage>
</ind_PK_UK>
<ind_PK_UK id="F69FCC21-2C7E-28D9-2E1C-0A60A8C9D8E2" name="SIEDU_EVAL_DESARR_PARTICI_FK">
<createdBy>Manuel</createdBy>
<createdTime>2016-03-18 04:00:05 UTC</createdTime>
<generatorID>Generado por el Usuario</generatorID>
<ownerDesignName>ERD_POLICIA</ownerDesignName>
<indexState>Foreign Key</indexState>
<isSurrogateKey>false</isSurrogateKey>
<indexColumnUsage>
<colUsage columnID="EBEEAD8E-FD07-55CD-DEE5-C828383A72C0"/>
<colUsage columnID="E74B214D-C25C-7BA9-D3DA-B9B5D713EC58"/>
</indexColumnUsage>
</ind_PK_UK>
<ind_PK_UK id="F91A80BC-9936-A365-01B6-D6FAEFBAA604" name="SIEDU_EVAL_DESAR_PREGUNTA_FK">
<createdBy>Manuel</createdBy>
<createdTime>2016-03-18 04:01:28 UTC</createdTime>
<generatorID>Generado por el Usuario</generatorID>
<ownerDesignName>ERD_POLICIA</ownerDesignName>
<indexState>Foreign Key</indexState>
<isSurrogateKey>false</isSurrogateKey>
<indexColumnUsage>
<colUsage columnID="F870A1CC-D686-FC02-200C-39EA78DC4FAB"/>
<colUsage columnID="EBEEAD8E-FD07-55CD-DEE5-C828383A72C0"/>
</indexColumnUsage>
</ind_PK_UK>
</indexes>
<tableCheckConstraints itemClass="oracle.dbtools.crest.model.design.constraint.TableLevelConstraint">
<tableCheckConstraint name="SIEDU_EVAL_DESA_VALOR_CK" directorySegmentName="seg_2" id="1B5E87C0-394A-620B-7B9E-9DBE1A595799">
<createdBy>Manuel</createdBy>
<createdTime>2016-03-18 04:11:39 UTC</createdTime>
<generatorID>Generado por el Usuario</generatorID>
<ownerDesignName>ERD_POLICIA</ownerDesignName>
<rule>evde_valor in ( 1, 2, 3, 4, 5 )</rule>
</tableCheckConstraint>
</tableCheckConstraints>
</Table>