<?xml version = '1.0' encoding = 'UTF-8'?>
<Table class="oracle.dbtools.crest.model.design.relational.Table" directorySegmentName="seg_0" id="EE2D4021-44A4-1F84-1EE0-D218DA5D58C7" name="SIEDU_PAE_CAPACITACION">
<sourceConnName>POLICIA</sourceConnName>
<sourceObjSchema>USR_DISIGAC2</sourceObjSchema>
<sourceObjName>SIEDU_PAE</sourceObjName>
<createdBy>Manuel</createdBy>
<createdTime>2016-01-07 04:31:11 UTC</createdTime>
<commentInRDBMS>Tabla de definición del PAE de Capacitación</commentInRDBMS>
<generatorID>Generado por el Usuario</generatorID>
<ownerDesignName>ERD_POLICIA</ownerDesignName>
<schemaObject>ED8B0381-61E9-98DB-D254-F5EC1AB94C4F</schemaObject>
<allowColumnReorder>false</allowColumnReorder>
<existDependencyGenerateInDDl>true</existDependencyGenerateInDDl>
<columns itemClass="oracle.dbtools.crest.model.design.relational.Column">
<Column name="capa_capa" id="EB02EC2C-C82C-B0BE-64FF-E7016548F163">
<createdBy>Manuel</createdBy>
<createdTime>2016-01-11 01:57:19 UTC</createdTime>
<comment>ID de registro de PAE Capacitación</comment>
<commentInRDBMS>Número de registro de PAE Capacitación</commentInRDBMS>
<generatorID>Generado por el Usuario</generatorID>
<ownerDesignName>ERD_POLICIA</ownerDesignName>
<useDomainConstraints>false</useDomainConstraints>
<use>1</use>
<logicalDatatype>LOGDT019</logicalDatatype>
<dataTypePrecision>6</dataTypePrecision>
<autoIncrementCycle>false</autoIncrementCycle>
</Column>
<Column name="capa_pae" id="E05A5F3F-EB75-99EA-87CF-C84382B00F40">
<sourceConnName>POLICIA</sourceConnName>
<sourceObjSchema>SIEDU_PAE</sourceObjSchema>
<sourceObjName>ID_PAE</sourceObjName>
<createdBy>Manuel</createdBy>
<createdTime>2016-01-07 04:31:31 UTC</createdTime>
<comment>Identificador del PAE</comment>
<commentInRDBMS>Identificador del PAE</commentInRDBMS>
<generatorID>Generado por el Usuario</generatorID>
<ownerDesignName>ERD_POLICIA</ownerDesignName>
<useDomainConstraints>false</useDomainConstraints>
<use>1</use>
<logicalDatatype>LOGDT019</logicalDatatype>
<dataTypePrecision>6</dataTypePrecision>
<delegate>D4EB1715-0A09-BFB9-BFBC-D7849F8F6054</delegate>
<autoIncrementCycle>false</autoIncrementCycle>
<associations>
<colAssociation fkAssociation="9603C8FD-77EC-FD2D-68AB-3FBB69CF9956" referredColumn="D4EB1715-0A09-BFB9-BFBC-D7849F8F6054"/>
</associations>
</Column>
<Column name="capa_ude_fuerza_escu" id="7CF167E2-F5D1-C282-37F7-269FCC5CADED">
<sourceConnName>POLICIA</sourceConnName>
<sourceObjSchema>SIEDU_PAE</sourceObjSchema>
<sourceObjName>CARRERAS_FUERZA</sourceObjName>
<createdBy>Manuel</createdBy>
<createdTime>2016-01-07 04:31:31 UTC</createdTime>
<commentInRDBMS>Identificador de la Fuerza de la Escuela</commentInRDBMS>
<generatorID>Generado por el Usuario</generatorID>
<ownerDesignName>ERD_POLICIA</ownerDesignName>
<useDomainConstraints>false</useDomainConstraints>
<use>1</use>
<logicalDatatype>LOGDT019</logicalDatatype>
<dataTypePrecision>1</dataTypePrecision>
<delegate>B764DAD6-1855-4EAD-8A37-FCAD767947B5</delegate>
<autoIncrementCycle>false</autoIncrementCycle>
<associations>
<colAssociation fkAssociation="B35C08E7-378B-A92C-23C7-E71312D4779C" referredColumn="B764DAD6-1855-4EAD-8A37-FCAD767947B5"/>
</associations>
</Column>
<Column name="capa_ude_escu" id="072A578C-B24B-0C19-7F8E-6265802698DF">
<sourceConnName>POLICIA</sourceConnName>
<sourceObjSchema>SIEDU_PAE</sourceObjSchema>
<sourceObjName>NECESIDAD_UNDE_COD_ESCUELA</sourceObjName>
<createdBy>Manuel</createdBy>
<createdTime>2016-01-07 04:31:31 UTC</createdTime>
<commentInRDBMS>Identificador de la Escuela. Unidades_Dependencia (ESCUELA)</commentInRDBMS>
<generatorID>Generado por el Usuario</generatorID>
<ownerDesignName>ERD_POLICIA</ownerDesignName>
<useDomainConstraints>false</useDomainConstraints>
<use>1</use>
<logicalDatatype>LOGDT019</logicalDatatype>
<delegate>F6F05773-92EE-8132-AD3D-C0BD5E5218D8</delegate>
<autoIncrementCycle>false</autoIncrementCycle>
<associations>
<colAssociation fkAssociation="B35C08E7-378B-A92C-23C7-E71312D4779C" referredColumn="F6F05773-92EE-8132-AD3D-C0BD5E5218D8"/>
</associations>
</Column>
<Column name="capa_dom_proce" id="220121A3-FCF1-0D0B-3F02-6C494888FB34">
<sourceConnName>POLICIA</sourceConnName>
<sourceObjSchema>SIEDU_PAE</sourceObjSchema>
<sourceObjName>DOMINIO_PROCESO</sourceObjName>
<createdBy>Manuel</createdBy>
<createdTime>2016-01-07 04:31:31 UTC</createdTime>
<commentInRDBMS>Proceso ( DOMINIO PROCESO )</commentInRDBMS>
<generatorID>Generado por el Usuario</generatorID>
<ownerDesignName>ERD_POLICIA</ownerDesignName>
<useDomainConstraints>false</useDomainConstraints>
<use>1</use>
<logicalDatatype>LOGDT019</logicalDatatype>
<dataTypePrecision>4</dataTypePrecision>
<delegate>A3C90245-99FA-BF1F-B007-6D350ACB94DA</delegate>
<autoIncrementCycle>false</autoIncrementCycle>
</Column>
<Column name="capa_dom_estra" id="F84F939C-47F4-CC1C-E2D1-5F3414CC845F">
<sourceConnName>POLICIA</sourceConnName>
<sourceObjSchema>SIEDU_PAE</sourceObjSchema>
<sourceObjName>DOMINIO_ESTRATEGIA</sourceObjName>
<createdBy>Manuel</createdBy>
<createdTime>2016-01-07 04:31:31 UTC</createdTime>
<commentInRDBMS>Estrategia ( DOMINIO ESTRATEGIA )</commentInRDBMS>
<generatorID>Generado por el Usuario</generatorID>
<ownerDesignName>ERD_POLICIA</ownerDesignName>
<useDomainConstraints>false</useDomainConstraints>
<use>1</use>
<logicalDatatype>LOGDT019</logicalDatatype>
<dataTypePrecision>4</dataTypePrecision>
<delegate>A3C90245-99FA-BF1F-B007-6D350ACB94DA</delegate>
<autoIncrementCycle>false</autoIncrementCycle>
</Column>
<Column name="capa_fuerza_carrera" id="AB35F4E1-120E-C4AC-ACB9-51884AC9E3DD">
<createdBy>itc</createdBy>
<createdTime>2016-04-08 18:07:51 UTC</createdTime>
<commentInRDBMS>Identificador de Fuerza de la Carrera</commentInRDBMS>
<generatorID>Generado por el Usuario</generatorID>
<ownerDesignName>ERD_POLICIA</ownerDesignName>
<useDomainConstraints>false</useDomainConstraints>
<use>1</use>
<logicalDatatype>LOGDT019</logicalDatatype>
<dataTypePrecision>1</dataTypePrecision>
<delegate>87B54D08-B9C8-A076-9C56-7B32B0EB19A2</delegate>
<autoIncrementCycle>false</autoIncrementCycle>
<associations>
<colAssociation fkAssociation="45BD6E8A-8EF9-E784-B3D2-B7D7D369C1F4" referredColumn="87B54D08-B9C8-A076-9C56-7B32B0EB19A2"/>
</associations>
</Column>
<Column name="capa_id_carrera" id="414BCC15-68AF-1A6C-17E0-A0334577905B">
<sourceConnName>POLICIA</sourceConnName>
<sourceObjSchema>SIEDU_PAE</sourceObjSchema>
<sourceObjName>CARRERAS_ID_CARRERA</sourceObjName>
<createdBy>Manuel</createdBy>
<createdTime>2016-01-07 04:31:31 UTC</createdTime>
<commentInRDBMS>Identificador de la Carrera</commentInRDBMS>
<generatorID>Generado por el Usuario</generatorID>
<ownerDesignName>ERD_POLICIA</ownerDesignName>
<useDomainConstraints>false</useDomainConstraints>
<use>1</use>
<logicalDatatype>LOGDT019</logicalDatatype>
<delegate>E2D7CB4E-EEA8-FE40-00DA-B42416FA6E81</delegate>
<autoIncrementCycle>false</autoIncrementCycle>
<associations>
<colAssociation fkAssociation="45BD6E8A-8EF9-E784-B3D2-B7D7D369C1F4" referredColumn="E2D7CB4E-EEA8-FE40-00DA-B42416FA6E81"/>
</associations>
</Column>
<Column name="capa_nro_nece" id="4CBCE1F2-3138-8E40-8B38-625FD4E50D39">
<sourceConnName>POLICIA</sourceConnName>
<sourceObjSchema>SIEDU_PAE</sourceObjSchema>
<sourceObjName>NECESIDAD_VIGENCIA</sourceObjName>
<createdBy>Manuel</createdBy>
<createdTime>2016-01-07 04:31:31 UTC</createdTime>
<commentInRDBMS>Número de cupos necesarios a ser cubiertos para la vigencia del PAE</commentInRDBMS>
<generatorID>Generado por el Usuario</generatorID>
<ownerDesignName>ERD_POLICIA</ownerDesignName>
<useDomainConstraints>false</useDomainConstraints>
<use>1</use>
<logicalDatatype>LOGDT019</logicalDatatype>
<dataTypePrecision>4</dataTypePrecision>
<autoIncrementCycle>false</autoIncrementCycle>
</Column>
<Column name="capa_estado" id="F33D672F-6C6E-C0D0-B878-2D1601829C4D">
<sourceConnName>POLICIA</sourceConnName>
<sourceObjSchema>SIEDU_PAE</sourceObjSchema>
<sourceObjName>APROBADO</sourceObjName>
<createdBy>Manuel</createdBy>
<createdTime>2016-01-07 04:31:31 UTC</createdTime>
<comment>Estado P-Pendiente, A-Aprobado, N-No aprobado</comment>
<commentInRDBMS>Estado de registro del PAE Capacitación. A-Aprobado, P-Pendiente, N-No aprobado.</commentInRDBMS>
<generatorID>Generado por el Usuario</generatorID>
<ownerDesignName>ERD_POLICIA</ownerDesignName>
<useDomainConstraints>false</useDomainConstraints>
<use>1</use>
<logicalDatatype>LOGDT024</logicalDatatype>
<dataTypeSize>1</dataTypeSize>
<autoIncrementCycle>false</autoIncrementCycle>
</Column>
<Column name="capa_total_personas" id="B449FBC4-FE10-9361-4C52-6D392232CD74">
<sourceConnName>POLICIA</sourceConnName>
<sourceObjSchema>SIEDU_PAE</sourceObjSchema>
<sourceObjName>TOTAL_PERSONAS</sourceObjName>
<createdBy>Manuel</createdBy>
<createdTime>2016-01-07 04:31:31 UTC</createdTime>
<commentInRDBMS>Total de cupos incluidos en el PAE Capacitación</commentInRDBMS>
<generatorID>Generado por el Usuario</generatorID>
<ownerDesignName>ERD_POLICIA</ownerDesignName>
<useDomainConstraints>false</useDomainConstraints>
<use>1</use>
<logicalDatatype>LOGDT019</logicalDatatype>
<dataTypePrecision>6</dataTypePrecision>
<autoIncrementCycle>false</autoIncrementCycle>
</Column>
<Column name="capa_total_eventos" id="6878E543-D1D5-404B-3383-63743C519AB6">
<sourceConnName>POLICIA</sourceConnName>
<sourceObjSchema>SIEDU_PAE</sourceObjSchema>
<sourceObjName>TOTAL_EVENTOS</sourceObjName>
<createdBy>Manuel</createdBy>
<createdTime>2016-01-07 04:31:31 UTC</createdTime>
<commentInRDBMS>Número de eventos incluidos en el PAE Capacitación</commentInRDBMS>
<generatorID>Generado por el Usuario</generatorID>
<ownerDesignName>ERD_POLICIA</ownerDesignName>
<useDomainConstraints>false</useDomainConstraints>
<use>1</use>
<logicalDatatype>LOGDT019</logicalDatatype>
<dataTypePrecision>4</dataTypePrecision>
<autoIncrementCycle>false</autoIncrementCycle>
</Column>
<Column name="capa_dom_modal" id="662D24D9-F80B-90B4-589B-982CFE8A9286">
<sourceConnName>POLICIA</sourceConnName>
<sourceObjSchema>SIEDU_PAE</sourceObjSchema>
<sourceObjName>DOMINIO_MODALIDAD</sourceObjName>
<createdBy>Manuel</createdBy>
<createdTime>2016-01-07 04:31:31 UTC</createdTime>
<commentInRDBMS>Modalidad ( DOMINIO METODOLOGIA )</commentInRDBMS>
<generatorID>Generado por el Usuario</generatorID>
<ownerDesignName>ERD_POLICIA</ownerDesignName>
<useDomainConstraints>false</useDomainConstraints>
<use>1</use>
<logicalDatatype>LOGDT019</logicalDatatype>
<dataTypePrecision>4</dataTypePrecision>
<delegate>A3C90245-99FA-BF1F-B007-6D350ACB94DA</delegate>
<autoIncrementCycle>false</autoIncrementCycle>
</Column>
<Column name="capa_dom_ppto" id="D59623F8-EAA8-42B7-17F2-32BA82B0A43F">
<sourceConnName>POLICIA</sourceConnName>
<sourceObjSchema>SIEDU_PAE</sourceObjSchema>
<sourceObjName>DOMINIO_PRESUPUESTO</sourceObjName>
<createdBy>Manuel</createdBy>
<createdTime>2016-01-07 04:31:31 UTC</createdTime>
<commentInRDBMS>Indica si el registro hará parte del Presupuesto ( DOMINIO SI-NO )</commentInRDBMS>
<generatorID>Generado por el Usuario</generatorID>
<ownerDesignName>ERD_POLICIA</ownerDesignName>
<useDomainConstraints>false</useDomainConstraints>
<use>1</use>
<logicalDatatype>LOGDT019</logicalDatatype>
<dataTypePrecision>4</dataTypePrecision>
<delegate>A3C90245-99FA-BF1F-B007-6D350ACB94DA</delegate>
<autoIncrementCycle>false</autoIncrementCycle>
</Column>
<Column name="capa_even_t1" id="9CFD1D41-06D2-B687-E349-07F55B704595">
<sourceConnName>POLICIA</sourceConnName>
<sourceObjSchema>SIEDU_PAE</sourceObjSchema>
<sourceObjName>EVENTOS_TRIM_1</sourceObjName>
<createdBy>Manuel</createdBy>
<createdTime>2016-01-07 04:31:31 UTC</createdTime>
<commentInRDBMS>Número de eventos para el trimestre 1 incluido en el PAE Capacitación</commentInRDBMS>
<generatorID>Generado por el Usuario</generatorID>
<ownerDesignName>ERD_POLICIA</ownerDesignName>
<useDomainConstraints>false</useDomainConstraints>
<use>1</use>
<logicalDatatype>LOGDT019</logicalDatatype>
<dataTypePrecision>6</dataTypePrecision>
<autoIncrementCycle>false</autoIncrementCycle>
</Column>
<Column name="capa_pers_t1" id="E75C819D-5EAD-DFD5-225A-199668EBBCE7">
<sourceConnName>POLICIA</sourceConnName>
<sourceObjSchema>SIEDU_PAE</sourceObjSchema>
<sourceObjName>PERSONA_TRIM_1</sourceObjName>
<createdBy>Manuel</createdBy>
<createdTime>2016-01-07 04:31:31 UTC</createdTime>
<commentInRDBMS>Número de cupos para el trimestre 1 incluido en el PAE Capacitación</commentInRDBMS>
<generatorID>Generado por el Usuario</generatorID>
<ownerDesignName>ERD_POLICIA</ownerDesignName>
<useDomainConstraints>false</useDomainConstraints>
<use>1</use>
<logicalDatatype>LOGDT019</logicalDatatype>
<dataTypePrecision>6</dataTypePrecision>
<autoIncrementCycle>false</autoIncrementCycle>
</Column>
<Column name="capa_even_t2" id="94AF45D6-E372-D90A-594B-72DA00BCB04C">
<sourceConnName>POLICIA</sourceConnName>
<sourceObjSchema>SIEDU_PAE</sourceObjSchema>
<sourceObjName>EVENTOS_TRIM_2</sourceObjName>
<createdBy>Manuel</createdBy>
<createdTime>2016-01-07 04:31:31 UTC</createdTime>
<commentInRDBMS>Número de eventos para el trimestre 2  incluido en el PAE Capacitación</commentInRDBMS>
<generatorID>Generado por el Usuario</generatorID>
<ownerDesignName>ERD_POLICIA</ownerDesignName>
<useDomainConstraints>false</useDomainConstraints>
<use>1</use>
<logicalDatatype>LOGDT019</logicalDatatype>
<dataTypePrecision>6</dataTypePrecision>
<autoIncrementCycle>false</autoIncrementCycle>
</Column>
<Column name="capa_pers_t2" id="896C0B4B-1D09-65EA-DE4C-2CD5CE29D11E">
<sourceConnName>POLICIA</sourceConnName>
<sourceObjSchema>SIEDU_PAE</sourceObjSchema>
<sourceObjName>PERSONA_TRIM_2</sourceObjName>
<createdBy>Manuel</createdBy>
<createdTime>2016-01-07 04:31:31 UTC</createdTime>
<commentInRDBMS>Número de cupos para el trimestre 2 incluido en el PAE Capacitación</commentInRDBMS>
<generatorID>Generado por el Usuario</generatorID>
<ownerDesignName>ERD_POLICIA</ownerDesignName>
<useDomainConstraints>false</useDomainConstraints>
<use>1</use>
<logicalDatatype>LOGDT019</logicalDatatype>
<dataTypePrecision>6</dataTypePrecision>
<autoIncrementCycle>false</autoIncrementCycle>
</Column>
<Column name="capa_even_t3" id="8EBEA848-B446-2B4D-7D9A-439FA1E9EF61">
<sourceConnName>POLICIA</sourceConnName>
<sourceObjSchema>SIEDU_PAE</sourceObjSchema>
<sourceObjName>EVENTOS_TRIM_3</sourceObjName>
<createdBy>Manuel</createdBy>
<createdTime>2016-01-07 04:31:31 UTC</createdTime>
<commentInRDBMS>Número de eventos para el trimestre 3 incluido en el PAE Capacitación</commentInRDBMS>
<generatorID>Generado por el Usuario</generatorID>
<ownerDesignName>ERD_POLICIA</ownerDesignName>
<useDomainConstraints>false</useDomainConstraints>
<use>1</use>
<logicalDatatype>LOGDT019</logicalDatatype>
<dataTypePrecision>6</dataTypePrecision>
<autoIncrementCycle>false</autoIncrementCycle>
</Column>
<Column name="capa_pers_t3" id="968B84BD-D054-EBCA-8216-F99BF6E250B1">
<sourceConnName>POLICIA</sourceConnName>
<sourceObjSchema>SIEDU_PAE</sourceObjSchema>
<sourceObjName>PERSONA_TRIM_3</sourceObjName>
<createdBy>Manuel</createdBy>
<createdTime>2016-01-07 04:31:31 UTC</createdTime>
<commentInRDBMS>Número de cupos para el trimestre 3 incluido en el PAE Capacitación</commentInRDBMS>
<generatorID>Generado por el Usuario</generatorID>
<ownerDesignName>ERD_POLICIA</ownerDesignName>
<useDomainConstraints>false</useDomainConstraints>
<use>1</use>
<logicalDatatype>LOGDT019</logicalDatatype>
<dataTypePrecision>6</dataTypePrecision>
<autoIncrementCycle>false</autoIncrementCycle>
</Column>
<Column name="capa_even_t4" id="7EDDD942-17E1-B0F7-347F-F7DD579708D0">
<sourceConnName>POLICIA</sourceConnName>
<sourceObjSchema>SIEDU_PAE</sourceObjSchema>
<sourceObjName>EVENTOS_TRIM_4</sourceObjName>
<createdBy>Manuel</createdBy>
<createdTime>2016-01-07 04:31:31 UTC</createdTime>
<commentInRDBMS>Número de eventos para el trimestre 4 incluido en el PAE Capacitación</commentInRDBMS>
<generatorID>Generado por el Usuario</generatorID>
<ownerDesignName>ERD_POLICIA</ownerDesignName>
<useDomainConstraints>false</useDomainConstraints>
<use>1</use>
<logicalDatatype>LOGDT019</logicalDatatype>
<dataTypePrecision>6</dataTypePrecision>
<autoIncrementCycle>false</autoIncrementCycle>
</Column>
<Column name="capa_pers_t4" id="FFCE8ECC-E75D-A0CB-B088-AA4888608771">
<sourceConnName>POLICIA</sourceConnName>
<sourceObjSchema>SIEDU_PAE</sourceObjSchema>
<sourceObjName>PERSONA_TRIM_4</sourceObjName>
<createdBy>Manuel</createdBy>
<createdTime>2016-01-07 04:31:31 UTC</createdTime>
<commentInRDBMS>Número de cupos para el trimestre 4 incluido en el PAE Capacitación</commentInRDBMS>
<generatorID>Generado por el Usuario</generatorID>
<ownerDesignName>ERD_POLICIA</ownerDesignName>
<useDomainConstraints>false</useDomainConstraints>
<use>1</use>
<logicalDatatype>LOGDT019</logicalDatatype>
<dataTypePrecision>6</dataTypePrecision>
<autoIncrementCycle>false</autoIncrementCycle>
</Column>
<Column name="capa_externo" id="1F27B4E1-E6AD-DD99-EE49-983C0BEA1DB7">
<createdBy>itc</createdBy>
<createdTime>2016-03-09 13:39:20 UTC</createdTime>
<generatorID>Generado por el Usuario</generatorID>
<ownerDesignName>ERD_POLICIA</ownerDesignName>
<useDomainConstraints>false</useDomainConstraints>
<use>1</use>
<logicalDatatype>LOGDT024</logicalDatatype>
<dataTypeSize>1</dataTypeSize>
<autoIncrementCycle>false</autoIncrementCycle>
</Column>
</columns>
<indexes itemClass="oracle.dbtools.crest.model.design.relational.Index">
<ind_PK_UK id="2C0154D7-3984-5D01-8621-0C51863DE642" name="SIEDU_PAE_CAPACITA_PK">
<sourceConnName>POLICIA</sourceConnName>
<sourceObjSchema>USR_DISIGAC2</sourceObjSchema>
<sourceObjName>SIEDU_PAE_PK</sourceObjName>
<createdBy>Manuel</createdBy>
<createdTime>2016-01-07 04:31:42 UTC</createdTime>
<generatorID>Generado por el Usuario</generatorID>
<ownerDesignName>ERD_POLICIA</ownerDesignName>
<pk>true</pk>
<indexState>Primary Constraint</indexState>
<isSurrogateKey>false</isSurrogateKey>
<indexColumnUsage>
<colUsage columnID="EB02EC2C-C82C-B0BE-64FF-E7016548F163"/>
</indexColumnUsage>
</ind_PK_UK>
<ind_PK_UK id="36FF7E63-41F2-532F-17DC-439CBB9665EA" name="SIEDU_PAE_CAPACITA_UK">
<sourceConnName>POLICIA</sourceConnName>
<sourceObjSchema>USR_DISIGAC2</sourceObjSchema>
<sourceObjName>SIEDU_PAE_UK</sourceObjName>
<createdBy>Manuel</createdBy>
<createdTime>2016-01-07 04:31:42 UTC</createdTime>
<generatorID>Generado por el Usuario</generatorID>
<ownerDesignName>ERD_POLICIA</ownerDesignName>
<indexState>Unique Constraint</indexState>
<isSurrogateKey>false</isSurrogateKey>
<indexColumnUsage>
<colUsage columnID="E05A5F3F-EB75-99EA-87CF-C84382B00F40"/>
<colUsage columnID="7CF167E2-F5D1-C282-37F7-269FCC5CADED"/>
<colUsage columnID="072A578C-B24B-0C19-7F8E-6265802698DF"/>
<colUsage columnID="AB35F4E1-120E-C4AC-ACB9-51884AC9E3DD"/>
<colUsage columnID="414BCC15-68AF-1A6C-17E0-A0334577905B"/>
<colUsage columnID="662D24D9-F80B-90B4-589B-982CFE8A9286"/>
<colUsage columnID="220121A3-FCF1-0D0B-3F02-6C494888FB34"/>
<colUsage columnID="F84F939C-47F4-CC1C-E2D1-5F3414CC845F"/>
</indexColumnUsage>
</ind_PK_UK>
<ind_PK_UK id="574D9B91-CF2A-BC5E-0B90-E41FD7151C1C" name="SIEDU_PAE_PK">
<sourceConnName>POLICIA</sourceConnName>
<sourceObjSchema>USR_DISIGAC2</sourceObjSchema>
<sourceObjName>SIEDU_PAE_PK</sourceObjName>
<createdBy>Manuel</createdBy>
<createdTime>2016-01-07 04:31:34 UTC</createdTime>
<generatorID>Generado por el Usuario</generatorID>
<ownerDesignName>ERD_POLICIA</ownerDesignName>
<indexState>Unique Plain Index</indexState>
<schemaObject>ED8B0381-61E9-98DB-D254-F5EC1AB94C4F</schemaObject>
<isSurrogateKey>false</isSurrogateKey>
<indexColumnUsage>
<colUsage columnID="E05A5F3F-EB75-99EA-87CF-C84382B00F40"/>
</indexColumnUsage>
</ind_PK_UK>
<ind_PK_UK id="E3D4F9BC-8721-8F78-789F-92C97D05BE1E" name="SIEDU_PAE_UK">
<sourceConnName>POLICIA</sourceConnName>
<sourceObjSchema>USR_DISIGAC2</sourceObjSchema>
<sourceObjName>SIEDU_PAE_UK</sourceObjName>
<createdBy>Manuel</createdBy>
<createdTime>2016-01-07 04:31:34 UTC</createdTime>
<generatorID>Generado por el Usuario</generatorID>
<ownerDesignName>ERD_POLICIA</ownerDesignName>
<indexState>Unique Plain Index</indexState>
<schemaObject>ED8B0381-61E9-98DB-D254-F5EC1AB94C4F</schemaObject>
<isSurrogateKey>false</isSurrogateKey>
<indexColumnUsage>
<colUsage columnID="4CBCE1F2-3138-8E40-8B38-625FD4E50D39"/>
<colUsage columnID="7CF167E2-F5D1-C282-37F7-269FCC5CADED"/>
<colUsage columnID="414BCC15-68AF-1A6C-17E0-A0334577905B"/>
<colUsage columnID="662D24D9-F80B-90B4-589B-982CFE8A9286"/>
<colUsage columnID="220121A3-FCF1-0D0B-3F02-6C494888FB34"/>
<colUsage columnID="F84F939C-47F4-CC1C-E2D1-5F3414CC845F"/>
<colUsage columnID="072A578C-B24B-0C19-7F8E-6265802698DF"/>
</indexColumnUsage>
</ind_PK_UK>
<ind_PK_UK id="56ABDDD7-3BD2-0D23-3CA7-509CBC101F45" name="SIEDU_PAE_CAPACITACION_PAE_FK">
<createdBy>Manuel</createdBy>
<createdTime>2016-01-11 02:03:01 UTC</createdTime>
<generatorID>Generado por el Usuario</generatorID>
<ownerDesignName>ERD_POLICIA</ownerDesignName>
<indexState>Foreign Key</indexState>
<isSurrogateKey>false</isSurrogateKey>
<indexColumnUsage>
<colUsage columnID="E05A5F3F-EB75-99EA-87CF-C84382B00F40"/>
</indexColumnUsage>
</ind_PK_UK>
<ind_PK_UK id="55CCDEE9-F2D9-F15A-7F91-9C2A8CB0A3E4" name="SIEDU_CAPACITACION_ESCUELA_FK">
<createdBy>Manuel</createdBy>
<createdTime>2016-01-11 04:17:00 UTC</createdTime>
<generatorID>Generado por el Usuario</generatorID>
<ownerDesignName>ERD_POLICIA</ownerDesignName>
<indexState>Foreign Key</indexState>
<isSurrogateKey>false</isSurrogateKey>
<indexColumnUsage>
<colUsage columnID="7CF167E2-F5D1-C282-37F7-269FCC5CADED"/>
<colUsage columnID="072A578C-B24B-0C19-7F8E-6265802698DF"/>
</indexColumnUsage>
</ind_PK_UK>
<ind_PK_UK id="C5434210-6B00-26EB-C24A-1F70E6876BB4" name="SIEDU_PAE_CAPACITA_CARRERAS_FK">
<createdBy>Manuel</createdBy>
<createdTime>2016-01-11 04:25:51 UTC</createdTime>
<generatorID>Generado por el Usuario</generatorID>
<ownerDesignName>ERD_POLICIA</ownerDesignName>
<indexState>Foreign Key</indexState>
<isSurrogateKey>false</isSurrogateKey>
<indexColumnUsage>
<colUsage columnID="AB35F4E1-120E-C4AC-ACB9-51884AC9E3DD"/>
<colUsage columnID="414BCC15-68AF-1A6C-17E0-A0334577905B"/>
</indexColumnUsage>
</ind_PK_UK>
</indexes>
<tableCheckConstraints itemClass="oracle.dbtools.crest.model.design.constraint.TableLevelConstraint">
<tableCheckConstraint name="SIEDU_PAE_CAPACITA_ESTADO_CK" directorySegmentName="seg_1" id="05A0B099-C9A3-8E3F-16D3-2E30306FAE6A">
<createdBy>Manuel</createdBy>
<createdTime>2016-01-25 02:57:31 UTC</createdTime>
<generatorID>Generado por el Usuario</generatorID>
<ownerDesignName>ERD_POLICIA</ownerDesignName>
<rule>capa_estado in (&apos;A&apos;, &apos;P&apos;, &apos;N&apos;)</rule>
</tableCheckConstraint>
<tableCheckConstraint name="SIEDU_PAE_CAPACITA_EXTERNO_CK" directorySegmentName="seg_2" id="0C596595-3035-299F-7844-230BCC9F9A53">
<createdBy>itc</createdBy>
<createdTime>2016-03-09 13:40:09 UTC</createdTime>
<generatorID>Generado por el Usuario</generatorID>
<ownerDesignName>ERD_POLICIA</ownerDesignName>
<rule>capa_externo in (&apos;S&apos;, &apos;N&apos;)</rule>
</tableCheckConstraint>
</tableCheckConstraints>
</Table>