<?xml version = '1.0' encoding = 'UTF-8'?>
<Table class="oracle.dbtools.crest.model.design.relational.Table" directorySegmentName="seg_0" id="F10CC118-F979-C949-2A8A-1DC08BFD35BC" name="CATEGORIAS">
<sourceConnName>POLICIA</sourceConnName>
<sourceObjSchema>USR_REHU</sourceObjSchema>
<sourceObjName>CATEGORIAS</sourceObjName>
<createdBy>Manuel</createdBy>
<createdTime>2016-03-08 04:14:44 UTC</createdTime>
<commentInRDBMS>Tabla en la cual se clasifica al personal uniformado y no uniformado segun sea su categoria</commentInRDBMS>
<generatorID>Generado por el Usuario</generatorID>
<ownerDesignName>ERD_POLICIA</ownerDesignName>
<importedID>31CBF981-1C96-B81C-8B77-3B2FF4E7932C</importedID>
<schemaObject>08A89F83-F1B6-076C-845F-07354A8D2081</schemaObject>
<allowColumnReorder>false</allowColumnReorder>
<existDependencyGenerateInDDl>true</existDependencyGenerateInDDl>
<columns itemClass="oracle.dbtools.crest.model.design.relational.Column">
<Column name="FUERZA" id="C53A3B12-CAB3-CAF8-552D-348D44C123DB">
<sourceConnName>POLICIA</sourceConnName>
<sourceObjSchema>CATEGORIAS</sourceObjSchema>
<sourceObjName>FUERZA</sourceObjName>
<createdBy>Manuel</createdBy>
<createdTime>2016-03-08 04:14:44 UTC</createdTime>
<commentInRDBMS>Fuerza. Defecto 6</commentInRDBMS>
<generatorID>Generado por el Usuario</generatorID>
<ownerDesignName>ERD_POLICIA</ownerDesignName>
<importedID>5E009E87-F5C4-BE32-9F78-52632EDD66CF</importedID>
<useDomainConstraints>false</useDomainConstraints>
<use>1</use>
<logicalDatatype>LOGDT019</logicalDatatype>
<dataTypePrecision>1</dataTypePrecision>
<autoIncrementCycle>false</autoIncrementCycle>
</Column>
<Column name="ID_CATEGORIA" id="5098A1B1-54F7-C437-E2D9-CEE6673D37E9">
<sourceConnName>POLICIA</sourceConnName>
<sourceObjSchema>CATEGORIAS</sourceObjSchema>
<sourceObjName>ID_CATEGORIA</sourceObjName>
<createdBy>Manuel</createdBy>
<createdTime>2016-03-08 04:14:44 UTC</createdTime>
<commentInRDBMS>Codigo de la Categoria</commentInRDBMS>
<generatorID>Generado por el Usuario</generatorID>
<ownerDesignName>ERD_POLICIA</ownerDesignName>
<importedID>A1DF1847-1F98-A708-A8BD-BF7ADDEE9E74</importedID>
<useDomainConstraints>false</useDomainConstraints>
<use>1</use>
<logicalDatatype>LOGDT019</logicalDatatype>
<autoIncrementCycle>false</autoIncrementCycle>
</Column>
<Column name="DESCRIPCION" id="C5FB10B4-72AF-9C1B-F863-55DBAFB82428">
<sourceConnName>POLICIA</sourceConnName>
<sourceObjSchema>CATEGORIAS</sourceObjSchema>
<sourceObjName>DESCRIPCION</sourceObjName>
<createdBy>Manuel</createdBy>
<createdTime>2016-03-08 04:14:44 UTC</createdTime>
<commentInRDBMS>Descripcion del Registro Creado</commentInRDBMS>
<generatorID>Generado por el Usuario</generatorID>
<ownerDesignName>ERD_POLICIA</ownerDesignName>
<importedID>251DC16E-945E-87BE-2A2E-6E894F844114</importedID>
<useDomainConstraints>false</useDomainConstraints>
<use>1</use>
<logicalDatatype>LOGDT024</logicalDatatype>
<dataTypeSize>40 BYTE</dataTypeSize>
<autoIncrementCycle>false</autoIncrementCycle>
</Column>
<Column name="CREADO_POR" id="31F9A040-0FBC-DFB2-849E-EF7A9134B492">
<sourceConnName>POLICIA</sourceConnName>
<sourceObjSchema>CATEGORIAS</sourceObjSchema>
<sourceObjName>CREADO_POR</sourceObjName>
<createdBy>Manuel</createdBy>
<createdTime>2016-03-08 04:14:44 UTC</createdTime>
<commentInRDBMS>Usuario que crea el registro</commentInRDBMS>
<generatorID>Generado por el Usuario</generatorID>
<ownerDesignName>ERD_POLICIA</ownerDesignName>
<importedID>7C5B1247-22FA-209A-6F88-3C6C17EB8AF4</importedID>
<useDomainConstraints>false</useDomainConstraints>
<use>1</use>
<logicalDatatype>LOGDT024</logicalDatatype>
<dataTypeSize>30 BYTE</dataTypeSize>
<autoIncrementCycle>false</autoIncrementCycle>
</Column>
<Column name="FECHA_CREACION" id="8613EE27-72AE-F447-40DF-4F59050F14F6">
<sourceConnName>POLICIA</sourceConnName>
<sourceObjSchema>CATEGORIAS</sourceObjSchema>
<sourceObjName>FECHA_CREACION</sourceObjName>
<createdBy>Manuel</createdBy>
<createdTime>2016-03-08 04:14:44 UTC</createdTime>
<commentInRDBMS>Fecha de creacion del registro</commentInRDBMS>
<generatorID>Generado por el Usuario</generatorID>
<ownerDesignName>ERD_POLICIA</ownerDesignName>
<importedID>896D8352-3D15-C0B2-DD76-00937A23218C</importedID>
<useDomainConstraints>false</useDomainConstraints>
<use>1</use>
<logicalDatatype>LOGDT007</logicalDatatype>
<dataTypeSize>7</dataTypeSize>
<autoIncrementCycle>false</autoIncrementCycle>
</Column>
<Column name="MAQUINA_CREACION" id="EBD1E25E-DF9B-616F-D17D-5D4188B6D932">
<sourceConnName>POLICIA</sourceConnName>
<sourceObjSchema>CATEGORIAS</sourceObjSchema>
<sourceObjName>MAQUINA_CREACION</sourceObjName>
<createdBy>Manuel</createdBy>
<createdTime>2016-03-08 04:14:44 UTC</createdTime>
<commentInRDBMS>Maquina que crea el Registro</commentInRDBMS>
<generatorID>Generado por el Usuario</generatorID>
<ownerDesignName>ERD_POLICIA</ownerDesignName>
<importedID>677E2027-FF3E-FBF2-5B4C-75CE77428208</importedID>
<useDomainConstraints>false</useDomainConstraints>
<use>1</use>
<logicalDatatype>LOGDT024</logicalDatatype>
<dataTypeSize>120 BYTE</dataTypeSize>
<autoIncrementCycle>false</autoIncrementCycle>
</Column>
<Column name="ACTUALIZA_POR" id="E87917F6-BCA0-4113-3089-1FEE5FAE9420">
<sourceConnName>POLICIA</sourceConnName>
<sourceObjSchema>CATEGORIAS</sourceObjSchema>
<sourceObjName>ACTUALIZA_POR</sourceObjName>
<createdBy>Manuel</createdBy>
<createdTime>2016-03-08 04:14:44 UTC</createdTime>
<generatorID>Generado por el Usuario</generatorID>
<ownerDesignName>ERD_POLICIA</ownerDesignName>
<importedID>830A69CD-08E5-69E0-147B-F7E2EBB7B07A</importedID>
<nullsAllowed>true</nullsAllowed>
<useDomainConstraints>false</useDomainConstraints>
<use>1</use>
<logicalDatatype>LOGDT024</logicalDatatype>
<dataTypeSize>30 BYTE</dataTypeSize>
<autoIncrementCycle>false</autoIncrementCycle>
</Column>
<Column name="FECHA_ACTUALIZA" id="98D9F972-AE49-BFF9-882F-1DD0B3E150FE">
<sourceConnName>POLICIA</sourceConnName>
<sourceObjSchema>CATEGORIAS</sourceObjSchema>
<sourceObjName>FECHA_ACTUALIZA</sourceObjName>
<createdBy>Manuel</createdBy>
<createdTime>2016-03-08 04:14:44 UTC</createdTime>
<commentInRDBMS>Fecha en que se actualiza el Registro</commentInRDBMS>
<generatorID>Generado por el Usuario</generatorID>
<ownerDesignName>ERD_POLICIA</ownerDesignName>
<importedID>9A0D9EFB-C9EC-58C5-001F-DD3552964B9C</importedID>
<nullsAllowed>true</nullsAllowed>
<useDomainConstraints>false</useDomainConstraints>
<use>1</use>
<logicalDatatype>LOGDT007</logicalDatatype>
<dataTypeSize>7</dataTypeSize>
<autoIncrementCycle>false</autoIncrementCycle>
</Column>
<Column name="MAQUINA_ACTUALIZA" id="2666AE88-20CC-679E-20E2-690CB5C5DAFD">
<sourceConnName>POLICIA</sourceConnName>
<sourceObjSchema>CATEGORIAS</sourceObjSchema>
<sourceObjName>MAQUINA_ACTUALIZA</sourceObjName>
<createdBy>Manuel</createdBy>
<createdTime>2016-03-08 04:14:44 UTC</createdTime>
<commentInRDBMS>Maquina que actualiza el registro</commentInRDBMS>
<generatorID>Generado por el Usuario</generatorID>
<ownerDesignName>ERD_POLICIA</ownerDesignName>
<importedID>7C0204DF-3376-B3D0-5BC7-4911D595A60A</importedID>
<nullsAllowed>true</nullsAllowed>
<useDomainConstraints>false</useDomainConstraints>
<use>1</use>
<logicalDatatype>LOGDT024</logicalDatatype>
<dataTypeSize>120 BYTE</dataTypeSize>
<autoIncrementCycle>false</autoIncrementCycle>
</Column>
</columns>
<indexes itemClass="oracle.dbtools.crest.model.design.relational.Index">
<ind_PK_UK id="CE2EFBCE-003D-8F64-8B0A-04B223A57415" name="CATE_PK">
<sourceConnName>POLICIA</sourceConnName>
<sourceObjSchema>USR_REHU</sourceObjSchema>
<sourceObjName>CATE_PK</sourceObjName>
<createdBy>Manuel</createdBy>
<createdTime>2016-03-08 04:14:44 UTC</createdTime>
<generatorID>Generado por el Usuario</generatorID>
<ownerDesignName>ERD_POLICIA</ownerDesignName>
<importedID>4B822B72-2A77-BA59-6862-7EA2A865A7CC</importedID>
<pk>true</pk>
<indexState>Primary Constraint</indexState>
<isSurrogateKey>false</isSurrogateKey>
<indexColumnUsage>
<colUsage columnID="C53A3B12-CAB3-CAF8-552D-348D44C123DB"/>
<colUsage columnID="5098A1B1-54F7-C437-E2D9-CEE6673D37E9"/>
</indexColumnUsage>
</ind_PK_UK>
<ind_PK_UK id="62D6950B-CFD9-7CA6-2D6D-482B8358CE3D" name="CATE_UK">
<sourceConnName>POLICIA</sourceConnName>
<sourceObjSchema>USR_REHU</sourceObjSchema>
<sourceObjName>CATE_UK</sourceObjName>
<createdBy>Manuel</createdBy>
<createdTime>2016-03-08 04:14:44 UTC</createdTime>
<generatorID>Generado por el Usuario</generatorID>
<ownerDesignName>ERD_POLICIA</ownerDesignName>
<importedID>E847ACCE-F6ED-F6DE-E6C5-12D1270F5057</importedID>
<indexState>Unique Constraint</indexState>
<isSurrogateKey>false</isSurrogateKey>
<indexColumnUsage>
<colUsage columnID="C53A3B12-CAB3-CAF8-552D-348D44C123DB"/>
<colUsage columnID="C5FB10B4-72AF-9C1B-F863-55DBAFB82428"/>
</indexColumnUsage>
</ind_PK_UK>
<ind_PK_UK id="740E2228-D906-0D71-304D-1BA041DE28CF" name="CATE_PK">
<sourceConnName>POLICIA</sourceConnName>
<sourceObjSchema>USR_REHU</sourceObjSchema>
<sourceObjName>CATE_PK</sourceObjName>
<createdBy>Manuel</createdBy>
<createdTime>2016-03-08 04:14:44 UTC</createdTime>
<generatorID>Generado por el Usuario</generatorID>
<ownerDesignName>ERD_POLICIA</ownerDesignName>
<importedID>B54E51A7-AAB3-A13E-8872-0E8E9B5DABFC</importedID>
<indexState>Unique Plain Index</indexState>
<schemaObject>08A89F83-F1B6-076C-845F-07354A8D2081</schemaObject>
<isSurrogateKey>false</isSurrogateKey>
<indexColumnUsage>
<colUsage columnID="C53A3B12-CAB3-CAF8-552D-348D44C123DB"/>
<colUsage columnID="5098A1B1-54F7-C437-E2D9-CEE6673D37E9"/>
</indexColumnUsage>
</ind_PK_UK>
<ind_PK_UK id="4F6C3525-F7B6-DE73-55B4-E800E1ECF3F7" name="CATE_UK">
<sourceConnName>POLICIA</sourceConnName>
<sourceObjSchema>USR_REHU</sourceObjSchema>
<sourceObjName>CATE_UK</sourceObjName>
<createdBy>Manuel</createdBy>
<createdTime>2016-03-08 04:14:44 UTC</createdTime>
<generatorID>Generado por el Usuario</generatorID>
<ownerDesignName>ERD_POLICIA</ownerDesignName>
<importedID>007BCCDD-2E28-0908-CC2D-28A4AB509A55</importedID>
<indexState>Unique Plain Index</indexState>
<schemaObject>08A89F83-F1B6-076C-845F-07354A8D2081</schemaObject>
<isSurrogateKey>false</isSurrogateKey>
<indexColumnUsage>
<colUsage columnID="C53A3B12-CAB3-CAF8-552D-348D44C123DB"/>
<colUsage columnID="C5FB10B4-72AF-9C1B-F863-55DBAFB82428"/>
</indexColumnUsage>
</ind_PK_UK>
</indexes>
</Table>