<?xml version = '1.0' encoding = 'UTF-8'?>
<Table class="oracle.dbtools.crest.model.design.relational.Table" directorySegmentName="seg_0" id="F455CCA3-6D7F-640B-E179-E2F327DFD1FC" name="CARGOS">
<sourceConnName>POLICIA</sourceConnName>
<sourceObjSchema>USR_REHU</sourceObjSchema>
<sourceObjName>CARGOS</sourceObjName>
<createdBy>Manuel</createdBy>
<createdTime>2016-03-08 04:14:44 UTC</createdTime>
<generatorID>Generado por el Usuario</generatorID>
<ownerDesignName>ERD_POLICIA</ownerDesignName>
<importedID>21D95A01-512F-ED42-C1D1-393803E44F53</importedID>
<schemaObject>08A89F83-F1B6-076C-845F-07354A8D2081</schemaObject>
<allowColumnReorder>false</allowColumnReorder>
<existDependencyGenerateInDDl>true</existDependencyGenerateInDDl>
<columns itemClass="oracle.dbtools.crest.model.design.relational.Column">
<Column name="FUERZA" id="4076A69F-141B-8A12-719F-841011B5F436">
<sourceConnName>POLICIA</sourceConnName>
<sourceObjSchema>CARGOS</sourceObjSchema>
<sourceObjName>FUERZA</sourceObjName>
<createdBy>Manuel</createdBy>
<createdTime>2016-03-08 04:14:44 UTC</createdTime>
<commentInRDBMS>Fuerza. Defecto 6</commentInRDBMS>
<generatorID>Generado por el Usuario</generatorID>
<ownerDesignName>ERD_POLICIA</ownerDesignName>
<importedID>BC704011-1A7E-BD46-71BE-E7EE40D33145</importedID>
<useDomainConstraints>false</useDomainConstraints>
<use>1</use>
<logicalDatatype>LOGDT019</logicalDatatype>
<dataTypePrecision>1</dataTypePrecision>
<autoIncrementCycle>false</autoIncrementCycle>
</Column>
<Column name="CARGO" id="A2210E6E-F6AC-1EDA-77E1-38800581E097">
<sourceConnName>POLICIA</sourceConnName>
<sourceObjSchema>CARGOS</sourceObjSchema>
<sourceObjName>CARGO</sourceObjName>
<createdBy>Manuel</createdBy>
<createdTime>2016-03-08 04:14:44 UTC</createdTime>
<commentInRDBMS>Codigo del Cargo</commentInRDBMS>
<generatorID>Generado por el Usuario</generatorID>
<ownerDesignName>ERD_POLICIA</ownerDesignName>
<importedID>7FDDAD71-B12C-DE75-4C3A-35BB5A2F2327</importedID>
<useDomainConstraints>false</useDomainConstraints>
<use>1</use>
<logicalDatatype>LOGDT019</logicalDatatype>
<autoIncrementCycle>false</autoIncrementCycle>
</Column>
<Column name="DESCRIPCION" id="8970E223-5C5E-FC8E-34E1-5B602FD40816">
<sourceConnName>POLICIA</sourceConnName>
<sourceObjSchema>CARGOS</sourceObjSchema>
<sourceObjName>DESCRIPCION</sourceObjName>
<createdBy>Manuel</createdBy>
<createdTime>2016-03-08 04:14:44 UTC</createdTime>
<commentInRDBMS>Descripcion del Registro Creado</commentInRDBMS>
<generatorID>Generado por el Usuario</generatorID>
<ownerDesignName>ERD_POLICIA</ownerDesignName>
<importedID>197AB749-B97E-73BA-44E9-73A22CFE29AE</importedID>
<useDomainConstraints>false</useDomainConstraints>
<use>1</use>
<logicalDatatype>LOGDT024</logicalDatatype>
<dataTypeSize>120 BYTE</dataTypeSize>
<autoIncrementCycle>false</autoIncrementCycle>
</Column>
<Column name="ABREVIATURA" id="FD9E0B55-C93E-EB34-8311-022C04A3421E">
<sourceConnName>POLICIA</sourceConnName>
<sourceObjSchema>CARGOS</sourceObjSchema>
<sourceObjName>ABREVIATURA</sourceObjName>
<createdBy>Manuel</createdBy>
<createdTime>2016-03-08 04:14:44 UTC</createdTime>
<commentInRDBMS>Nombre Corto del registro</commentInRDBMS>
<generatorID>Generado por el Usuario</generatorID>
<ownerDesignName>ERD_POLICIA</ownerDesignName>
<importedID>27FB043A-DFB1-187E-7CFE-4955A4E2ED27</importedID>
<useDomainConstraints>false</useDomainConstraints>
<use>1</use>
<logicalDatatype>LOGDT024</logicalDatatype>
<dataTypeSize>10 BYTE</dataTypeSize>
<autoIncrementCycle>false</autoIncrementCycle>
</Column>
<Column name="VIGENTE" id="80D9C42D-E4CD-269A-2A9D-91CBAE4CDBDC">
<sourceConnName>POLICIA</sourceConnName>
<sourceObjSchema>CARGOS</sourceObjSchema>
<sourceObjName>VIGENTE</sourceObjName>
<createdBy>Manuel</createdBy>
<createdTime>2016-03-08 04:14:44 UTC</createdTime>
<generatorID>Generado por el Usuario</generatorID>
<ownerDesignName>ERD_POLICIA</ownerDesignName>
<importedID>CE43D4F6-61A1-A670-9E15-1F968D8C7997</importedID>
<useDomainConstraints>false</useDomainConstraints>
<use>1</use>
<logicalDatatype>LOGDT025</logicalDatatype>
<dataTypeSize>2 BYTE</dataTypeSize>
<autoIncrementCycle>false</autoIncrementCycle>
</Column>
<Column name="TIPO_CARGO" id="48CE132A-D9F7-A4A6-D3AF-3AE77320730E">
<sourceConnName>POLICIA</sourceConnName>
<sourceObjSchema>CARGOS</sourceObjSchema>
<sourceObjName>TIPO_CARGO</sourceObjName>
<createdBy>Manuel</createdBy>
<createdTime>2016-03-08 04:14:44 UTC</createdTime>
<commentInRDBMS>Tipo cargo</commentInRDBMS>
<generatorID>Generado por el Usuario</generatorID>
<ownerDesignName>ERD_POLICIA</ownerDesignName>
<importedID>88A55F18-F048-B30C-7257-567FB8883589</importedID>
<useDomainConstraints>false</useDomainConstraints>
<use>1</use>
<logicalDatatype>LOGDT024</logicalDatatype>
<dataTypeSize>2 BYTE</dataTypeSize>
<autoIncrementCycle>false</autoIncrementCycle>
</Column>
<Column name="CREADO_POR" id="B1AD464A-2F10-3191-FEB9-2663A3542F87">
<sourceConnName>POLICIA</sourceConnName>
<sourceObjSchema>CARGOS</sourceObjSchema>
<sourceObjName>CREADO_POR</sourceObjName>
<createdBy>Manuel</createdBy>
<createdTime>2016-03-08 04:14:44 UTC</createdTime>
<commentInRDBMS>Usuario que crea el registro</commentInRDBMS>
<generatorID>Generado por el Usuario</generatorID>
<ownerDesignName>ERD_POLICIA</ownerDesignName>
<importedID>5AF648F6-0386-7C3B-52CA-D02BFC6CC39A</importedID>
<useDomainConstraints>false</useDomainConstraints>
<use>1</use>
<logicalDatatype>LOGDT024</logicalDatatype>
<dataTypeSize>30 BYTE</dataTypeSize>
<autoIncrementCycle>false</autoIncrementCycle>
</Column>
<Column name="FECHA_CREACION" id="7864DC4D-0AFB-A7CE-6CDB-20B12FF6FDC7">
<sourceConnName>POLICIA</sourceConnName>
<sourceObjSchema>CARGOS</sourceObjSchema>
<sourceObjName>FECHA_CREACION</sourceObjName>
<createdBy>Manuel</createdBy>
<createdTime>2016-03-08 04:14:44 UTC</createdTime>
<commentInRDBMS>Fecha de creacion del registro</commentInRDBMS>
<generatorID>Generado por el Usuario</generatorID>
<ownerDesignName>ERD_POLICIA</ownerDesignName>
<importedID>5D78D973-6E1E-5F2B-DA9D-D05214E30278</importedID>
<useDomainConstraints>false</useDomainConstraints>
<use>1</use>
<logicalDatatype>LOGDT007</logicalDatatype>
<dataTypeSize>7</dataTypeSize>
<autoIncrementCycle>false</autoIncrementCycle>
</Column>
<Column name="MAQUINA_CREACION" id="6CEE119F-FD19-A331-6B7B-5DCE28B4638C">
<sourceConnName>POLICIA</sourceConnName>
<sourceObjSchema>CARGOS</sourceObjSchema>
<sourceObjName>MAQUINA_CREACION</sourceObjName>
<createdBy>Manuel</createdBy>
<createdTime>2016-03-08 04:14:44 UTC</createdTime>
<commentInRDBMS>Maquina que crea el Registro</commentInRDBMS>
<generatorID>Generado por el Usuario</generatorID>
<ownerDesignName>ERD_POLICIA</ownerDesignName>
<importedID>5C5FDD92-0740-456F-6EAA-DF6944BD4438</importedID>
<useDomainConstraints>false</useDomainConstraints>
<use>1</use>
<logicalDatatype>LOGDT024</logicalDatatype>
<dataTypeSize>120 BYTE</dataTypeSize>
<autoIncrementCycle>false</autoIncrementCycle>
</Column>
<Column name="ACTUALIZADO_POR" id="554A6FA5-5D72-BE40-19AD-3C2DC764FBB3">
<sourceConnName>POLICIA</sourceConnName>
<sourceObjSchema>CARGOS</sourceObjSchema>
<sourceObjName>ACTUALIZADO_POR</sourceObjName>
<createdBy>Manuel</createdBy>
<createdTime>2016-03-08 04:14:44 UTC</createdTime>
<commentInRDBMS> Maquina que actualiza el registro</commentInRDBMS>
<generatorID>Generado por el Usuario</generatorID>
<ownerDesignName>ERD_POLICIA</ownerDesignName>
<importedID>3962DF05-247A-CC9F-D86A-8EDDD46F7860</importedID>
<nullsAllowed>true</nullsAllowed>
<useDomainConstraints>false</useDomainConstraints>
<use>1</use>
<logicalDatatype>LOGDT024</logicalDatatype>
<dataTypeSize>30 BYTE</dataTypeSize>
<autoIncrementCycle>false</autoIncrementCycle>
</Column>
<Column name="FECHA_ACTUALIZA" id="C3BB7EDA-E781-300F-4035-299550AD8D06">
<sourceConnName>POLICIA</sourceConnName>
<sourceObjSchema>CARGOS</sourceObjSchema>
<sourceObjName>FECHA_ACTUALIZA</sourceObjName>
<createdBy>Manuel</createdBy>
<createdTime>2016-03-08 04:14:44 UTC</createdTime>
<commentInRDBMS>Fecha en que se actualiza el Registro</commentInRDBMS>
<generatorID>Generado por el Usuario</generatorID>
<ownerDesignName>ERD_POLICIA</ownerDesignName>
<importedID>76B460DC-6B47-00AE-0DE9-96EA2DC67ED5</importedID>
<nullsAllowed>true</nullsAllowed>
<useDomainConstraints>false</useDomainConstraints>
<use>1</use>
<logicalDatatype>LOGDT007</logicalDatatype>
<dataTypeSize>7</dataTypeSize>
<autoIncrementCycle>false</autoIncrementCycle>
</Column>
<Column name="MAQUINA_ACTUALIZA" id="76B6A14B-7C61-5050-BBD3-B719AFBA5114">
<sourceConnName>POLICIA</sourceConnName>
<sourceObjSchema>CARGOS</sourceObjSchema>
<sourceObjName>MAQUINA_ACTUALIZA</sourceObjName>
<createdBy>Manuel</createdBy>
<createdTime>2016-03-08 04:14:44 UTC</createdTime>
<commentInRDBMS>Maquina que actualiza el registro</commentInRDBMS>
<generatorID>Generado por el Usuario</generatorID>
<ownerDesignName>ERD_POLICIA</ownerDesignName>
<importedID>FB3FC3F1-22BF-F93A-1410-DFEF034159BF</importedID>
<nullsAllowed>true</nullsAllowed>
<useDomainConstraints>false</useDomainConstraints>
<use>1</use>
<logicalDatatype>LOGDT024</logicalDatatype>
<dataTypeSize>120 BYTE</dataTypeSize>
<autoIncrementCycle>false</autoIncrementCycle>
</Column>
<Column name="NIVEL_RIESGO" id="65B94E2C-632A-0BD0-E9D8-FF890A4116B8">
<sourceConnName>POLICIA</sourceConnName>
<sourceObjSchema>CARGOS</sourceObjSchema>
<sourceObjName>NIVEL_RIESGO</sourceObjName>
<createdBy>Manuel</createdBy>
<createdTime>2016-03-08 04:14:44 UTC</createdTime>
<generatorID>Generado por el Usuario</generatorID>
<ownerDesignName>ERD_POLICIA</ownerDesignName>
<importedID>7C6DECD1-A481-37B7-D2B8-719DB2B91547</importedID>
<nullsAllowed>true</nullsAllowed>
<useDomainConstraints>false</useDomainConstraints>
<use>1</use>
<logicalDatatype>LOGDT019</logicalDatatype>
<dataTypePrecision>5</dataTypePrecision>
<dataTypeScale>2</dataTypeScale>
<autoIncrementCycle>false</autoIncrementCycle>
</Column>
<Column name="CARGO_PADRE" id="4FF55AA1-5C17-EF57-D2B4-23E5FAE0B593">
<sourceConnName>POLICIA</sourceConnName>
<sourceObjSchema>CARGOS</sourceObjSchema>
<sourceObjName>CARGO_PADRE</sourceObjName>
<createdBy>Manuel</createdBy>
<createdTime>2016-03-08 04:14:44 UTC</createdTime>
<commentInRDBMS>Codigo del cargo padre </commentInRDBMS>
<generatorID>Generado por el Usuario</generatorID>
<ownerDesignName>ERD_POLICIA</ownerDesignName>
<importedID>E85A6296-745C-15C8-B015-8394C5C11B4D</importedID>
<nullsAllowed>true</nullsAllowed>
<useDomainConstraints>false</useDomainConstraints>
<use>1</use>
<logicalDatatype>LOGDT019</logicalDatatype>
<delegate>A2210E6E-F6AC-1EDA-77E1-38800581E097</delegate>
<autoIncrementCycle>false</autoIncrementCycle>
<associations>
<colAssociation fkAssociation="D25C1B42-73F8-039D-D5C5-70FABFF1021F" referredColumn="A2210E6E-F6AC-1EDA-77E1-38800581E097"/>
</associations>
</Column>
<Column name="FUERZA_PADRE" id="7E55A9D4-3ECA-3669-ED7A-50E6DB42ABA7">
<sourceConnName>POLICIA</sourceConnName>
<sourceObjSchema>CARGOS</sourceObjSchema>
<sourceObjName>FUERZA_PADRE</sourceObjName>
<createdBy>Manuel</createdBy>
<createdTime>2016-03-08 04:14:44 UTC</createdTime>
<commentInRDBMS>Fuerza del codigo padre</commentInRDBMS>
<generatorID>Generado por el Usuario</generatorID>
<ownerDesignName>ERD_POLICIA</ownerDesignName>
<importedID>3202EAD9-573F-E26E-3E4C-EA4EC8868AEB</importedID>
<nullsAllowed>true</nullsAllowed>
<useDomainConstraints>false</useDomainConstraints>
<use>1</use>
<logicalDatatype>LOGDT019</logicalDatatype>
<dataTypePrecision>1</dataTypePrecision>
<delegate>4076A69F-141B-8A12-719F-841011B5F436</delegate>
<autoIncrementCycle>false</autoIncrementCycle>
<associations>
<colAssociation fkAssociation="D25C1B42-73F8-039D-D5C5-70FABFF1021F" referredColumn="4076A69F-141B-8A12-719F-841011B5F436"/>
</associations>
</Column>
<Column name="CONDICION_TOP" id="242DE4E8-68E0-EB39-8A19-5E24AA0DCC32">
<sourceConnName>POLICIA</sourceConnName>
<sourceObjSchema>CARGOS</sourceObjSchema>
<sourceObjName>CONDICION_TOP</sourceObjName>
<createdBy>Manuel</createdBy>
<createdTime>2016-03-08 04:14:44 UTC</createdTime>
<generatorID>Generado por el Usuario</generatorID>
<ownerDesignName>ERD_POLICIA</ownerDesignName>
<importedID>A3FD7C39-3DC5-9744-5E1C-37F28301F748</importedID>
<nullsAllowed>true</nullsAllowed>
<useDomainConstraints>false</useDomainConstraints>
<use>1</use>
<logicalDatatype>LOGDT024</logicalDatatype>
<dataTypeSize>2 BYTE</dataTypeSize>
<autoIncrementCycle>false</autoIncrementCycle>
</Column>
<Column name="TIEMPO_MAXIMO" id="5548B8D1-2301-23F0-0A26-FBA4F63B9B0C">
<sourceConnName>POLICIA</sourceConnName>
<sourceObjSchema>CARGOS</sourceObjSchema>
<sourceObjName>TIEMPO_MAXIMO</sourceObjName>
<createdBy>Manuel</createdBy>
<createdTime>2016-03-08 04:14:44 UTC</createdTime>
<generatorID>Generado por el Usuario</generatorID>
<ownerDesignName>ERD_POLICIA</ownerDesignName>
<importedID>12A4AC38-BAB6-6558-6E8B-9D3311D10F93</importedID>
<nullsAllowed>true</nullsAllowed>
<useDomainConstraints>false</useDomainConstraints>
<use>1</use>
<logicalDatatype>LOGDT019</logicalDatatype>
<autoIncrementCycle>false</autoIncrementCycle>
</Column>
<Column name="TIEMPO_MINIMO" id="C15FB4D7-E6B0-AE73-BBB0-0EB709BB72FE">
<sourceConnName>POLICIA</sourceConnName>
<sourceObjSchema>CARGOS</sourceObjSchema>
<sourceObjName>TIEMPO_MINIMO</sourceObjName>
<createdBy>Manuel</createdBy>
<createdTime>2016-03-08 04:14:44 UTC</createdTime>
<generatorID>Generado por el Usuario</generatorID>
<ownerDesignName>ERD_POLICIA</ownerDesignName>
<importedID>983275DE-B42B-622D-64AC-F78439E0B0A4</importedID>
<nullsAllowed>true</nullsAllowed>
<useDomainConstraints>false</useDomainConstraints>
<use>1</use>
<logicalDatatype>LOGDT019</logicalDatatype>
<autoIncrementCycle>false</autoIncrementCycle>
</Column>
<Column name="ORDEN" id="9B0E3083-770F-48B0-F0E3-A6087907F8E5">
<sourceConnName>POLICIA</sourceConnName>
<sourceObjSchema>CARGOS</sourceObjSchema>
<sourceObjName>ORDEN</sourceObjName>
<createdBy>Manuel</createdBy>
<createdTime>2016-03-08 04:14:44 UTC</createdTime>
<generatorID>Generado por el Usuario</generatorID>
<ownerDesignName>ERD_POLICIA</ownerDesignName>
<importedID>76D19917-2AEC-F692-E819-F774AEA7CFDF</importedID>
<nullsAllowed>true</nullsAllowed>
<useDomainConstraints>false</useDomainConstraints>
<use>1</use>
<logicalDatatype>LOGDT019</logicalDatatype>
<autoIncrementCycle>false</autoIncrementCycle>
</Column>
<Column name="NIVEL_MISIONAL" id="198AFB7B-4B22-D303-5DE2-5D11714EA66A">
<sourceConnName>POLICIA</sourceConnName>
<sourceObjSchema>CARGOS</sourceObjSchema>
<sourceObjName>NIVEL_MISIONAL</sourceObjName>
<createdBy>Manuel</createdBy>
<createdTime>2016-03-08 04:14:44 UTC</createdTime>
<generatorID>Generado por el Usuario</generatorID>
<ownerDesignName>ERD_POLICIA</ownerDesignName>
<importedID>CE0FB7C1-6B61-83EA-98FC-CF8C0255DBBC</importedID>
<nullsAllowed>true</nullsAllowed>
<useDomainConstraints>false</useDomainConstraints>
<use>1</use>
<logicalDatatype>LOGDT024</logicalDatatype>
<dataTypeSize>2 BYTE</dataTypeSize>
<autoIncrementCycle>false</autoIncrementCycle>
</Column>
<Column name="NIVEL_JERARQUICO" id="2302449C-A1BF-4585-4341-A3E01614F646">
<sourceConnName>POLICIA</sourceConnName>
<sourceObjSchema>CARGOS</sourceObjSchema>
<sourceObjName>NIVEL_JERARQUICO</sourceObjName>
<createdBy>Manuel</createdBy>
<createdTime>2016-03-08 04:14:44 UTC</createdTime>
<generatorID>Generado por el Usuario</generatorID>
<ownerDesignName>ERD_POLICIA</ownerDesignName>
<importedID>D64D5736-50BE-99AB-7BA7-99CA94882291</importedID>
<nullsAllowed>true</nullsAllowed>
<useDomainConstraints>false</useDomainConstraints>
<use>1</use>
<logicalDatatype>LOGDT024</logicalDatatype>
<dataTypeSize>2 BYTE</dataTypeSize>
<autoIncrementCycle>false</autoIncrementCycle>
</Column>
<Column name="OBJETIVO_GENERAL" id="2502D013-3195-7866-C3C7-6688C96CFD90">
<sourceConnName>POLICIA</sourceConnName>
<sourceObjSchema>CARGOS</sourceObjSchema>
<sourceObjName>OBJETIVO_GENERAL</sourceObjName>
<createdBy>Manuel</createdBy>
<createdTime>2016-03-08 04:14:44 UTC</createdTime>
<generatorID>Generado por el Usuario</generatorID>
<ownerDesignName>ERD_POLICIA</ownerDesignName>
<importedID>4F1F65D3-EE4E-12A8-5C4A-3184FB235165</importedID>
<nullsAllowed>true</nullsAllowed>
<useDomainConstraints>false</useDomainConstraints>
<use>1</use>
<logicalDatatype>LOGDT024</logicalDatatype>
<dataTypeSize>4000 BYTE</dataTypeSize>
<autoIncrementCycle>false</autoIncrementCycle>
</Column>
<Column name="CARGO_CRITICO" id="1A7BBB1E-C89F-1916-D4BC-F81D60D5B740">
<sourceConnName>POLICIA</sourceConnName>
<sourceObjSchema>CARGOS</sourceObjSchema>
<sourceObjName>CARGO_CRITICO</sourceObjName>
<createdBy>Manuel</createdBy>
<createdTime>2016-03-08 04:14:44 UTC</createdTime>
<commentInRDBMS>Indica si el cargo es clasificado como critico (SI/NO)</commentInRDBMS>
<generatorID>Generado por el Usuario</generatorID>
<ownerDesignName>ERD_POLICIA</ownerDesignName>
<importedID>8841BD8C-CFFB-A2CC-6DA6-72443E959C95</importedID>
<nullsAllowed>true</nullsAllowed>
<useDomainConstraints>false</useDomainConstraints>
<use>1</use>
<logicalDatatype>LOGDT024</logicalDatatype>
<dataTypeSize>2 BYTE</dataTypeSize>
<autoIncrementCycle>false</autoIncrementCycle>
</Column>
<Column name="ID_DESPLIEGUE" id="58DAB6F5-6167-3A2B-DD5B-A7FEAD22C9CE">
<sourceConnName>POLICIA</sourceConnName>
<sourceObjSchema>CARGOS</sourceObjSchema>
<sourceObjName>ID_DESPLIEGUE</sourceObjName>
<createdBy>Manuel</createdBy>
<createdTime>2016-03-08 04:14:44 UTC</createdTime>
<generatorID>Generado por el Usuario</generatorID>
<ownerDesignName>ERD_POLICIA</ownerDesignName>
<importedID>D9D04947-209E-3900-B143-50F58BF8CEEE</importedID>
<nullsAllowed>true</nullsAllowed>
<useDomainConstraints>false</useDomainConstraints>
<use>1</use>
<logicalDatatype>LOGDT019</logicalDatatype>
<autoIncrementCycle>false</autoIncrementCycle>
</Column>
<Column name="ID_NIVEL_RESPONSABILIDAD" id="262D0E2C-80B4-6280-57CE-272DBB8F1C26">
<sourceConnName>POLICIA</sourceConnName>
<sourceObjSchema>CARGOS</sourceObjSchema>
<sourceObjName>ID_NIVEL_RESPONSABILIDAD</sourceObjName>
<createdBy>Manuel</createdBy>
<createdTime>2016-03-08 04:14:44 UTC</createdTime>
<generatorID>Generado por el Usuario</generatorID>
<ownerDesignName>ERD_POLICIA</ownerDesignName>
<importedID>CB9CAA92-419F-82F5-4378-006D14FB4343</importedID>
<nullsAllowed>true</nullsAllowed>
<useDomainConstraints>false</useDomainConstraints>
<use>1</use>
<logicalDatatype>LOGDT019</logicalDatatype>
<autoIncrementCycle>false</autoIncrementCycle>
</Column>
<Column name="ID_MODALIDAD" id="67764458-BD74-A018-96DF-416DFD0B06E9">
<sourceConnName>POLICIA</sourceConnName>
<sourceObjSchema>CARGOS</sourceObjSchema>
<sourceObjName>ID_MODALIDAD</sourceObjName>
<createdBy>Manuel</createdBy>
<createdTime>2016-03-08 04:14:44 UTC</createdTime>
<generatorID>Generado por el Usuario</generatorID>
<ownerDesignName>ERD_POLICIA</ownerDesignName>
<importedID>C4B0D9C1-D8A7-5A8C-162A-F9F441DDAC4D</importedID>
<nullsAllowed>true</nullsAllowed>
<useDomainConstraints>false</useDomainConstraints>
<use>1</use>
<logicalDatatype>LOGDT019</logicalDatatype>
<autoIncrementCycle>false</autoIncrementCycle>
</Column>
<Column name="ID_HAB_COMPORTAMENTAL" id="7C0CA988-0A9C-AA44-A3EA-34CC84A685FD">
<sourceConnName>POLICIA</sourceConnName>
<sourceObjSchema>CARGOS</sourceObjSchema>
<sourceObjName>ID_HAB_COMPORTAMENTAL</sourceObjName>
<createdBy>Manuel</createdBy>
<createdTime>2016-03-08 04:14:44 UTC</createdTime>
<generatorID>Generado por el Usuario</generatorID>
<ownerDesignName>ERD_POLICIA</ownerDesignName>
<importedID>B0D09F92-3A97-293D-A3BE-9055F1131DEA</importedID>
<nullsAllowed>true</nullsAllowed>
<useDomainConstraints>false</useDomainConstraints>
<use>1</use>
<logicalDatatype>LOGDT019</logicalDatatype>
<autoIncrementCycle>false</autoIncrementCycle>
</Column>
<Column name="SUSCEPTIBLE_CORRUPCION" id="33A22918-79D8-43FD-3606-0191813262E6">
<sourceConnName>POLICIA</sourceConnName>
<sourceObjSchema>CARGOS</sourceObjSchema>
<sourceObjName>SUSCEPTIBLE_CORRUPCION</sourceObjName>
<createdBy>Manuel</createdBy>
<createdTime>2016-03-08 04:14:44 UTC</createdTime>
<commentInRDBMS>Indica si el cargo es Supceptible de corrupci¿n (SI/NO)</commentInRDBMS>
<generatorID>Generado por el Usuario</generatorID>
<ownerDesignName>ERD_POLICIA</ownerDesignName>
<importedID>8CC4953A-BBA7-1C1E-4C88-F13D27609A0C</importedID>
<constraintName>SUSCEPTIBLE_CORRUPCION_CHK</constraintName>
<useDomainConstraints>false</useDomainConstraints>
<use>1</use>
<logicalDatatype>LOGDT024</logicalDatatype>
<dataTypeSize>2 BYTE</dataTypeSize>
<listOfValues>
<valueDef value="&apos;NO&apos;" description=""/>
<valueDef value="&apos;SI&apos;" description=""/>
</listOfValues>
<autoIncrementCycle>false</autoIncrementCycle>
</Column>
</columns>
<indexes itemClass="oracle.dbtools.crest.model.design.relational.Index">
<ind_PK_UK id="9DB00145-B86D-2A62-6249-8402E9FC3367" name="CARG_PK">
<sourceConnName>POLICIA</sourceConnName>
<sourceObjSchema>USR_REHU</sourceObjSchema>
<sourceObjName>CARG_PK</sourceObjName>
<createdBy>Manuel</createdBy>
<createdTime>2016-03-08 04:14:44 UTC</createdTime>
<generatorID>Generado por el Usuario</generatorID>
<ownerDesignName>ERD_POLICIA</ownerDesignName>
<importedID>DE9E4F68-C17E-4192-06A8-9A84465085EA</importedID>
<pk>true</pk>
<indexState>Primary Constraint</indexState>
<isSurrogateKey>false</isSurrogateKey>
<indexColumnUsage>
<colUsage columnID="4076A69F-141B-8A12-719F-841011B5F436"/>
<colUsage columnID="A2210E6E-F6AC-1EDA-77E1-38800581E097"/>
</indexColumnUsage>
</ind_PK_UK>
<ind_PK_UK id="263CEB85-EBF6-7F59-7122-91981DA7A9FF" name="CARG_UK">
<sourceConnName>POLICIA</sourceConnName>
<sourceObjSchema>USR_REHU</sourceObjSchema>
<sourceObjName>CARG_UK</sourceObjName>
<createdBy>Manuel</createdBy>
<createdTime>2016-03-08 04:14:44 UTC</createdTime>
<generatorID>Generado por el Usuario</generatorID>
<ownerDesignName>ERD_POLICIA</ownerDesignName>
<importedID>A46AC17A-C13A-F879-B02A-77A4537C1FBE</importedID>
<indexState>Unique Constraint</indexState>
<isSurrogateKey>false</isSurrogateKey>
<indexColumnUsage>
<colUsage columnID="4076A69F-141B-8A12-719F-841011B5F436"/>
<colUsage columnID="8970E223-5C5E-FC8E-34E1-5B602FD40816"/>
<colUsage columnID="242DE4E8-68E0-EB39-8A19-5E24AA0DCC32"/>
</indexColumnUsage>
</ind_PK_UK>
<ind_PK_UK id="F9A0612C-09E0-A4B1-BE4F-C11C4AC6CEB6" name="CARG_UK2">
<sourceConnName>POLICIA</sourceConnName>
<sourceObjSchema>USR_REHU</sourceObjSchema>
<sourceObjName>CARG_UK2</sourceObjName>
<createdBy>Manuel</createdBy>
<createdTime>2016-03-08 04:14:44 UTC</createdTime>
<generatorID>Generado por el Usuario</generatorID>
<ownerDesignName>ERD_POLICIA</ownerDesignName>
<importedID>AADD9FB0-5873-1B7F-C6FC-6BE1A66DC834</importedID>
<indexState>Unique Constraint</indexState>
<isSurrogateKey>false</isSurrogateKey>
<indexColumnUsage>
<colUsage columnID="4076A69F-141B-8A12-719F-841011B5F436"/>
<colUsage columnID="FD9E0B55-C93E-EB34-8311-022C04A3421E"/>
<colUsage columnID="242DE4E8-68E0-EB39-8A19-5E24AA0DCC32"/>
</indexColumnUsage>
</ind_PK_UK>
<ind_PK_UK id="6C01383B-77FA-7035-ECF6-16C152032B86" name="IDX_CARGOS_LSI_NIVEL_RIESGO_FK">
<sourceConnName>POLICIA</sourceConnName>
<sourceObjSchema>USR_REHU</sourceObjSchema>
<sourceObjName>IDX_CARGOS_LSI_NIVEL_RIESGO_FK</sourceObjName>
<createdBy>Manuel</createdBy>
<createdTime>2016-03-08 04:14:44 UTC</createdTime>
<generatorID>Generado por el Usuario</generatorID>
<ownerDesignName>ERD_POLICIA</ownerDesignName>
<importedID>91DE4983-6EF9-0561-77FB-D584887F3D52</importedID>
<schemaObject>08A89F83-F1B6-076C-845F-07354A8D2081</schemaObject>
<isSurrogateKey>false</isSurrogateKey>
<indexColumnUsage>
<colUsage columnID="65B94E2C-632A-0BD0-E9D8-FF890A4116B8"/>
</indexColumnUsage>
</ind_PK_UK>
<ind_PK_UK id="4C63A330-EB43-927E-C548-826FED673168" name="CARG_PK">
<sourceConnName>POLICIA</sourceConnName>
<sourceObjSchema>USR_REHU</sourceObjSchema>
<sourceObjName>CARG_PK</sourceObjName>
<createdBy>Manuel</createdBy>
<createdTime>2016-03-08 04:14:44 UTC</createdTime>
<generatorID>Generado por el Usuario</generatorID>
<ownerDesignName>ERD_POLICIA</ownerDesignName>
<importedID>CB50C464-B65A-5316-0FD4-A306AB28FE34</importedID>
<indexState>Unique Plain Index</indexState>
<schemaObject>08A89F83-F1B6-076C-845F-07354A8D2081</schemaObject>
<isSurrogateKey>false</isSurrogateKey>
<indexColumnUsage>
<colUsage columnID="4076A69F-141B-8A12-719F-841011B5F436"/>
<colUsage columnID="A2210E6E-F6AC-1EDA-77E1-38800581E097"/>
</indexColumnUsage>
</ind_PK_UK>
<ind_PK_UK id="85E9FB7A-BBB6-2A95-1965-5BAB25A2AA92" name="IDX_FKSETI_##20_CARGOS_CARGOS_">
<sourceConnName>POLICIA</sourceConnName>
<sourceObjSchema>USR_REHU</sourceObjSchema>
<sourceObjName>IDX_FKSETI_##20_CARGOS_CARGOS_</sourceObjName>
<createdBy>Manuel</createdBy>
<createdTime>2016-03-08 04:14:44 UTC</createdTime>
<generatorID>Generado por el Usuario</generatorID>
<ownerDesignName>ERD_POLICIA</ownerDesignName>
<importedID>A602C4CE-4264-C3D0-4936-3A3FEB101FC6</importedID>
<schemaObject>08A89F83-F1B6-076C-845F-07354A8D2081</schemaObject>
<isSurrogateKey>false</isSurrogateKey>
<indexColumnUsage>
<colUsage columnID="7E55A9D4-3ECA-3669-ED7A-50E6DB42ABA7"/>
<colUsage columnID="4FF55AA1-5C17-EF57-D2B4-23E5FAE0B593"/>
</indexColumnUsage>
</ind_PK_UK>
<ind_PK_UK id="21333B05-46DA-7ECE-4296-646D2707D533" name="CARG_UK">
<sourceConnName>POLICIA</sourceConnName>
<sourceObjSchema>USR_REHU</sourceObjSchema>
<sourceObjName>CARG_UK</sourceObjName>
<createdBy>Manuel</createdBy>
<createdTime>2016-03-08 04:14:44 UTC</createdTime>
<generatorID>Generado por el Usuario</generatorID>
<ownerDesignName>ERD_POLICIA</ownerDesignName>
<importedID>A22BD697-8505-80BD-4265-EAB786EA06FA</importedID>
<indexState>Unique Plain Index</indexState>
<schemaObject>08A89F83-F1B6-076C-845F-07354A8D2081</schemaObject>
<isSurrogateKey>false</isSurrogateKey>
<indexColumnUsage>
<colUsage columnID="4076A69F-141B-8A12-719F-841011B5F436"/>
<colUsage columnID="8970E223-5C5E-FC8E-34E1-5B602FD40816"/>
<colUsage columnID="242DE4E8-68E0-EB39-8A19-5E24AA0DCC32"/>
</indexColumnUsage>
</ind_PK_UK>
<ind_PK_UK id="6569399A-3712-182F-8553-7E9BF01DC488" name="CARG_UK2">
<sourceConnName>POLICIA</sourceConnName>
<sourceObjSchema>USR_REHU</sourceObjSchema>
<sourceObjName>CARG_UK2</sourceObjName>
<createdBy>Manuel</createdBy>
<createdTime>2016-03-08 04:14:44 UTC</createdTime>
<generatorID>Generado por el Usuario</generatorID>
<ownerDesignName>ERD_POLICIA</ownerDesignName>
<importedID>6E7B0FE1-175A-1EF8-B4B4-D76FCFBFC0DA</importedID>
<indexState>Unique Plain Index</indexState>
<schemaObject>08A89F83-F1B6-076C-845F-07354A8D2081</schemaObject>
<isSurrogateKey>false</isSurrogateKey>
<indexColumnUsage>
<colUsage columnID="4076A69F-141B-8A12-719F-841011B5F436"/>
<colUsage columnID="FD9E0B55-C93E-EB34-8311-022C04A3421E"/>
<colUsage columnID="242DE4E8-68E0-EB39-8A19-5E24AA0DCC32"/>
</indexColumnUsage>
</ind_PK_UK>
<ind_PK_UK id="76E8173B-1B95-C3DB-47C4-CDE19F7FD609" name="CARGOS_PADRE_CARGOS_FK">
<createdBy>Manuel</createdBy>
<createdTime>2016-03-08 04:14:44 UTC</createdTime>
<generatorID>Generado por el Usuario</generatorID>
<ownerDesignName>ERD_POLICIA</ownerDesignName>
<indexState>Foreign Key</indexState>
<isSurrogateKey>false</isSurrogateKey>
<indexColumnUsage>
<colUsage columnID="7E55A9D4-3ECA-3669-ED7A-50E6DB42ABA7"/>
<colUsage columnID="4FF55AA1-5C17-EF57-D2B4-23E5FAE0B593"/>
</indexColumnUsage>
</ind_PK_UK>
</indexes>
<validTimeDimensions>
<validTimeDimension class="oracle.dbtools.crest.model.design.relational.ValidTimeDimension" name="SYS_STSPDA#I02TJDL_4LBMPX5MD6M" directorySegmentName="seg_1" id="D33E9288-993C-5364-C8C9-165464AEDC2D">
<sourceConnName>POLICIA</sourceConnName>
<sourceObjSchema>CARGOS</sourceObjSchema>
<sourceObjName>SYS_STSPDA#I02TJDL_4LBMPX5MD6M</sourceObjName>
<createdBy>Manuel</createdBy>
<createdTime>2016-03-08 04:14:44 UTC</createdTime>
<generatorID>Generado por el Usuario</generatorID>
<ownerDesignName>ERD_POLICIA</ownerDesignName>
<importedID>668DE307-991B-E10F-3D0B-CCBED671D222</importedID>
</validTimeDimension>
<validTimeDimension class="oracle.dbtools.crest.model.design.relational.ValidTimeDimension" name="SYS_STS6IZUS443A0QRXSQFO4$1KM8" directorySegmentName="seg_1" id="DB430F9A-ACD0-ED58-650E-74A3C77D3801">
<sourceConnName>POLICIA</sourceConnName>
<sourceObjSchema>CARGOS</sourceObjSchema>
<sourceObjName>SYS_STS6IZUS443A0QRXSQFO4$1KM8</sourceObjName>
<createdBy>Manuel</createdBy>
<createdTime>2016-03-08 04:14:44 UTC</createdTime>
<generatorID>Generado por el Usuario</generatorID>
<ownerDesignName>ERD_POLICIA</ownerDesignName>
<importedID>00524F79-18E2-A5B5-000C-347C399FDF91</importedID>
</validTimeDimension>
<validTimeDimension class="oracle.dbtools.crest.model.design.relational.ValidTimeDimension" name="SYS_STS7MPBLB4I_K4Q12TR2DDQGET" directorySegmentName="seg_1" id="740EDE9C-BCE0-860A-549F-0999A676CDAD">
<sourceConnName>POLICIA</sourceConnName>
<sourceObjSchema>CARGOS</sourceObjSchema>
<sourceObjName>SYS_STS7MPBLB4I_K4Q12TR2DDQGET</sourceObjName>
<createdBy>Manuel</createdBy>
<createdTime>2016-03-08 04:14:44 UTC</createdTime>
<generatorID>Generado por el Usuario</generatorID>
<ownerDesignName>ERD_POLICIA</ownerDesignName>
<importedID>D8641039-05F0-B193-D71A-1B7C6D1CEE93</importedID>
</validTimeDimension>
<validTimeDimension class="oracle.dbtools.crest.model.design.relational.ValidTimeDimension" name="SYS_STSZI6C5$_9355XT01$BHNVQXB" directorySegmentName="seg_1" id="1E76CB54-E5E7-9C2C-85B8-4CC4F4642501">
<sourceConnName>POLICIA</sourceConnName>
<sourceObjSchema>CARGOS</sourceObjSchema>
<sourceObjName>SYS_STSZI6C5$_9355XT01$BHNVQXB</sourceObjName>
<createdBy>Manuel</createdBy>
<createdTime>2016-03-08 04:14:44 UTC</createdTime>
<generatorID>Generado por el Usuario</generatorID>
<ownerDesignName>ERD_POLICIA</ownerDesignName>
<importedID>67D5FA69-377B-D20E-72E8-FF654FEC2C46</importedID>
</validTimeDimension>
<validTimeDimension class="oracle.dbtools.crest.model.design.relational.ValidTimeDimension" name="SYS_STSAAK4EEW4T_QHYYEL7CZ2IVB" directorySegmentName="seg_1" id="263BABCF-B67B-1FF4-75A2-259CD907D439">
<sourceConnName>POLICIA</sourceConnName>
<sourceObjSchema>CARGOS</sourceObjSchema>
<sourceObjName>SYS_STSAAK4EEW4T_QHYYEL7CZ2IVB</sourceObjName>
<createdBy>Manuel</createdBy>
<createdTime>2016-03-08 04:14:44 UTC</createdTime>
<generatorID>Generado por el Usuario</generatorID>
<ownerDesignName>ERD_POLICIA</ownerDesignName>
<importedID>F9784DCF-9A78-42BE-E341-7961FE798FB2</importedID>
</validTimeDimension>
<validTimeDimension class="oracle.dbtools.crest.model.design.relational.ValidTimeDimension" name="SYS_STS_LRZAVBARYJJP5_SGBKW476" directorySegmentName="seg_1" id="EDA8048A-1142-4EF9-CAEC-4433A07A2A2E">
<sourceConnName>POLICIA</sourceConnName>
<sourceObjSchema>CARGOS</sourceObjSchema>
<sourceObjName>SYS_STS_LRZAVBARYJJP5_SGBKW476</sourceObjName>
<createdBy>Manuel</createdBy>
<createdTime>2016-03-08 04:14:44 UTC</createdTime>
<generatorID>Generado por el Usuario</generatorID>
<ownerDesignName>ERD_POLICIA</ownerDesignName>
<importedID>92BFED5A-FC2A-EFFE-5E3F-EA6B072E0734</importedID>
</validTimeDimension>
<validTimeDimension class="oracle.dbtools.crest.model.design.relational.ValidTimeDimension" name="SYS_STS0NUQ4OAXOC28R5P8Q#M9WGS" directorySegmentName="seg_1" id="A52ECA1D-1B58-07FF-07BE-4CCC1DC74E00">
<sourceConnName>POLICIA</sourceConnName>
<sourceObjSchema>CARGOS</sourceObjSchema>
<sourceObjName>SYS_STS0NUQ4OAXOC28R5P8Q#M9WGS</sourceObjName>
<createdBy>Manuel</createdBy>
<createdTime>2016-03-08 04:14:44 UTC</createdTime>
<generatorID>Generado por el Usuario</generatorID>
<ownerDesignName>ERD_POLICIA</ownerDesignName>
<importedID>33754EC5-80F1-544E-50EB-86D7DDA958C5</importedID>
</validTimeDimension>
<validTimeDimension class="oracle.dbtools.crest.model.design.relational.ValidTimeDimension" name="SYS_STSZHGFP9VFKGUM0#MYYI#H3F3" directorySegmentName="seg_1" id="9DF40225-2C0E-67D2-7E19-C63C2C504467">
<sourceConnName>POLICIA</sourceConnName>
<sourceObjSchema>CARGOS</sourceObjSchema>
<sourceObjName>SYS_STSZHGFP9VFKGUM0#MYYI#H3F3</sourceObjName>
<createdBy>Manuel</createdBy>
<createdTime>2016-03-08 04:14:44 UTC</createdTime>
<generatorID>Generado por el Usuario</generatorID>
<ownerDesignName>ERD_POLICIA</ownerDesignName>
<importedID>BBFB5929-B90C-D633-82C7-F6624A0F94AE</importedID>
</validTimeDimension>
<validTimeDimension class="oracle.dbtools.crest.model.design.relational.ValidTimeDimension" name="SYS_STS45WFJO7697K$KGR3WAYEZ2$" directorySegmentName="seg_1" id="FB42B4E4-B57B-96C8-3FB3-DA015DCDAD8B">
<sourceConnName>POLICIA</sourceConnName>
<sourceObjSchema>CARGOS</sourceObjSchema>
<sourceObjName>SYS_STS45WFJO7697K$KGR3WAYEZ2$</sourceObjName>
<createdBy>Manuel</createdBy>
<createdTime>2016-03-08 04:14:44 UTC</createdTime>
<generatorID>Generado por el Usuario</generatorID>
<ownerDesignName>ERD_POLICIA</ownerDesignName>
<importedID>055D7BA5-3707-3465-ED5E-CA118B30FECE</importedID>
</validTimeDimension>
<validTimeDimension class="oracle.dbtools.crest.model.design.relational.ValidTimeDimension" name="SYS_STS5UHED4LFY4XYI52I061OZLK" directorySegmentName="seg_1" id="7749B898-4DF9-EA65-7ED3-9559AAEBD218">
<sourceConnName>POLICIA</sourceConnName>
<sourceObjSchema>CARGOS</sourceObjSchema>
<sourceObjName>SYS_STS5UHED4LFY4XYI52I061OZLK</sourceObjName>
<createdBy>Manuel</createdBy>
<createdTime>2016-03-08 04:14:44 UTC</createdTime>
<generatorID>Generado por el Usuario</generatorID>
<ownerDesignName>ERD_POLICIA</ownerDesignName>
<importedID>77C10234-92F2-B502-247B-68A2B5EE7438</importedID>
</validTimeDimension>
<validTimeDimension class="oracle.dbtools.crest.model.design.relational.ValidTimeDimension" name="SYS_STSZWBZEB145M90GL$XAY7X88M" directorySegmentName="seg_1" id="CE3DED28-3036-1857-1C69-C7AE5BA5422A">
<sourceConnName>POLICIA</sourceConnName>
<sourceObjSchema>CARGOS</sourceObjSchema>
<sourceObjName>SYS_STSZWBZEB145M90GL$XAY7X88M</sourceObjName>
<createdBy>Manuel</createdBy>
<createdTime>2016-03-08 04:14:44 UTC</createdTime>
<generatorID>Generado por el Usuario</generatorID>
<ownerDesignName>ERD_POLICIA</ownerDesignName>
<importedID>1E668445-1621-A7ED-DB03-E28C03AEC272</importedID>
</validTimeDimension>
<validTimeDimension class="oracle.dbtools.crest.model.design.relational.ValidTimeDimension" name="SYS_STS_DXG_HODF#KBWWA8AT43VSL" directorySegmentName="seg_1" id="085827EC-245D-FDA8-E8A0-EDBDDF7D01ED">
<sourceConnName>POLICIA</sourceConnName>
<sourceObjSchema>CARGOS</sourceObjSchema>
<sourceObjName>SYS_STS_DXG_HODF#KBWWA8AT43VSL</sourceObjName>
<createdBy>Manuel</createdBy>
<createdTime>2016-03-08 04:14:44 UTC</createdTime>
<generatorID>Generado por el Usuario</generatorID>
<ownerDesignName>ERD_POLICIA</ownerDesignName>
<importedID>4FAD3CB9-FFE7-9B87-D9BD-3589CE4510DB</importedID>
</validTimeDimension>
<validTimeDimension class="oracle.dbtools.crest.model.design.relational.ValidTimeDimension" name="SYS_STSO0I$87_$1FC9GGKO6R0WJG#" directorySegmentName="seg_1" id="0A37607E-B85C-084D-97F9-EBEB580B3598">
<sourceConnName>POLICIA</sourceConnName>
<sourceObjSchema>CARGOS</sourceObjSchema>
<sourceObjName>SYS_STSO0I$87_$1FC9GGKO6R0WJG#</sourceObjName>
<createdBy>Manuel</createdBy>
<createdTime>2016-03-08 04:14:44 UTC</createdTime>
<generatorID>Generado por el Usuario</generatorID>
<ownerDesignName>ERD_POLICIA</ownerDesignName>
<importedID>59559E3F-0BD4-9E69-FAFF-D15E8AA5294F</importedID>
</validTimeDimension>
<validTimeDimension class="oracle.dbtools.crest.model.design.relational.ValidTimeDimension" name="SYS_STS#DS_B8OTF#HS5M4V925KA4P" directorySegmentName="seg_1" id="83463572-4E5A-720F-3146-F460EA51C78E">
<sourceConnName>POLICIA</sourceConnName>
<sourceObjSchema>CARGOS</sourceObjSchema>
<sourceObjName>SYS_STS#DS_B8OTF#HS5M4V925KA4P</sourceObjName>
<createdBy>Manuel</createdBy>
<createdTime>2016-03-08 04:14:44 UTC</createdTime>
<generatorID>Generado por el Usuario</generatorID>
<ownerDesignName>ERD_POLICIA</ownerDesignName>
<importedID>96FED33A-B72D-DA59-CB1C-5BFE6F354B5D</importedID>
</validTimeDimension>
<validTimeDimension class="oracle.dbtools.crest.model.design.relational.ValidTimeDimension" name="SYS_STSQCA95_224O#MRWRB8P$9UDL" directorySegmentName="seg_1" id="8A96483E-681E-B7E0-61F0-EA56B656A1EE">
<sourceConnName>POLICIA</sourceConnName>
<sourceObjSchema>CARGOS</sourceObjSchema>
<sourceObjName>SYS_STSQCA95_224O#MRWRB8P$9UDL</sourceObjName>
<createdBy>Manuel</createdBy>
<createdTime>2016-03-08 04:14:44 UTC</createdTime>
<generatorID>Generado por el Usuario</generatorID>
<ownerDesignName>ERD_POLICIA</ownerDesignName>
<importedID>BF8CD6EB-C96D-460D-CEFF-0022F4D91984</importedID>
</validTimeDimension>
<validTimeDimension class="oracle.dbtools.crest.model.design.relational.ValidTimeDimension" name="SYS_STSD20F_3N67VGS3HL#7MFMHC5" directorySegmentName="seg_1" id="ECD951BF-0243-86D9-BB00-97A39B45C468">
<sourceConnName>POLICIA</sourceConnName>
<sourceObjSchema>CARGOS</sourceObjSchema>
<sourceObjName>SYS_STSD20F_3N67VGS3HL#7MFMHC5</sourceObjName>
<createdBy>Manuel</createdBy>
<createdTime>2016-03-08 04:14:44 UTC</createdTime>
<generatorID>Generado por el Usuario</generatorID>
<ownerDesignName>ERD_POLICIA</ownerDesignName>
<importedID>7006CDD6-8AB2-8E72-B89C-F1BEF335B47E</importedID>
</validTimeDimension>
<validTimeDimension class="oracle.dbtools.crest.model.design.relational.ValidTimeDimension" name="SYS_STSFTEUSA7BPIIL$0AA$4W95#X" directorySegmentName="seg_1" id="84A75025-A1E1-1BEF-5EC8-F558E21ABB75">
<sourceConnName>POLICIA</sourceConnName>
<sourceObjSchema>CARGOS</sourceObjSchema>
<sourceObjName>SYS_STSFTEUSA7BPIIL$0AA$4W95#X</sourceObjName>
<createdBy>Manuel</createdBy>
<createdTime>2016-03-08 04:14:44 UTC</createdTime>
<generatorID>Generado por el Usuario</generatorID>
<ownerDesignName>ERD_POLICIA</ownerDesignName>
<importedID>0F84537B-2F33-6B69-5DC8-6CF0F3BE138A</importedID>
</validTimeDimension>
<validTimeDimension class="oracle.dbtools.crest.model.design.relational.ValidTimeDimension" name="SYS_STSZI1GGEBOV27U$P49U7CGXS0" directorySegmentName="seg_2" id="8E1E245D-5CAA-0F03-0AC7-E2FD0490B214">
<sourceConnName>POLICIA</sourceConnName>
<sourceObjSchema>CARGOS</sourceObjSchema>
<sourceObjName>SYS_STSZI1GGEBOV27U$P49U7CGXS0</sourceObjName>
<createdBy>Manuel</createdBy>
<createdTime>2016-03-08 04:14:44 UTC</createdTime>
<generatorID>Generado por el Usuario</generatorID>
<ownerDesignName>ERD_POLICIA</ownerDesignName>
<importedID>7D549EC7-2BF4-8AA3-DEE8-EAF2A68A3CEF</importedID>
</validTimeDimension>
<validTimeDimension class="oracle.dbtools.crest.model.design.relational.ValidTimeDimension" name="SYS_STS#F1GJ2QHNV4FAWR4A0RE1IH" directorySegmentName="seg_2" id="1CFAE0CE-6DF9-C817-55F7-A078B71D15B3">
<sourceConnName>POLICIA</sourceConnName>
<sourceObjSchema>CARGOS</sourceObjSchema>
<sourceObjName>SYS_STS#F1GJ2QHNV4FAWR4A0RE1IH</sourceObjName>
<createdBy>Manuel</createdBy>
<createdTime>2016-03-08 04:14:44 UTC</createdTime>
<generatorID>Generado por el Usuario</generatorID>
<ownerDesignName>ERD_POLICIA</ownerDesignName>
<importedID>1AF4E636-C0CA-6855-2B2F-8C41CC292CF5</importedID>
</validTimeDimension>
</validTimeDimensions>
</Table>