<?xml version = '1.0' encoding = 'UTF-8'?>
<Table class="oracle.dbtools.crest.model.design.relational.Table" directorySegmentName="seg_0" id="F5C42EDA-EBD7-F901-7044-66B33CAF34C3" name="SIEDU_DOCENTE_EVENTO">
<sourceConnName>POLICIA</sourceConnName>
<sourceObjSchema>USR_DISIGAC2</sourceObjSchema>
<sourceObjName>SIEDU_DOCENTE_EVENTO</sourceObjName>
<createdBy>Manuel</createdBy>
<createdTime>2016-01-07 04:31:03 UTC</createdTime>
<generatorID>Generado por el Usuario</generatorID>
<ownerDesignName>ERD_POLICIA</ownerDesignName>
<schemaObject>ED8B0381-61E9-98DB-D254-F5EC1AB94C4F</schemaObject>
<allowColumnReorder>false</allowColumnReorder>
<existDependencyGenerateInDDl>true</existDependencyGenerateInDDl>
<columns itemClass="oracle.dbtools.crest.model.design.relational.Column">
<Column name="EMPLEADOS_CONSECUTIVO" id="1861613F-D3FA-DF99-C6FF-27BD60D16D8E">
<sourceConnName>POLICIA</sourceConnName>
<sourceObjSchema>SIEDU_DOCENTE_EVENTO</sourceObjSchema>
<sourceObjName>EMPLEADOS_CONSECUTIVO</sourceObjName>
<createdBy>Manuel</createdBy>
<createdTime>2016-01-07 04:31:29 UTC</createdTime>
<generatorID>Generado por el Usuario</generatorID>
<ownerDesignName>ERD_POLICIA</ownerDesignName>
<useDomainConstraints>false</useDomainConstraints>
<use>1</use>
<logicalDatatype>LOGDT019</logicalDatatype>
<dataTypePrecision>8</dataTypePrecision>
<autoIncrementCycle>false</autoIncrementCycle>
</Column>
<Column name="EMPLEADOS_FUERZA" id="53CACF55-3CB4-5CAE-B7AD-29B17B0898F2">
<sourceConnName>POLICIA</sourceConnName>
<sourceObjSchema>SIEDU_DOCENTE_EVENTO</sourceObjSchema>
<sourceObjName>EMPLEADOS_FUERZA</sourceObjName>
<createdBy>Manuel</createdBy>
<createdTime>2016-01-07 04:31:29 UTC</createdTime>
<generatorID>Generado por el Usuario</generatorID>
<ownerDesignName>ERD_POLICIA</ownerDesignName>
<useDomainConstraints>false</useDomainConstraints>
<use>1</use>
<logicalDatatype>LOGDT019</logicalDatatype>
<dataTypePrecision>2</dataTypePrecision>
<autoIncrementCycle>false</autoIncrementCycle>
</Column>
<Column name="EMPLEADOS_UNDE_CONSECU" id="F4A8C72D-3EB3-D9E6-96DD-5B1F19DAD9E1">
<sourceConnName>POLICIA</sourceConnName>
<sourceObjSchema>SIEDU_DOCENTE_EVENTO</sourceObjSchema>
<sourceObjName>EMPLEADOS_UNDE_CONSECU</sourceObjName>
<createdBy>Manuel</createdBy>
<createdTime>2016-01-07 04:31:29 UTC</createdTime>
<generatorID>Generado por el Usuario</generatorID>
<ownerDesignName>ERD_POLICIA</ownerDesignName>
<useDomainConstraints>false</useDomainConstraints>
<use>1</use>
<logicalDatatype>LOGDT019</logicalDatatype>
<dataTypePrecision>8</dataTypePrecision>
<autoIncrementCycle>false</autoIncrementCycle>
</Column>
<Column name="SIEDU_EVEN_ESCU_ID_EVEN" id="F64B9668-2C1A-6FEA-DB0F-782B37D2B7F6">
<sourceConnName>POLICIA</sourceConnName>
<sourceObjSchema>SIEDU_DOCENTE_EVENTO</sourceObjSchema>
<sourceObjName>SIEDU_EVEN_ESCU_ID_EVEN</sourceObjName>
<createdBy>Manuel</createdBy>
<createdTime>2016-01-07 04:31:29 UTC</createdTime>
<generatorID>Generado por el Usuario</generatorID>
<ownerDesignName>ERD_POLICIA</ownerDesignName>
<useDomainConstraints>false</useDomainConstraints>
<use>1</use>
<logicalDatatype>LOGDT019</logicalDatatype>
<dataTypePrecision>6</dataTypePrecision>
<delegate>15D0AB76-8BF3-CC65-B37C-5206D4ED777A</delegate>
<autoIncrementCycle>false</autoIncrementCycle>
</Column>
<Column name="SIEDU_SUBT_EVEN_ID" id="1C4775B7-320B-0DC6-EB81-5E36688A3C19">
<sourceConnName>POLICIA</sourceConnName>
<sourceObjSchema>SIEDU_DOCENTE_EVENTO</sourceObjSchema>
<sourceObjName>SIEDU_SUBT_EVEN_ID</sourceObjName>
<createdBy>Manuel</createdBy>
<createdTime>2016-01-07 04:31:29 UTC</createdTime>
<generatorID>Generado por el Usuario</generatorID>
<ownerDesignName>ERD_POLICIA</ownerDesignName>
<useDomainConstraints>false</useDomainConstraints>
<use>1</use>
<logicalDatatype>LOGDT019</logicalDatatype>
<dataTypePrecision>6</dataTypePrecision>
<delegate>5AC25E61-4C7D-427A-4144-30FB23C1414C</delegate>
<autoIncrementCycle>false</autoIncrementCycle>
<associations>
<colAssociation fkAssociation="ADC80A43-71FE-4082-BDFB-D306280CC3C0" referredColumn="5AC25E61-4C7D-427A-4144-30FB23C1414C"/>
</associations>
</Column>
<Column name="ID_DOCENTE_EVENTO" id="22659A00-8574-A91E-680A-2ABA620EB377">
<sourceConnName>POLICIA</sourceConnName>
<sourceObjSchema>SIEDU_DOCENTE_EVENTO</sourceObjSchema>
<sourceObjName>ID_DOCENTE_EVENTO</sourceObjName>
<createdBy>Manuel</createdBy>
<createdTime>2016-01-07 04:31:29 UTC</createdTime>
<generatorID>Generado por el Usuario</generatorID>
<ownerDesignName>ERD_POLICIA</ownerDesignName>
<useDomainConstraints>false</useDomainConstraints>
<use>1</use>
<logicalDatatype>LOGDT019</logicalDatatype>
<dataTypePrecision>8</dataTypePrecision>
<autoIncrementCycle>false</autoIncrementCycle>
</Column>
</columns>
<indexes itemClass="oracle.dbtools.crest.model.design.relational.Index">
<ind_PK_UK id="67775136-8863-C425-8EDA-DFCA6952D45B" name="SIEDU_DOCENTE_EVENTO_PK">
<sourceConnName>POLICIA</sourceConnName>
<sourceObjSchema>USR_DISIGAC2</sourceObjSchema>
<sourceObjName>SIEDU_DOCENTE_EVENTO_PK</sourceObjName>
<createdBy>Manuel</createdBy>
<createdTime>2016-01-07 04:31:39 UTC</createdTime>
<generatorID>Generado por el Usuario</generatorID>
<ownerDesignName>ERD_POLICIA</ownerDesignName>
<pk>true</pk>
<indexState>Primary Constraint</indexState>
<isSurrogateKey>false</isSurrogateKey>
<indexColumnUsage>
<colUsage columnID="22659A00-8574-A91E-680A-2ABA620EB377"/>
</indexColumnUsage>
</ind_PK_UK>
<ind_PK_UK id="9D76112D-3836-91E4-80F4-AB0E538AFB35" name="SIEDU_DOC_EVEN_UK">
<sourceConnName>POLICIA</sourceConnName>
<sourceObjSchema>USR_DISIGAC2</sourceObjSchema>
<sourceObjName>SIEDU_DOC_EVEN_UK</sourceObjName>
<createdBy>Manuel</createdBy>
<createdTime>2016-01-07 04:31:39 UTC</createdTime>
<generatorID>Generado por el Usuario</generatorID>
<ownerDesignName>ERD_POLICIA</ownerDesignName>
<indexState>Unique Constraint</indexState>
<isSurrogateKey>false</isSurrogateKey>
<indexColumnUsage>
<colUsage columnID="F64B9668-2C1A-6FEA-DB0F-782B37D2B7F6"/>
<colUsage columnID="1C4775B7-320B-0DC6-EB81-5E36688A3C19"/>
<colUsage columnID="1861613F-D3FA-DF99-C6FF-27BD60D16D8E"/>
<colUsage columnID="53CACF55-3CB4-5CAE-B7AD-29B17B0898F2"/>
<colUsage columnID="F4A8C72D-3EB3-D9E6-96DD-5B1F19DAD9E1"/>
</indexColumnUsage>
</ind_PK_UK>
<ind_PK_UK id="CEFE1CD5-02B2-8F25-BF33-499A0E813BAB" name="SIEDU_DOCENTE_EVENTO_PK">
<sourceConnName>POLICIA</sourceConnName>
<sourceObjSchema>USR_DISIGAC2</sourceObjSchema>
<sourceObjName>SIEDU_DOCENTE_EVENTO_PK</sourceObjName>
<createdBy>Manuel</createdBy>
<createdTime>2016-01-07 04:31:34 UTC</createdTime>
<generatorID>Generado por el Usuario</generatorID>
<ownerDesignName>ERD_POLICIA</ownerDesignName>
<indexState>Unique Plain Index</indexState>
<schemaObject>ED8B0381-61E9-98DB-D254-F5EC1AB94C4F</schemaObject>
<isSurrogateKey>false</isSurrogateKey>
<indexColumnUsage>
<colUsage columnID="22659A00-8574-A91E-680A-2ABA620EB377"/>
</indexColumnUsage>
</ind_PK_UK>
<ind_PK_UK id="AF95E738-6371-AD2D-50F6-4EC10FC6E17A" name="SIEDU_DOC_EVEN_UK">
<sourceConnName>POLICIA</sourceConnName>
<sourceObjSchema>USR_DISIGAC2</sourceObjSchema>
<sourceObjName>SIEDU_DOC_EVEN_UK</sourceObjName>
<createdBy>Manuel</createdBy>
<createdTime>2016-01-07 04:31:34 UTC</createdTime>
<generatorID>Generado por el Usuario</generatorID>
<ownerDesignName>ERD_POLICIA</ownerDesignName>
<indexState>Unique Plain Index</indexState>
<schemaObject>ED8B0381-61E9-98DB-D254-F5EC1AB94C4F</schemaObject>
<isSurrogateKey>false</isSurrogateKey>
<indexColumnUsage>
<colUsage columnID="F64B9668-2C1A-6FEA-DB0F-782B37D2B7F6"/>
<colUsage columnID="1C4775B7-320B-0DC6-EB81-5E36688A3C19"/>
<colUsage columnID="1861613F-D3FA-DF99-C6FF-27BD60D16D8E"/>
<colUsage columnID="53CACF55-3CB4-5CAE-B7AD-29B17B0898F2"/>
<colUsage columnID="F4A8C72D-3EB3-D9E6-96DD-5B1F19DAD9E1"/>
</indexColumnUsage>
</ind_PK_UK>
<ind_PK_UK id="A20AD34B-9714-D04E-1527-0BEB966140A7" name="SIEDU_DOC_EVEN_ID_SUB">
<createdBy>Manuel</createdBy>
<createdTime>2016-01-07 04:31:46 UTC</createdTime>
<generatorID>Generado por el Usuario</generatorID>
<ownerDesignName>ERD_POLICIA</ownerDesignName>
<indexState>Foreign Key</indexState>
<isSurrogateKey>false</isSurrogateKey>
<indexColumnUsage>
<colUsage columnID="1C4775B7-320B-0DC6-EB81-5E36688A3C19"/>
</indexColumnUsage>
</ind_PK_UK>
</indexes>
</Table>