<?xml version = '1.0' encoding = 'UTF-8'?>
<Table class="oracle.dbtools.crest.model.design.relational.Table" directorySegmentName="seg_0" id="FB561B23-D303-00C5-9A52-FA37E3398797" name="SIEDU_COMPETENCIAS">
<createdBy>Manuel</createdBy>
<createdTime>2016-01-17 04:29:40 UTC</createdTime>
<generatorID>Generado por el Usuario</generatorID>
<ownerDesignName>ERD_POLICIA</ownerDesignName>
<allowColumnReorder>false</allowColumnReorder>
<existDependencyGenerateInDDl>true</existDependencyGenerateInDDl>
<columns itemClass="oracle.dbtools.crest.model.design.relational.Column">
<Column name="compe_compe" id="E23C2D85-210C-7D8B-B719-AA5218576489">
<createdBy>Manuel</createdBy>
<createdTime>2016-01-17 04:31:01 UTC</createdTime>
<commentInRDBMS>Identificador secuencial único de la Competencia</commentInRDBMS>
<generatorID>Generado por el Usuario</generatorID>
<ownerDesignName>ERD_POLICIA</ownerDesignName>
<useDomainConstraints>false</useDomainConstraints>
<use>1</use>
<logicalDatatype>LOGDT019</logicalDatatype>
<dataTypePrecision>4</dataTypePrecision>
<autoIncrementCycle>false</autoIncrementCycle>
</Column>
<Column name="compe_descri" id="527A1124-886C-4BA9-51F8-3915757B25DC">
<createdBy>Manuel</createdBy>
<createdTime>2016-01-17 04:31:01 UTC</createdTime>
<commentInRDBMS>Descripción de la Competencia</commentInRDBMS>
<generatorID>Generado por el Usuario</generatorID>
<ownerDesignName>ERD_POLICIA</ownerDesignName>
<useDomainConstraints>false</useDomainConstraints>
<use>1</use>
<logicalDatatype>LOGDT024</logicalDatatype>
<dataTypeSize>1000</dataTypeSize>
<autoIncrementCycle>false</autoIncrementCycle>
</Column>
</columns>
<indexes itemClass="oracle.dbtools.crest.model.design.relational.Index">
<ind_PK_UK id="A1F0AB71-2652-1C4A-61DD-B832069D985C" name="COMPETENCIAS_PK">
<createdBy>Manuel</createdBy>
<createdTime>2016-01-17 04:31:01 UTC</createdTime>
<generatorID>Generado por el Usuario</generatorID>
<ownerDesignName>ERD_POLICIA</ownerDesignName>
<pk>true</pk>
<indexState>Primary Constraint</indexState>
<isSurrogateKey>false</isSurrogateKey>
<indexColumnUsage>
<colUsage columnID="E23C2D85-210C-7D8B-B719-AA5218576489"/>
</indexColumnUsage>
</ind_PK_UK>
</indexes>
</Table>