<?xml version = '1.0' encoding = 'UTF-8'?>
<StorageDesignOraclev12c class="oracle.dbtools.crest.model.design.storage.oracle.v12c.StorageDesignOraclev12c" name="Oracle Database 12c" id="037185CD-979C-D91D-6324-3167514D323E">
<createdBy>Manuel</createdBy>
<createdTime>2016-07-24 16:13:14 UTC</createdTime>
<generatorID>Generado por el Usuario</generatorID>
<ownerDesignName>ERD_POLICIA</ownerDesignName>
<siteID>3FD120B5-9F4E-6278-D5E2-746D192C8319</siteID>
<siteName>Oracle Database 12c</siteName>
<siteType>11</siteType>
</StorageDesignOraclev12c>