<?xml version = '1.0' encoding = 'UTF-8'?>
<FKArc class="oracle.dbtools.crest.model.design.relational.FKArc" directorySegmentName="seg_0" id="5C9B4ECB-B44A-7970-2EE3-1AE541EEA9CA" name="FKArc_1">
<createdBy>Manuel</createdBy>
<createdTime>2016-03-06 22:07:49 UTC</createdTime>
<generatorID>Generado por el Usuario</generatorID>
<ownerDesignName>ERD_POLICIA</ownerDesignName>
<mandatory>false</mandatory>
<table>1F8C52BB-4015-FF8D-7871-DB23C5790061</table>
<fkeys>
<fkeyID>16670E0C-8FD9-AD6C-4E81-0276D4EA421A</fkeyID>
<fkeyID>3341A7E1-076E-EFE9-E369-975F5758E153</fkeyID>
</fkeys>
</FKArc>