<?xml version = '1.0' encoding = 'UTF-8'?>
<UserOraclev10g class="oracle.dbtools.crest.model.design.storage.oracle.v10g.UserOraclev10g" name="POLILOCALDESA" directorySegmentName="seg_0" id="F90390EB-B277-B56E-AEEF-70FA1461947A">
<sourceConnName>POLILOCALDESA</sourceConnName>
<sourceObjName>POLILOCALDESA</sourceObjName>
<createdBy>Manuel</createdBy>
<createdTime>2016-05-21 01:52:41 UTC</createdTime>
<generatorID>Generado por el Usuario</generatorID>
<ownerDesignName>ERD_POLICIA</ownerDesignName>
<schemaObject>27F9A1FA-A0B8-DE97-1C86-E0DC544252C3</schemaObject>
</UserOraclev10g>