<?xml version = '1.0' encoding = 'UTF-8'?>
<TableProxyOraclev11g class="oracle.dbtools.crest.model.design.storage.oracle.v11g.TableProxyOraclev11g" name="GRADOS" directorySegmentName="seg_0" id="230E594B-81CA-A3ED-7B7B-97415A1C6B82">
<createdBy>Manuel</createdBy>
<createdTime>2016-07-24 16:13:14 UTC</createdTime>
<generatorID>Generado por el Usuario</generatorID>
<ownerDesignName>ERD_POLICIA</ownerDesignName>
<schemaObject>08A89F83-F1B6-076C-845F-07354A8D2081</schemaObject>
<logging>YES</logging>
<partitionedRowMovement>DISABLE</partitionedRowMovement>
<temporaryChanged>false</temporaryChanged>
<indexProxies>
<IndexProxy class="oracle.dbtools.crest.model.design.storage.oracle.v10g.IndexProxyOraclev10g" name="GRAD_CATI_FK_I" id="3DCC611E-5631-F9F4-E007-782103EB8DB8">
<createdBy>Manuel</createdBy>
<createdTime>2016-07-24 16:13:14 UTC</createdTime>
<generatorID>Generado por el Usuario</generatorID>
<ownerDesignName>ERD_POLICIA</ownerDesignName>
<schemaObject>08A89F83-F1B6-076C-845F-07354A8D2081</schemaObject>
</IndexProxy>
<IndexProxy class="oracle.dbtools.crest.model.design.storage.oracle.v10g.IndexProxyOraclev10g" name="IDX$$_0001001B" id="6112993F-D4DD-E27B-8981-BCA09655CE0C">
<createdBy>Manuel</createdBy>
<createdTime>2016-07-24 16:13:14 UTC</createdTime>
<generatorID>Generado por el Usuario</generatorID>
<ownerDesignName>ERD_POLICIA</ownerDesignName>
<schemaObject>08A89F83-F1B6-076C-845F-07354A8D2081</schemaObject>
</IndexProxy>
<IndexProxy class="oracle.dbtools.crest.model.design.storage.oracle.v10g.IndexProxyOraclev10g" name="GRAD_CATEGORIA_FK_I" id="88325517-EF21-781B-D1EF-074C0A8B6938">
<createdBy>Manuel</createdBy>
<createdTime>2016-07-24 16:13:14 UTC</createdTime>
<generatorID>Generado por el Usuario</generatorID>
<ownerDesignName>ERD_POLICIA</ownerDesignName>
<schemaObject>08A89F83-F1B6-076C-845F-07354A8D2081</schemaObject>
</IndexProxy>
<IndexProxy class="oracle.dbtools.crest.model.design.storage.oracle.v10g.IndexProxyOraclev10g" name="GRAD_PK" id="8FBBADC0-4A74-0740-A4A6-90157428D58B">
<createdBy>Manuel</createdBy>
<createdTime>2016-07-24 16:13:14 UTC</createdTime>
<generatorID>Generado por el Usuario</generatorID>
<ownerDesignName>ERD_POLICIA</ownerDesignName>
<schemaObject>08A89F83-F1B6-076C-845F-07354A8D2081</schemaObject>
</IndexProxy>
<IndexProxy class="oracle.dbtools.crest.model.design.storage.oracle.v10g.IndexProxyOraclev10g" name="GRAD_UK1" id="A41744D7-59AF-9C7E-B210-D116B7481138">
<createdBy>Manuel</createdBy>
<createdTime>2016-07-24 16:13:14 UTC</createdTime>
<generatorID>Generado por el Usuario</generatorID>
<ownerDesignName>ERD_POLICIA</ownerDesignName>
<schemaObject>08A89F83-F1B6-076C-845F-07354A8D2081</schemaObject>
</IndexProxy>
<IndexProxy class="oracle.dbtools.crest.model.design.storage.oracle.v10g.IndexProxyOraclev10g" name="IDX_GRADOS_LSI_NOMINA_FK" id="C03C0289-8A9B-FA37-8A81-8AF9BC0E0A6A">
<createdBy>Manuel</createdBy>
<createdTime>2016-07-24 16:13:14 UTC</createdTime>
<generatorID>Generado por el Usuario</generatorID>
<ownerDesignName>ERD_POLICIA</ownerDesignName>
<schemaObject>08A89F83-F1B6-076C-845F-07354A8D2081</schemaObject>
</IndexProxy>
<IndexProxy class="oracle.dbtools.crest.model.design.storage.oracle.v10g.IndexProxyOraclev10g" name="GRAD_UK2" id="DEFD0A8C-4592-D914-CD4F-1FED7399F667">
<createdBy>Manuel</createdBy>
<createdTime>2016-07-24 16:13:14 UTC</createdTime>
<generatorID>Generado por el Usuario</generatorID>
<ownerDesignName>ERD_POLICIA</ownerDesignName>
<schemaObject>08A89F83-F1B6-076C-845F-07354A8D2081</schemaObject>
</IndexProxy>
<IndexProxy class="oracle.dbtools.crest.model.design.storage.oracle.v10g.IndexProxyOraclev10g" name="GRADOS_I" id="F8EC51E8-305B-532F-8B64-261810469DBA">
<createdBy>Manuel</createdBy>
<createdTime>2016-07-24 16:13:14 UTC</createdTime>
<generatorID>Generado por el Usuario</generatorID>
<ownerDesignName>ERD_POLICIA</ownerDesignName>
<schemaObject>08A89F83-F1B6-076C-845F-07354A8D2081</schemaObject>
</IndexProxy>
</indexProxies>
<columnProxies itemClass="oracle.dbtools.crest.model.design.storage.oracle.v12c.ColumnProxyOraclev12c">
<ColumnProxy name="FUNCION_PUBLICA" id="30787C8C-99F5-1AF4-8D16-EF679774DC97">
<createdBy>Manuel</createdBy>
<createdTime>2016-07-24 16:13:14 UTC</createdTime>
<generatorID>Generado por el Usuario</generatorID>
<ownerDesignName>ERD_POLICIA</ownerDesignName>
</ColumnProxy>
<ColumnProxy name="NUMERICO" id="332A35B4-CF5B-E968-1481-E855CC3DBC12">
<createdBy>Manuel</createdBy>
<createdTime>2016-07-24 16:13:14 UTC</createdTime>
<generatorID>Generado por el Usuario</generatorID>
<ownerDesignName>ERD_POLICIA</ownerDesignName>
</ColumnProxy>
<ColumnProxy name="TIEMPO_GRADO" id="3568830D-400A-EBAD-A247-F3CEA85C8AB1">
<createdBy>Manuel</createdBy>
<createdTime>2016-07-24 16:13:14 UTC</createdTime>
<generatorID>Generado por el Usuario</generatorID>
<ownerDesignName>ERD_POLICIA</ownerDesignName>
</ColumnProxy>
<ColumnProxy name="NUMERICO_EQUIVALENTE" id="428467B3-FEE3-BCF5-0252-07DB57827E48">
<createdBy>Manuel</createdBy>
<createdTime>2016-07-24 16:13:14 UTC</createdTime>
<generatorID>Generado por el Usuario</generatorID>
<ownerDesignName>ERD_POLICIA</ownerDesignName>
</ColumnProxy>
<ColumnProxy name="MAQUINA_CREACION" id="477165B7-83F3-1C0E-57B5-AEA89943A2B7">
<createdBy>Manuel</createdBy>
<createdTime>2016-07-24 16:13:14 UTC</createdTime>
<generatorID>Generado por el Usuario</generatorID>
<ownerDesignName>ERD_POLICIA</ownerDesignName>
</ColumnProxy>
<ColumnProxy name="ID_NOMINA" id="4D602E5C-F126-4676-9C38-72EE9C0832D0">
<createdBy>Manuel</createdBy>
<createdTime>2016-07-24 16:13:14 UTC</createdTime>
<generatorID>Generado por el Usuario</generatorID>
<ownerDesignName>ERD_POLICIA</ownerDesignName>
</ColumnProxy>
<ColumnProxy name="FUERZA" id="54E4B8E5-A1F5-FA34-A034-D1A0B802D1C8">
<createdBy>Manuel</createdBy>
<createdTime>2016-07-24 16:13:14 UTC</createdTime>
<generatorID>Generado por el Usuario</generatorID>
<ownerDesignName>ERD_POLICIA</ownerDesignName>
</ColumnProxy>
<ColumnProxy name="PORCENTAJE_INCREMENTO" id="5EA53FE8-578D-87C1-9202-77DE4794ADF8">
<createdBy>Manuel</createdBy>
<createdTime>2016-07-24 16:13:14 UTC</createdTime>
<generatorID>Generado por el Usuario</generatorID>
<ownerDesignName>ERD_POLICIA</ownerDesignName>
</ColumnProxy>
<ColumnProxy name="MAQUINA_ACTUALIZA" id="64998FF3-51AF-A331-A991-7E20A6D9809A">
<createdBy>Manuel</createdBy>
<createdTime>2016-07-24 16:13:14 UTC</createdTime>
<generatorID>Generado por el Usuario</generatorID>
<ownerDesignName>ERD_POLICIA</ownerDesignName>
</ColumnProxy>
<ColumnProxy name="PLANTA_IDEAL" id="7C1D5DA9-7A7B-B263-6E2C-FA353DAAD661">
<createdBy>Manuel</createdBy>
<createdTime>2016-07-24 16:13:14 UTC</createdTime>
<generatorID>Generado por el Usuario</generatorID>
<ownerDesignName>ERD_POLICIA</ownerDesignName>
</ColumnProxy>
<ColumnProxy name="ID_TIPO_CATEGORIA" id="887CC8DA-CA4E-58F8-604E-16E68E72C3CB">
<createdBy>Manuel</createdBy>
<createdTime>2016-07-24 16:13:14 UTC</createdTime>
<generatorID>Generado por el Usuario</generatorID>
<ownerDesignName>ERD_POLICIA</ownerDesignName>
</ColumnProxy>
<ColumnProxy name="PLANTA_AUTORIZADA" id="8A3B0AA8-5F08-A5BE-3CBF-BF228C64E1DB">
<createdBy>Manuel</createdBy>
<createdTime>2016-07-24 16:13:14 UTC</createdTime>
<generatorID>Generado por el Usuario</generatorID>
<ownerDesignName>ERD_POLICIA</ownerDesignName>
</ColumnProxy>
<ColumnProxy name="PLANTA_ACTUAL" id="8A859C89-4824-0E2E-F22F-2DB2E249F9DE">
<createdBy>Manuel</createdBy>
<createdTime>2016-07-24 16:13:14 UTC</createdTime>
<generatorID>Generado por el Usuario</generatorID>
<ownerDesignName>ERD_POLICIA</ownerDesignName>
</ColumnProxy>
<ColumnProxy name="SUELDO" id="8E155824-1B09-8734-422A-72DB5A152E7D">
<createdBy>Manuel</createdBy>
<createdTime>2016-07-24 16:13:14 UTC</createdTime>
<generatorID>Generado por el Usuario</generatorID>
<ownerDesignName>ERD_POLICIA</ownerDesignName>
</ColumnProxy>
<ColumnProxy name="ALFABETICO" id="9CFB109C-44F8-F00C-B91D-E45F144F1F79">
<createdBy>Manuel</createdBy>
<createdTime>2016-07-24 16:13:14 UTC</createdTime>
<generatorID>Generado por el Usuario</generatorID>
<ownerDesignName>ERD_POLICIA</ownerDesignName>
</ColumnProxy>
<ColumnProxy name="NUMERO_DECRETO_AUMENTO" id="A49E759A-823E-F11D-CA03-425BB35710F4">
<createdBy>Manuel</createdBy>
<createdTime>2016-07-24 16:13:14 UTC</createdTime>
<generatorID>Generado por el Usuario</generatorID>
<ownerDesignName>ERD_POLICIA</ownerDesignName>
</ColumnProxy>
<ColumnProxy name="FECHA_INICIO_INCREMENTO" id="B09B3133-CA08-A257-D70E-DF684E8882F7">
<createdBy>Manuel</createdBy>
<createdTime>2016-07-24 16:13:14 UTC</createdTime>
<generatorID>Generado por el Usuario</generatorID>
<ownerDesignName>ERD_POLICIA</ownerDesignName>
</ColumnProxy>
<ColumnProxy name="ID_CATEGORIA" id="B3C5C1E4-946B-2C4A-9A53-3D2CF0C42E64">
<createdBy>Manuel</createdBy>
<createdTime>2016-07-24 16:13:14 UTC</createdTime>
<generatorID>Generado por el Usuario</generatorID>
<ownerDesignName>ERD_POLICIA</ownerDesignName>
</ColumnProxy>
<ColumnProxy name="DESCRIPCION" id="B5AD5B87-4D35-6587-8240-E2ADA92CC039">
<createdBy>Manuel</createdBy>
<createdTime>2016-07-24 16:13:14 UTC</createdTime>
<generatorID>Generado por el Usuario</generatorID>
<ownerDesignName>ERD_POLICIA</ownerDesignName>
</ColumnProxy>
<ColumnProxy name="TIPO_PLANTA" id="C50A6AAC-3DF2-044F-6B32-62FAAE27FBF7">
<createdBy>Manuel</createdBy>
<createdTime>2016-07-24 16:13:14 UTC</createdTime>
<generatorID>Generado por el Usuario</generatorID>
<ownerDesignName>ERD_POLICIA</ownerDesignName>
</ColumnProxy>
<ColumnProxy name="FECHA_DECRETO_AUMENTO" id="D98EBFAF-11BE-2274-D695-8D0AB24EB4E1">
<createdBy>Manuel</createdBy>
<createdTime>2016-07-24 16:13:14 UTC</createdTime>
<generatorID>Generado por el Usuario</generatorID>
<ownerDesignName>ERD_POLICIA</ownerDesignName>
</ColumnProxy>
<ColumnProxy name="ESCALA" id="DA78F48D-B6BD-496A-0B5A-B9EE74154978">
<createdBy>Manuel</createdBy>
<createdTime>2016-07-24 16:13:14 UTC</createdTime>
<generatorID>Generado por el Usuario</generatorID>
<ownerDesignName>ERD_POLICIA</ownerDesignName>
</ColumnProxy>
<ColumnProxy name="DESCUENTO_COMISION_EXTERIOR" id="E00C5757-5A84-8CBF-85F4-7C079DFCB2AC">
<createdBy>Manuel</createdBy>
<createdTime>2016-07-24 16:13:14 UTC</createdTime>
<generatorID>Generado por el Usuario</generatorID>
<ownerDesignName>ERD_POLICIA</ownerDesignName>
</ColumnProxy>
<ColumnProxy name="VIGENTE" id="E0D6A466-913C-94E1-9C25-FF754C2DEAC9">
<createdBy>Manuel</createdBy>
<createdTime>2016-07-24 16:13:14 UTC</createdTime>
<generatorID>Generado por el Usuario</generatorID>
<ownerDesignName>ERD_POLICIA</ownerDesignName>
</ColumnProxy>
<ColumnProxy name="NATURALEZA" id="E4E25B2C-307E-C323-956A-C6D693B3A6F0">
<createdBy>Manuel</createdBy>
<createdTime>2016-07-24 16:13:14 UTC</createdTime>
<generatorID>Generado por el Usuario</generatorID>
<ownerDesignName>ERD_POLICIA</ownerDesignName>
</ColumnProxy>
</columnProxies>
<foreignKeys>
<ForeignKey class="oracle.dbtools.crest.model.design.storage.oracle.v10g.FKProxyOraclev10g" name="GRAD_CATEG_FK" id="62F325D9-4084-9DFB-9736-A068CB4F4D32">
<createdBy>Manuel</createdBy>
<createdTime>2016-07-24 16:13:14 UTC</createdTime>
<generatorID>Generado por el Usuario</generatorID>
<ownerDesignName>ERD_POLICIA</ownerDesignName>
</ForeignKey>
</foreignKeys>
<primaryKeys>
<PrimaryKey class="oracle.dbtools.crest.model.design.storage.oracle.v10g.PKProxyOraclev10g" name="GRAD_PK" id="01CFEAFA-9FA2-4FC5-BE41-A893C1DC2E6B">
<createdBy>Manuel</createdBy>
<createdTime>2016-07-24 16:13:14 UTC</createdTime>
<generatorID>Generado por el Usuario</generatorID>
<ownerDesignName>ERD_POLICIA</ownerDesignName>
<indexSort>SORTED</indexSort>
</PrimaryKey>
</primaryKeys>
<uniqueKeys>
<UniqueKey class="oracle.dbtools.crest.model.design.storage.oracle.v10g.UniqueOraclev10g" name="GRAD_UK1" id="44571438-03E7-F003-DEA4-2716162FF789">
<createdBy>Manuel</createdBy>
<createdTime>2016-07-24 16:13:14 UTC</createdTime>
<generatorID>Generado por el Usuario</generatorID>
<ownerDesignName>ERD_POLICIA</ownerDesignName>
<indexSort>SORTED</indexSort>
</UniqueKey>
<UniqueKey class="oracle.dbtools.crest.model.design.storage.oracle.v10g.UniqueOraclev10g" name="GRAD_UK2" id="F0C72573-5F25-A7EF-F005-C2A5972E6166">
<createdBy>Manuel</createdBy>
<createdTime>2016-07-24 16:13:14 UTC</createdTime>
<generatorID>Generado por el Usuario</generatorID>
<ownerDesignName>ERD_POLICIA</ownerDesignName>
<indexSort>SORTED</indexSort>
</UniqueKey>
</uniqueKeys>
</TableProxyOraclev11g>