<?xml version = '1.0' encoding = 'UTF-8'?>
<TableProxyOraclev11g class="oracle.dbtools.crest.model.design.storage.oracle.v11g.TableProxyOraclev11g" name="SIEDU_DOMINIO" directorySegmentName="seg_0" id="411A6245-A193-92B0-E3BA-C96F26912EC1">
<createdBy>Manuel</createdBy>
<createdTime>2016-07-24 16:13:14 UTC</createdTime>
<generatorID>Generado por el Usuario</generatorID>
<ownerDesignName>ERD_POLICIA</ownerDesignName>
<schemaObject>ED8B0381-61E9-98DB-D254-F5EC1AB94C4F</schemaObject>
<logging>YES</logging>
<partitionedRowMovement>DISABLE</partitionedRowMovement>
<temporaryChanged>false</temporaryChanged>
<indexProxies>
<IndexProxy class="oracle.dbtools.crest.model.design.storage.oracle.v10g.IndexProxyOraclev10g" name="SIEDU_DOMINIO_PK" id="04307ECB-1D72-ED6C-65EA-A6B9F95CB9DE">
<createdBy>Manuel</createdBy>
<createdTime>2016-07-24 16:13:14 UTC</createdTime>
<generatorID>Generado por el Usuario</generatorID>
<ownerDesignName>ERD_POLICIA</ownerDesignName>
<schemaObject>ED8B0381-61E9-98DB-D254-F5EC1AB94C4F</schemaObject>
</IndexProxy>
<IndexProxy class="oracle.dbtools.crest.model.design.storage.oracle.v10g.IndexProxyOraclev10g" name="SIEDU_DOMINIO_UK" id="F94B6843-4B28-5C9E-3DBC-B498B4DC10BA">
<createdBy>Manuel</createdBy>
<createdTime>2016-07-24 16:13:14 UTC</createdTime>
<generatorID>Generado por el Usuario</generatorID>
<ownerDesignName>ERD_POLICIA</ownerDesignName>
<schemaObject>ED8B0381-61E9-98DB-D254-F5EC1AB94C4F</schemaObject>
</IndexProxy>
</indexProxies>
<columnProxies itemClass="oracle.dbtools.crest.model.design.storage.oracle.v12c.ColumnProxyOraclev12c">
<ColumnProxy name="DESCRIPCION_DOMINIO" id="2D95821E-1FC8-CB9A-8BC1-142C569C9BF9">
<createdBy>Manuel</createdBy>
<createdTime>2016-07-24 16:13:14 UTC</createdTime>
<generatorID>Generado por el Usuario</generatorID>
<ownerDesignName>ERD_POLICIA</ownerDesignName>
</ColumnProxy>
<ColumnProxy name="VIGENTE" id="4F20924B-36F8-8E5E-07B7-1751DAF4EE4B">
<createdBy>Manuel</createdBy>
<createdTime>2016-07-24 16:13:14 UTC</createdTime>
<generatorID>Generado por el Usuario</generatorID>
<ownerDesignName>ERD_POLICIA</ownerDesignName>
</ColumnProxy>
<ColumnProxy name="ID_DOMINIO" id="A3C90245-99FA-BF1F-B007-6D350ACB94DA">
<createdBy>Manuel</createdBy>
<createdTime>2016-07-24 16:13:14 UTC</createdTime>
<generatorID>Generado por el Usuario</generatorID>
<ownerDesignName>ERD_POLICIA</ownerDesignName>
</ColumnProxy>
<ColumnProxy name="ID_TIPO_DOMINIO" id="CBF19F8C-F23D-622F-220D-F5F2E5BC7692">
<createdBy>Manuel</createdBy>
<createdTime>2016-07-24 16:13:14 UTC</createdTime>
<generatorID>Generado por el Usuario</generatorID>
<ownerDesignName>ERD_POLICIA</ownerDesignName>
</ColumnProxy>
</columnProxies>
<foreignKeys>
<ForeignKey class="oracle.dbtools.crest.model.design.storage.oracle.v10g.FKProxyOraclev10g" name="SIEDU_TIPODOM_DOMINIO_FK" id="D87932FA-60B2-DA96-183C-D89A094CC986">
<createdBy>Manuel</createdBy>
<createdTime>2016-07-24 16:13:14 UTC</createdTime>
<generatorID>Generado por el Usuario</generatorID>
<ownerDesignName>ERD_POLICIA</ownerDesignName>
</ForeignKey>
</foreignKeys>
<primaryKeys>
<PrimaryKey class="oracle.dbtools.crest.model.design.storage.oracle.v10g.PKProxyOraclev10g" name="SIEDU_DOMINIO_PK" id="2AC38EBC-36AF-56B8-F2D4-3FBC7820063F">
<createdBy>Manuel</createdBy>
<createdTime>2016-07-24 16:13:14 UTC</createdTime>
<generatorID>Generado por el Usuario</generatorID>
<ownerDesignName>ERD_POLICIA</ownerDesignName>
<indexSort>SORTED</indexSort>
</PrimaryKey>
</primaryKeys>
<uniqueKeys>
<UniqueKey class="oracle.dbtools.crest.model.design.storage.oracle.v10g.UniqueOraclev10g" name="SIEDU_DOMINIO_UK" id="C9DD9727-4358-EC4C-F3C7-42E126D9B0C2">
<createdBy>Manuel</createdBy>
<createdTime>2016-07-24 16:13:14 UTC</createdTime>
<generatorID>Generado por el Usuario</generatorID>
<ownerDesignName>ERD_POLICIA</ownerDesignName>
<indexSort>SORTED</indexSort>
</UniqueKey>
</uniqueKeys>
</TableProxyOraclev11g>