<?xml version = '1.0' encoding = 'UTF-8'?>
<TableProxyOraclev11g class="oracle.dbtools.crest.model.design.storage.oracle.v11g.TableProxyOraclev11g" name="SIEDU_ACTA_EVENTO" directorySegmentName="seg_0" id="490D382E-F599-5C3E-EA76-75BC173994E4">
<createdBy>Manuel</createdBy>
<createdTime>2016-07-24 16:13:26 UTC</createdTime>
<generatorID>Generado por el Usuario</generatorID>
<ownerDesignName>ERD_POLICIA</ownerDesignName>
<partitionedRowMovement>DISABLE</partitionedRowMovement>
<temporaryChanged>false</temporaryChanged>
<columnProxies itemClass="oracle.dbtools.crest.model.design.storage.oracle.v12c.ColumnProxyOraclev12c">
<ColumnProxy name="acta_fecha_fin" id="076050DC-DB11-FD58-93B2-D29C223C1BF4">
<createdBy>Manuel</createdBy>
<createdTime>2016-07-24 16:13:26 UTC</createdTime>
<generatorID>Generado por el Usuario</generatorID>
<ownerDesignName>ERD_POLICIA</ownerDesignName>
</ColumnProxy>
<ColumnProxy name="acta_ip_crea" id="13044071-9AE0-7FD4-CA12-CAB32BF7B958">
<createdBy>Manuel</createdBy>
<createdTime>2016-07-24 16:13:26 UTC</createdTime>
<generatorID>Generado por el Usuario</generatorID>
<ownerDesignName>ERD_POLICIA</ownerDesignName>
</ColumnProxy>
<ColumnProxy name="acta_fecha" id="2328A21B-F5AB-1A34-4CE4-CEF3D80C2347">
<createdBy>Manuel</createdBy>
<createdTime>2016-07-24 16:13:26 UTC</createdTime>
<generatorID>Generado por el Usuario</generatorID>
<ownerDesignName>ERD_POLICIA</ownerDesignName>
</ColumnProxy>
<ColumnProxy name="acta_fecha_grado" id="35D043D6-1A92-5F94-C284-461B690FE551">
<createdBy>Manuel</createdBy>
<createdTime>2016-07-24 16:13:26 UTC</createdTime>
<generatorID>Generado por el Usuario</generatorID>
<ownerDesignName>ERD_POLICIA</ownerDesignName>
</ColumnProxy>
<ColumnProxy name="acta_maquina_mod" id="444FCD30-F2C7-E9D5-552B-922DF32C9735">
<createdBy>Manuel</createdBy>
<createdTime>2016-07-24 16:13:26 UTC</createdTime>
<generatorID>Generado por el Usuario</generatorID>
<ownerDesignName>ERD_POLICIA</ownerDesignName>
</ColumnProxy>
<ColumnProxy name="acta_acta" id="505056D5-C791-7BD7-10F1-5EF7DE1437C8">
<createdBy>Manuel</createdBy>
<createdTime>2016-07-24 16:13:26 UTC</createdTime>
<generatorID>Generado por el Usuario</generatorID>
<ownerDesignName>ERD_POLICIA</ownerDesignName>
</ColumnProxy>
<ColumnProxy name="acta_fecha_inicio" id="594DFE12-B3F8-12E8-0389-FD6E0CAE9F1E">
<createdBy>Manuel</createdBy>
<createdTime>2016-07-24 16:13:26 UTC</createdTime>
<generatorID>Generado por el Usuario</generatorID>
<ownerDesignName>ERD_POLICIA</ownerDesignName>
</ColumnProxy>
<ColumnProxy name="acta_usu_mod" id="65419EA7-1889-91DB-A750-25CC0A7B2C86">
<createdBy>Manuel</createdBy>
<createdTime>2016-07-24 16:13:26 UTC</createdTime>
<generatorID>Generado por el Usuario</generatorID>
<ownerDesignName>ERD_POLICIA</ownerDesignName>
</ColumnProxy>
<ColumnProxy name="acta_nro_acta" id="6741B628-D78A-5BDA-08B5-416D9088B1BB">
<createdBy>Manuel</createdBy>
<createdTime>2016-07-24 16:13:26 UTC</createdTime>
<generatorID>Generado por el Usuario</generatorID>
<ownerDesignName>ERD_POLICIA</ownerDesignName>
</ColumnProxy>
<ColumnProxy name="acta_fecha_crea" id="80AC85FA-630D-241A-6DCE-4E73571D8E81">
<createdBy>Manuel</createdBy>
<createdTime>2016-07-24 16:13:26 UTC</createdTime>
<generatorID>Generado por el Usuario</generatorID>
<ownerDesignName>ERD_POLICIA</ownerDesignName>
</ColumnProxy>
<ColumnProxy name="acta_nro_libro" id="8DB9EB09-716F-40A9-5A3D-8A2CFBCE074A">
<createdBy>Manuel</createdBy>
<createdTime>2016-07-24 16:13:26 UTC</createdTime>
<generatorID>Generado por el Usuario</generatorID>
<ownerDesignName>ERD_POLICIA</ownerDesignName>
</ColumnProxy>
<ColumnProxy name="acta_ip_mod" id="9C61BA7E-1FAE-0E51-0947-2772C35C0AA5">
<createdBy>Manuel</createdBy>
<createdTime>2016-07-24 16:13:26 UTC</createdTime>
<generatorID>Generado por el Usuario</generatorID>
<ownerDesignName>ERD_POLICIA</ownerDesignName>
</ColumnProxy>
<ColumnProxy name="acta_nro_folio" id="A9488B50-79AE-E321-1364-7FDCD2925032">
<createdBy>Manuel</createdBy>
<createdTime>2016-07-24 16:13:26 UTC</createdTime>
<generatorID>Generado por el Usuario</generatorID>
<ownerDesignName>ERD_POLICIA</ownerDesignName>
</ColumnProxy>
<ColumnProxy name="acta_evee" id="ADA13D68-A0D0-BDCD-710F-4073E0A3E9B8">
<createdBy>Manuel</createdBy>
<createdTime>2016-07-24 16:13:26 UTC</createdTime>
<generatorID>Generado por el Usuario</generatorID>
<ownerDesignName>ERD_POLICIA</ownerDesignName>
</ColumnProxy>
<ColumnProxy name="acta_fecha_mod" id="EB9C3583-71FD-6D8B-DD3F-43E04D9686F9">
<createdBy>Manuel</createdBy>
<createdTime>2016-07-24 16:13:26 UTC</createdTime>
<generatorID>Generado por el Usuario</generatorID>
<ownerDesignName>ERD_POLICIA</ownerDesignName>
</ColumnProxy>
<ColumnProxy name="acta_maquina_crea" id="F33DF691-75B8-4833-39C5-2ADF78D792B4">
<createdBy>Manuel</createdBy>
<createdTime>2016-07-24 16:13:26 UTC</createdTime>
<generatorID>Generado por el Usuario</generatorID>
<ownerDesignName>ERD_POLICIA</ownerDesignName>
</ColumnProxy>
<ColumnProxy name="acta_usu_crea" id="F5EBDEC1-8045-E353-6603-7FC53E727E97">
<createdBy>Manuel</createdBy>
<createdTime>2016-07-24 16:13:26 UTC</createdTime>
<generatorID>Generado por el Usuario</generatorID>
<ownerDesignName>ERD_POLICIA</ownerDesignName>
</ColumnProxy>
</columnProxies>
<foreignKeys>
<ForeignKey class="oracle.dbtools.crest.model.design.storage.oracle.v10g.FKProxyOraclev10g" name="siedu_act_even_evee_fk" id="1E1ACA24-FD58-FFE8-D6DF-CF813FC5A2ED">
<createdBy>Manuel</createdBy>
<createdTime>2016-07-24 16:13:26 UTC</createdTime>
<generatorID>Generado por el Usuario</generatorID>
<ownerDesignName>ERD_POLICIA</ownerDesignName>
</ForeignKey>
</foreignKeys>
<primaryKeys>
<PrimaryKey class="oracle.dbtools.crest.model.design.storage.oracle.v10g.PKProxyOraclev10g" name="siedu_acta_evento_pk" id="D3396032-B1A6-8C3D-25E6-78CE58622D6B">
<createdBy>Manuel</createdBy>
<createdTime>2016-07-24 16:13:26 UTC</createdTime>
<generatorID>Generado por el Usuario</generatorID>
<ownerDesignName>ERD_POLICIA</ownerDesignName>
<indexSort>SORTED</indexSort>
</PrimaryKey>
</primaryKeys>
<uniqueKeys>
<UniqueKey class="oracle.dbtools.crest.model.design.storage.oracle.v10g.UniqueOraclev10g" name="siedu_acta_uk" id="44326819-BCA6-D007-4270-40521B71B50C">
<createdBy>Manuel</createdBy>
<createdTime>2016-07-24 16:13:26 UTC</createdTime>
<generatorID>Generado por el Usuario</generatorID>
<ownerDesignName>ERD_POLICIA</ownerDesignName>
<indexSort>SORTED</indexSort>
</UniqueKey>
</uniqueKeys>
</TableProxyOraclev11g>