<?xml version = '1.0' encoding = 'UTF-8'?>
<TableProxyOraclev11g class="oracle.dbtools.crest.model.design.storage.oracle.v11g.TableProxyOraclev11g" name="SIEDU_EVALUACION" directorySegmentName="seg_0" id="4D0C46F9-39D9-B036-8A2E-7D9C5FC4B1B6">
<createdBy>Manuel</createdBy>
<createdTime>2016-07-24 16:13:14 UTC</createdTime>
<generatorID>Generado por el Usuario</generatorID>
<ownerDesignName>ERD_POLICIA</ownerDesignName>
<logging>YES</logging>
<partitionedRowMovement>DISABLE</partitionedRowMovement>
<temporaryChanged>false</temporaryChanged>
<columnProxies itemClass="oracle.dbtools.crest.model.design.storage.oracle.v12c.ColumnProxyOraclev12c">
<ColumnProxy name="eval_fecha" id="3B882249-81C7-F890-E15F-7E6FF2BB63B3">
<createdBy>Manuel</createdBy>
<createdTime>2016-07-24 16:13:14 UTC</createdTime>
<generatorID>Generado por el Usuario</generatorID>
<ownerDesignName>ERD_POLICIA</ownerDesignName>
</ColumnProxy>
<ColumnProxy name="eval_aplicada" id="5DBF6A27-D5C7-D646-8D25-390FCDD49A05">
<createdBy>Manuel</createdBy>
<createdTime>2016-07-24 16:13:14 UTC</createdTime>
<generatorID>Generado por el Usuario</generatorID>
<ownerDesignName>ERD_POLICIA</ownerDesignName>
</ColumnProxy>
<ColumnProxy name="eval_dom_proce" id="67CD512A-5AB6-DFA2-A13A-2C77D3BE889C">
<createdBy>Manuel</createdBy>
<createdTime>2016-07-24 16:13:14 UTC</createdTime>
<generatorID>Generado por el Usuario</generatorID>
<ownerDesignName>ERD_POLICIA</ownerDesignName>
</ColumnProxy>
<ColumnProxy name="eval_descri" id="811A10CF-F190-2BC2-2ED6-C8C36D94C5E7">
<createdBy>Manuel</createdBy>
<createdTime>2016-07-24 16:13:14 UTC</createdTime>
<generatorID>Generado por el Usuario</generatorID>
<ownerDesignName>ERD_POLICIA</ownerDesignName>
</ColumnProxy>
<ColumnProxy name="eval_dom_modal" id="8234C4F8-F7B9-CD91-B178-1CEF8E2523E7">
<createdBy>Manuel</createdBy>
<createdTime>2016-07-24 16:13:14 UTC</createdTime>
<generatorID>Generado por el Usuario</generatorID>
<ownerDesignName>ERD_POLICIA</ownerDesignName>
</ColumnProxy>
<ColumnProxy name="eval_eval" id="9D763F7B-4B52-9A07-B911-C5A719B46D6C">
<createdBy>Manuel</createdBy>
<createdTime>2016-07-24 16:13:14 UTC</createdTime>
<generatorID>Generado por el Usuario</generatorID>
<ownerDesignName>ERD_POLICIA</ownerDesignName>
</ColumnProxy>
<ColumnProxy name="eval_even" id="BC0CCB66-357F-7666-B69F-EF14DEDF2452">
<createdBy>Manuel</createdBy>
<createdTime>2016-07-24 16:13:14 UTC</createdTime>
<generatorID>Generado por el Usuario</generatorID>
<ownerDesignName>ERD_POLICIA</ownerDesignName>
</ColumnProxy>
<ColumnProxy name="eval_nro_preg" id="D4463195-FD62-3875-7888-EAAD53F2A3DE">
<createdBy>Manuel</createdBy>
<createdTime>2016-07-24 16:13:14 UTC</createdTime>
<generatorID>Generado por el Usuario</generatorID>
<ownerDesignName>ERD_POLICIA</ownerDesignName>
</ColumnProxy>
<ColumnProxy name="eval_pae" id="D71AB357-3969-BEC1-1BDD-E9DAC2C2D4E9">
<createdBy>Manuel</createdBy>
<createdTime>2016-07-24 16:13:14 UTC</createdTime>
<generatorID>Generado por el Usuario</generatorID>
<ownerDesignName>ERD_POLICIA</ownerDesignName>
</ColumnProxy>
<ColumnProxy name="eval_estado" id="F6C7FB60-C918-2033-B41C-AF6D1ED9F21D">
<createdBy>Manuel</createdBy>
<createdTime>2016-07-24 16:13:14 UTC</createdTime>
<generatorID>Generado por el Usuario</generatorID>
<ownerDesignName>ERD_POLICIA</ownerDesignName>
</ColumnProxy>
</columnProxies>
<foreignKeys>
<ForeignKey class="oracle.dbtools.crest.model.design.storage.oracle.v10g.FKProxyOraclev10g" name="SIEDU_EVALUACION_EVENTO_FK" id="99F9B9D1-70BB-20AF-56BF-7E24D48AD662">
<createdBy>Manuel</createdBy>
<createdTime>2016-07-24 16:13:14 UTC</createdTime>
<generatorID>Generado por el Usuario</generatorID>
<ownerDesignName>ERD_POLICIA</ownerDesignName>
</ForeignKey>
<ForeignKey class="oracle.dbtools.crest.model.design.storage.oracle.v10g.FKProxyOraclev10g" name="SIEDU_EVALUACION_PAE_FK" id="BC0E5A09-E410-3B15-F5DC-EEEFA89FEADD">
<createdBy>Manuel</createdBy>
<createdTime>2016-07-24 16:13:14 UTC</createdTime>
<generatorID>Generado por el Usuario</generatorID>
<ownerDesignName>ERD_POLICIA</ownerDesignName>
</ForeignKey>
</foreignKeys>
<primaryKeys>
<PrimaryKey class="oracle.dbtools.crest.model.design.storage.oracle.v10g.PKProxyOraclev10g" name="SIEDU_EVALUACION_PK" id="2CA4867E-FFC8-4B2B-9132-96F753445C98">
<createdBy>Manuel</createdBy>
<createdTime>2016-07-24 16:13:14 UTC</createdTime>
<generatorID>Generado por el Usuario</generatorID>
<ownerDesignName>ERD_POLICIA</ownerDesignName>
<indexSort>SORTED</indexSort>
</PrimaryKey>
</primaryKeys>
<tableCheckConstraints itemClass="oracle.dbtools.crest.model.design.storage.oracle.TableCheckConstraintOracle">
<TableCheckConstraint name="SIEDU_EVALUACION_ACTIVADA_CK" id="29147D62-DA9B-F8C1-A421-3CC97A513E0D">
<createdBy>Manuel</createdBy>
<createdTime>2016-07-24 16:13:14 UTC</createdTime>
<generatorID>Generado por el Usuario</generatorID>
<ownerDesignName>ERD_POLICIA</ownerDesignName>
</TableCheckConstraint>
<TableCheckConstraint name="SIEDU_EVALUACION_ESTADO_CK" id="99863A98-454B-F31C-FD41-01CAD20FAF15">
<createdBy>Manuel</createdBy>
<createdTime>2016-07-24 16:13:14 UTC</createdTime>
<generatorID>Generado por el Usuario</generatorID>
<ownerDesignName>ERD_POLICIA</ownerDesignName>
</TableCheckConstraint>
</tableCheckConstraints>
<uniqueKeys>
<UniqueKey class="oracle.dbtools.crest.model.design.storage.oracle.v10g.UniqueOraclev10g" name="SIEDU_EVALUACION_EVEN_UK" id="138BBD27-169E-FF80-DCA0-7A5A8BABB7DB">
<createdBy>Manuel</createdBy>
<createdTime>2016-07-24 16:13:14 UTC</createdTime>
<generatorID>Generado por el Usuario</generatorID>
<ownerDesignName>ERD_POLICIA</ownerDesignName>
<indexSort>SORTED</indexSort>
</UniqueKey>
</uniqueKeys>
</TableProxyOraclev11g>