<?xml version = '1.0' encoding = 'UTF-8'?>
<TableProxyOraclev11g class="oracle.dbtools.crest.model.design.storage.oracle.v11g.TableProxyOraclev11g" name="SIEDU_EVENTO" directorySegmentName="seg_0" id="53E8FA20-B205-EFB1-33C6-DCEDF3913B8D">
<createdBy>Manuel</createdBy>
<createdTime>2016-07-24 16:13:14 UTC</createdTime>
<generatorID>Generado por el Usuario</generatorID>
<ownerDesignName>ERD_POLICIA</ownerDesignName>
<logging>YES</logging>
<partitionedRowMovement>DISABLE</partitionedRowMovement>
<temporaryChanged>false</temporaryChanged>
<columnProxies itemClass="oracle.dbtools.crest.model.design.storage.oracle.v12c.ColumnProxyOraclev12c">
<ColumnProxy name="even_estado" id="1D6ED363-EBA5-6116-334C-37F29FA76D81">
<createdBy>Manuel</createdBy>
<createdTime>2016-07-24 16:13:14 UTC</createdTime>
<generatorID>Generado por el Usuario</generatorID>
<ownerDesignName>ERD_POLICIA</ownerDesignName>
</ColumnProxy>
<ColumnProxy name="even_obje_gral" id="4840512E-F1A2-DF14-450B-E26F72BC8B1D">
<createdBy>Manuel</createdBy>
<createdTime>2016-07-24 16:13:14 UTC</createdTime>
<generatorID>Generado por el Usuario</generatorID>
<ownerDesignName>ERD_POLICIA</ownerDesignName>
</ColumnProxy>
<ColumnProxy name="even_fuerza" id="53ADD5A5-EF55-F3D6-5AC2-26A2334A3114">
<createdBy>Manuel</createdBy>
<createdTime>2016-07-24 16:13:14 UTC</createdTime>
<generatorID>Generado por el Usuario</generatorID>
<ownerDesignName>ERD_POLICIA</ownerDesignName>
</ColumnProxy>
<ColumnProxy name="even_fecha_ver" id="62EFFBD5-1EDA-DE43-ECFE-622E58320122">
<createdBy>Manuel</createdBy>
<createdTime>2016-07-24 16:13:14 UTC</createdTime>
<generatorID>Generado por el Usuario</generatorID>
<ownerDesignName>ERD_POLICIA</ownerDesignName>
</ColumnProxy>
<ColumnProxy name="even_even" id="754CEE57-AD0A-3328-130A-FAA3A5EB8966">
<createdBy>Manuel</createdBy>
<createdTime>2016-07-24 16:13:14 UTC</createdTime>
<generatorID>Generado por el Usuario</generatorID>
<ownerDesignName>ERD_POLICIA</ownerDesignName>
</ColumnProxy>
<ColumnProxy name="even_id_carrera" id="BD5D16EB-149B-0996-B92B-32585A089454">
<createdBy>Manuel</createdBy>
<createdTime>2016-07-24 16:13:14 UTC</createdTime>
<generatorID>Generado por el Usuario</generatorID>
<ownerDesignName>ERD_POLICIA</ownerDesignName>
</ColumnProxy>
<ColumnProxy name="even_inten_horas" id="C2C4EAE9-6655-C7CE-4B61-A09AD78C7FC8">
<createdBy>Manuel</createdBy>
<createdTime>2016-07-24 16:13:14 UTC</createdTime>
<generatorID>Generado por el Usuario</generatorID>
<ownerDesignName>ERD_POLICIA</ownerDesignName>
</ColumnProxy>
<ColumnProxy name="even_dom_proce" id="C69BE2AF-78AC-C5EB-9A30-F9F1F6163666">
<createdBy>Manuel</createdBy>
<createdTime>2016-07-24 16:13:14 UTC</createdTime>
<generatorID>Generado por el Usuario</generatorID>
<ownerDesignName>ERD_POLICIA</ownerDesignName>
</ColumnProxy>
<ColumnProxy name="even_dirigidoa" id="E598A678-87F3-37E3-8817-F4AAD013FCF9">
<createdBy>Manuel</createdBy>
<createdTime>2016-07-24 16:13:14 UTC</createdTime>
<generatorID>Generado por el Usuario</generatorID>
<ownerDesignName>ERD_POLICIA</ownerDesignName>
</ColumnProxy>
<ColumnProxy name="even_justifica" id="E67B39A0-85F2-F848-72E8-416BC8405375">
<createdBy>Manuel</createdBy>
<createdTime>2016-07-24 16:13:14 UTC</createdTime>
<generatorID>Generado por el Usuario</generatorID>
<ownerDesignName>ERD_POLICIA</ownerDesignName>
</ColumnProxy>
<ColumnProxy name="even_dom_modal" id="F301D190-62EA-621A-A006-DFC4E4E107C4">
<createdBy>Manuel</createdBy>
<createdTime>2016-07-24 16:13:14 UTC</createdTime>
<generatorID>Generado por el Usuario</generatorID>
<ownerDesignName>ERD_POLICIA</ownerDesignName>
</ColumnProxy>
<ColumnProxy name="even_obje_espe" id="F3FA78F5-5644-B2C0-D69B-930D7DAFC9FE">
<createdBy>Manuel</createdBy>
<createdTime>2016-07-24 16:13:14 UTC</createdTime>
<generatorID>Generado por el Usuario</generatorID>
<ownerDesignName>ERD_POLICIA</ownerDesignName>
</ColumnProxy>
</columnProxies>
<foreignKeys>
<ForeignKey class="oracle.dbtools.crest.model.design.storage.oracle.v10g.FKProxyOraclev10g" name="SIEDU_EVENTO_CARRERA_FK" id="0D735B9A-DF1D-B4F5-1FE5-C383BB941CAE">
<createdBy>Manuel</createdBy>
<createdTime>2016-07-24 16:13:14 UTC</createdTime>
<generatorID>Generado por el Usuario</generatorID>
<ownerDesignName>ERD_POLICIA</ownerDesignName>
</ForeignKey>
</foreignKeys>
<primaryKeys>
<PrimaryKey class="oracle.dbtools.crest.model.design.storage.oracle.v10g.PKProxyOraclev10g" name="SIEDU_EVENTO_PK" id="4F778E84-F2E3-9573-E10B-4CCF35A53A77">
<createdBy>Manuel</createdBy>
<createdTime>2016-07-24 16:13:14 UTC</createdTime>
<generatorID>Generado por el Usuario</generatorID>
<ownerDesignName>ERD_POLICIA</ownerDesignName>
<indexSort>SORTED</indexSort>
</PrimaryKey>
</primaryKeys>
</TableProxyOraclev11g>