<?xml version = '1.0' encoding = 'UTF-8'?>
<TableProxyOraclev11g class="oracle.dbtools.crest.model.design.storage.oracle.v11g.TableProxyOraclev11g" name="SIEDU_EMPLEADO_EXTERNO" directorySegmentName="seg_0" id="86F6941D-85E2-27CE-32F0-62B40975A3D3">
<createdBy>Manuel</createdBy>
<createdTime>2016-07-24 16:13:14 UTC</createdTime>
<generatorID>Generado por el Usuario</generatorID>
<ownerDesignName>ERD_POLICIA</ownerDesignName>
<logging>YES</logging>
<partitionedRowMovement>DISABLE</partitionedRowMovement>
<temporaryChanged>false</temporaryChanged>
<columnProxies itemClass="oracle.dbtools.crest.model.design.storage.oracle.v12c.ColumnProxyOraclev12c">
<ColumnProxy name="empe_nombres" id="1E4C6954-D545-F986-3623-B8197EA826FD">
<createdBy>Manuel</createdBy>
<createdTime>2016-07-24 16:13:14 UTC</createdTime>
<generatorID>Generado por el Usuario</generatorID>
<ownerDesignName>ERD_POLICIA</ownerDesignName>
</ColumnProxy>
<ColumnProxy name="empe_dire_res" id="27DFF37A-9943-F38E-A5D5-D4A6A8E0CFC9">
<createdBy>Manuel</createdBy>
<createdTime>2016-07-24 16:13:14 UTC</createdTime>
<generatorID>Generado por el Usuario</generatorID>
<ownerDesignName>ERD_POLICIA</ownerDesignName>
</ColumnProxy>
<ColumnProxy name="empe_luggeo_ciunac" id="3497FE5D-4AC1-D774-04D7-073D7179CCA9">
<createdBy>Manuel</createdBy>
<createdTime>2016-07-24 16:13:14 UTC</createdTime>
<generatorID>Generado por el Usuario</generatorID>
<ownerDesignName>ERD_POLICIA</ownerDesignName>
</ColumnProxy>
<ColumnProxy name="empe_grupo_sang" id="35525DD0-8ABA-BD0E-AEAE-AFC49EF8E9BE">
<createdBy>Manuel</createdBy>
<createdTime>2016-07-24 16:13:14 UTC</createdTime>
<generatorID>Generado por el Usuario</generatorID>
<ownerDesignName>ERD_POLICIA</ownerDesignName>
</ColumnProxy>
<ColumnProxy name="empe_empe" id="67C8917B-9A92-303F-E143-D2A60E55B416">
<createdBy>Manuel</createdBy>
<createdTime>2016-07-24 16:13:14 UTC</createdTime>
<generatorID>Generado por el Usuario</generatorID>
<ownerDesignName>ERD_POLICIA</ownerDesignName>
</ColumnProxy>
<ColumnProxy name="empe_factorrh" id="7BD15C5C-F4E3-A926-D9A4-E14630218925">
<createdBy>Manuel</createdBy>
<createdTime>2016-07-24 16:13:14 UTC</createdTime>
<generatorID>Generado por el Usuario</generatorID>
<ownerDesignName>ERD_POLICIA</ownerDesignName>
</ColumnProxy>
<ColumnProxy name="empe_estado_civil" id="870FA105-CD21-4462-09E5-85EA8EF71ED2">
<createdBy>Manuel</createdBy>
<createdTime>2016-07-24 16:13:14 UTC</createdTime>
<generatorID>Generado por el Usuario</generatorID>
<ownerDesignName>ERD_POLICIA</ownerDesignName>
</ColumnProxy>
<ColumnProxy name="empe_tipoId" id="8C92BD6A-4545-0946-6757-D79A037A6862">
<createdBy>Manuel</createdBy>
<createdTime>2016-07-24 16:13:14 UTC</createdTime>
<generatorID>Generado por el Usuario</generatorID>
<ownerDesignName>ERD_POLICIA</ownerDesignName>
</ColumnProxy>
<ColumnProxy name="empe_apellidos" id="92413845-10F7-8E90-E2BF-75C08346A678">
<createdBy>Manuel</createdBy>
<createdTime>2016-07-24 16:13:14 UTC</createdTime>
<generatorID>Generado por el Usuario</generatorID>
<ownerDesignName>ERD_POLICIA</ownerDesignName>
</ColumnProxy>
<ColumnProxy name="empe_sexo" id="9581FF0F-CEB6-2AB9-FCC1-88749AAA8DCD">
<createdBy>Manuel</createdBy>
<createdTime>2016-07-24 16:13:14 UTC</createdTime>
<generatorID>Generado por el Usuario</generatorID>
<ownerDesignName>ERD_POLICIA</ownerDesignName>
</ColumnProxy>
<ColumnProxy name="empe_fecha_nac" id="9C2B3A9B-1778-5DF7-D93B-6DBB5790E57C">
<createdBy>Manuel</createdBy>
<createdTime>2016-07-24 16:13:14 UTC</createdTime>
<generatorID>Generado por el Usuario</generatorID>
<ownerDesignName>ERD_POLICIA</ownerDesignName>
</ColumnProxy>
<ColumnProxy name="empe_nroId" id="C8113B68-E540-814B-98FF-6C0A4DE52B02">
<createdBy>Manuel</createdBy>
<createdTime>2016-07-24 16:13:14 UTC</createdTime>
<generatorID>Generado por el Usuario</generatorID>
<ownerDesignName>ERD_POLICIA</ownerDesignName>
</ColumnProxy>
<ColumnProxy name="empe_luggeo_paires" id="C826ED01-6CAC-EBC2-6A9C-E59919FD0CBC">
<createdBy>Manuel</createdBy>
<createdTime>2016-07-24 16:13:14 UTC</createdTime>
<generatorID>Generado por el Usuario</generatorID>
<ownerDesignName>ERD_POLICIA</ownerDesignName>
</ColumnProxy>
<ColumnProxy name="empe_luggeo_painac" id="C93425D5-2D30-3CD5-2B29-5760E843BCC7">
<createdBy>Manuel</createdBy>
<createdTime>2016-07-24 16:13:14 UTC</createdTime>
<generatorID>Generado por el Usuario</generatorID>
<ownerDesignName>ERD_POLICIA</ownerDesignName>
</ColumnProxy>
<ColumnProxy name="empe_entidad" id="CEB08F2D-A300-47F7-9646-FE052C8752FF">
<createdBy>Manuel</createdBy>
<createdTime>2016-07-24 16:13:14 UTC</createdTime>
<generatorID>Generado por el Usuario</generatorID>
<ownerDesignName>ERD_POLICIA</ownerDesignName>
</ColumnProxy>
<ColumnProxy name="empe_luggeo_ciures" id="EDC6CCEE-EF26-65B5-2FA0-0AE7D2B3DC8D">
<createdBy>Manuel</createdBy>
<createdTime>2016-07-24 16:13:14 UTC</createdTime>
<generatorID>Generado por el Usuario</generatorID>
<ownerDesignName>ERD_POLICIA</ownerDesignName>
</ColumnProxy>
<ColumnProxy name="empe_barrio_res" id="EF4EAAEF-E869-9C1C-E172-9ACE4194996A">
<createdBy>Manuel</createdBy>
<createdTime>2016-07-24 16:13:14 UTC</createdTime>
<generatorID>Generado por el Usuario</generatorID>
<ownerDesignName>ERD_POLICIA</ownerDesignName>
</ColumnProxy>
</columnProxies>
<foreignKeys>
<ForeignKey class="oracle.dbtools.crest.model.design.storage.oracle.v10g.FKProxyOraclev10g" name="SIEDU_EMP_EXT_LUGGEO_PAINAC_FK" id="0E9CE533-B60B-B89B-3F48-4E7679B950BE">
<createdBy>Manuel</createdBy>
<createdTime>2016-07-24 16:13:14 UTC</createdTime>
<generatorID>Generado por el Usuario</generatorID>
<ownerDesignName>ERD_POLICIA</ownerDesignName>
</ForeignKey>
<ForeignKey class="oracle.dbtools.crest.model.design.storage.oracle.v10g.FKProxyOraclev10g" name="SIEDU_EMP_EXT_LUGGEO_CIUNAC_FK" id="41CD4DA1-FDC9-2B1A-7071-65FD2D5A43A2">
<createdBy>Manuel</createdBy>
<createdTime>2016-07-24 16:13:14 UTC</createdTime>
<generatorID>Generado por el Usuario</generatorID>
<ownerDesignName>ERD_POLICIA</ownerDesignName>
</ForeignKey>
<ForeignKey class="oracle.dbtools.crest.model.design.storage.oracle.v10g.FKProxyOraclev10g" name="SIEDU_EMP_EXT_LUGGEO_CIURES_FK" id="ED1CFF40-6CA0-70C1-70E6-B00FAFDD81E9">
<createdBy>Manuel</createdBy>
<createdTime>2016-07-24 16:13:14 UTC</createdTime>
<generatorID>Generado por el Usuario</generatorID>
<ownerDesignName>ERD_POLICIA</ownerDesignName>
</ForeignKey>
<ForeignKey class="oracle.dbtools.crest.model.design.storage.oracle.v10g.FKProxyOraclev10g" name="SIEDU_EMP_EXT_LUGGEO_PAIRES_FK" id="FAF9FE30-88C5-56C7-DB53-42DFED64C75A">
<createdBy>Manuel</createdBy>
<createdTime>2016-07-24 16:13:14 UTC</createdTime>
<generatorID>Generado por el Usuario</generatorID>
<ownerDesignName>ERD_POLICIA</ownerDesignName>
</ForeignKey>
</foreignKeys>
<primaryKeys>
<PrimaryKey class="oracle.dbtools.crest.model.design.storage.oracle.v10g.PKProxyOraclev10g" name="SIEDU_EMPLEADO_EXTERNO_PK" id="F88C48EA-8196-4DCF-2E83-5ABD72686020">
<createdBy>Manuel</createdBy>
<createdTime>2016-07-24 16:13:14 UTC</createdTime>
<generatorID>Generado por el Usuario</generatorID>
<ownerDesignName>ERD_POLICIA</ownerDesignName>
<indexSort>SORTED</indexSort>
</PrimaryKey>
</primaryKeys>
<tableCheckConstraints itemClass="oracle.dbtools.crest.model.design.storage.oracle.TableCheckConstraintOracle">
<TableCheckConstraint name="SIEDU_EMPLEADO_EXTERNO_CK" id="2979829A-EDB0-910F-DAB3-9425EDF157CA">
<createdBy>Manuel</createdBy>
<createdTime>2016-07-24 16:13:14 UTC</createdTime>
<generatorID>Generado por el Usuario</generatorID>
<ownerDesignName>ERD_POLICIA</ownerDesignName>
</TableCheckConstraint>
<TableCheckConstraint name="SIEDU_EMPLEADO_EXT_FACRH_CK" id="445C948A-5B53-50B5-0312-E1A2AF05674E">
<createdBy>Manuel</createdBy>
<createdTime>2016-07-24 16:13:14 UTC</createdTime>
<generatorID>Generado por el Usuario</generatorID>
<ownerDesignName>ERD_POLICIA</ownerDesignName>
</TableCheckConstraint>
<TableCheckConstraint name="SIEDU_EMPLEADO_EXT_SEXO_CK" id="92CFBFFD-C1AB-16E1-FFEB-8AE2387E26F4">
<createdBy>Manuel</createdBy>
<createdTime>2016-07-24 16:13:14 UTC</createdTime>
<generatorID>Generado por el Usuario</generatorID>
<ownerDesignName>ERD_POLICIA</ownerDesignName>
</TableCheckConstraint>
<TableCheckConstraint name="SIEDU_EMPLEADO_EXT_ESTCIV_CK" id="D30CA18F-8DCA-7955-C748-7EF994CCF8CD">
<createdBy>Manuel</createdBy>
<createdTime>2016-07-24 16:13:14 UTC</createdTime>
<generatorID>Generado por el Usuario</generatorID>
<ownerDesignName>ERD_POLICIA</ownerDesignName>
</TableCheckConstraint>
<TableCheckConstraint name="SIEDU_EMPLEADO_EXT_GRPSANG_CK" id="E6D98D07-9A11-BBB9-958C-0EF3454EA1F5">
<createdBy>Manuel</createdBy>
<createdTime>2016-07-24 16:13:14 UTC</createdTime>
<generatorID>Generado por el Usuario</generatorID>
<ownerDesignName>ERD_POLICIA</ownerDesignName>
</TableCheckConstraint>
</tableCheckConstraints>
<uniqueKeys>
<UniqueKey class="oracle.dbtools.crest.model.design.storage.oracle.v10g.UniqueOraclev10g" name="SIEDU_EMPLEADO_EXTERNO_UK" id="890B65E7-8448-A530-4A49-90968C41FF4E">
<createdBy>Manuel</createdBy>
<createdTime>2016-07-24 16:13:14 UTC</createdTime>
<generatorID>Generado por el Usuario</generatorID>
<ownerDesignName>ERD_POLICIA</ownerDesignName>
<indexSort>SORTED</indexSort>
</UniqueKey>
</uniqueKeys>
</TableProxyOraclev11g>