<?xml version = '1.0' encoding = 'UTF-8'?>
<TableProxyOraclev11g class="oracle.dbtools.crest.model.design.storage.oracle.v11g.TableProxyOraclev11g" name="SIEDU_CERTIFICADO_EVENTO" directorySegmentName="seg_0" id="A4E92347-C65E-7451-8B01-0E88432087EA">
<createdBy>Manuel</createdBy>
<createdTime>2016-07-24 16:13:14 UTC</createdTime>
<generatorID>Generado por el Usuario</generatorID>
<ownerDesignName>ERD_POLICIA</ownerDesignName>
<partitionedRowMovement>DISABLE</partitionedRowMovement>
<temporaryChanged>false</temporaryChanged>
<columnProxies itemClass="oracle.dbtools.crest.model.design.storage.oracle.v12c.ColumnProxyOraclev12c">
<ColumnProxy name="cert_pare" id="230E8A89-F3AD-0A7F-C625-80197D16CA2E">
<createdBy>Manuel</createdBy>
<createdTime>2016-07-24 16:13:14 UTC</createdTime>
<generatorID>Generado por el Usuario</generatorID>
<ownerDesignName>ERD_POLICIA</ownerDesignName>
</ColumnProxy>
<ColumnProxy name="cert_acta" id="258F715E-3F2A-1932-45E4-B0231002412C">
<createdBy>Manuel</createdBy>
<createdTime>2016-07-24 16:13:26 UTC</createdTime>
<generatorID>Generado por el Usuario</generatorID>
<ownerDesignName>ERD_POLICIA</ownerDesignName>
</ColumnProxy>
<ColumnProxy name="cert_ip_crea" id="429565F0-A98B-1951-282C-5B3061F86057">
<createdBy>Manuel</createdBy>
<createdTime>2016-07-24 16:13:26 UTC</createdTime>
<generatorID>Generado por el Usuario</generatorID>
<ownerDesignName>ERD_POLICIA</ownerDesignName>
</ColumnProxy>
<ColumnProxy name="cert_consecu_folio" id="43E4184F-3BB7-E389-D730-A19FC15B26C0">
<createdBy>Manuel</createdBy>
<createdTime>2016-07-24 16:13:14 UTC</createdTime>
<generatorID>Generado por el Usuario</generatorID>
<ownerDesignName>ERD_POLICIA</ownerDesignName>
</ColumnProxy>
<ColumnProxy name="cert_fecha_crea" id="53534A3B-75CB-3C40-4D13-D60E081CEDB6">
<createdBy>Manuel</createdBy>
<createdTime>2016-07-24 16:13:26 UTC</createdTime>
<generatorID>Generado por el Usuario</generatorID>
<ownerDesignName>ERD_POLICIA</ownerDesignName>
</ColumnProxy>
<ColumnProxy name="cert_ip_mod" id="59C52173-8692-91F9-8CC0-29B4AC947CD6">
<createdBy>Manuel</createdBy>
<createdTime>2016-07-24 16:13:26 UTC</createdTime>
<generatorID>Generado por el Usuario</generatorID>
<ownerDesignName>ERD_POLICIA</ownerDesignName>
</ColumnProxy>
<ColumnProxy name="cert_maquina_mod" id="7098770D-F962-4B05-3219-2734546256FF">
<createdBy>Manuel</createdBy>
<createdTime>2016-07-24 16:13:26 UTC</createdTime>
<generatorID>Generado por el Usuario</generatorID>
<ownerDesignName>ERD_POLICIA</ownerDesignName>
</ColumnProxy>
<ColumnProxy name="cert_usu_crea" id="C2A98AEF-0291-AB1B-3F00-B571D210A863">
<createdBy>Manuel</createdBy>
<createdTime>2016-07-24 16:13:26 UTC</createdTime>
<generatorID>Generado por el Usuario</generatorID>
<ownerDesignName>ERD_POLICIA</ownerDesignName>
</ColumnProxy>
<ColumnProxy name="cert_usu_mod" id="D148B7F4-A689-7120-C6A6-3C5FC11149BE">
<createdBy>Manuel</createdBy>
<createdTime>2016-07-24 16:13:26 UTC</createdTime>
<generatorID>Generado por el Usuario</generatorID>
<ownerDesignName>ERD_POLICIA</ownerDesignName>
</ColumnProxy>
<ColumnProxy name="cert_maquina_crea" id="DA9E36DD-402D-3420-F96D-597A40E6C438">
<createdBy>Manuel</createdBy>
<createdTime>2016-07-24 16:13:26 UTC</createdTime>
<generatorID>Generado por el Usuario</generatorID>
<ownerDesignName>ERD_POLICIA</ownerDesignName>
</ColumnProxy>
<ColumnProxy name="cert_fecha_mod" id="FAD5468A-E8E3-D450-A464-1241CB581B24">
<createdBy>Manuel</createdBy>
<createdTime>2016-07-24 16:13:26 UTC</createdTime>
<generatorID>Generado por el Usuario</generatorID>
<ownerDesignName>ERD_POLICIA</ownerDesignName>
</ColumnProxy>
<ColumnProxy name="cert_cert" id="FD9B5620-81D8-214C-2595-159E373B4A92">
<createdBy>Manuel</createdBy>
<createdTime>2016-07-24 16:13:14 UTC</createdTime>
<generatorID>Generado por el Usuario</generatorID>
<ownerDesignName>ERD_POLICIA</ownerDesignName>
</ColumnProxy>
</columnProxies>
<foreignKeys>
<ForeignKey class="oracle.dbtools.crest.model.design.storage.oracle.v10g.FKProxyOraclev10g" name="SIEDU_CERTI_EVEN_PARTI_EVEN_FK" id="6A017855-51C8-AFB6-2306-27B4DC10A306">
<createdBy>Manuel</createdBy>
<createdTime>2016-07-24 16:13:14 UTC</createdTime>
<generatorID>Generado por el Usuario</generatorID>
<ownerDesignName>ERD_POLICIA</ownerDesignName>
</ForeignKey>
<ForeignKey class="oracle.dbtools.crest.model.design.storage.oracle.v10g.FKProxyOraclev10g" name="siedu_certi_acta_even_fk" id="A6675746-B3F6-7B2C-06FF-DB92C1705B70">
<createdBy>Manuel</createdBy>
<createdTime>2016-07-24 16:13:26 UTC</createdTime>
<generatorID>Generado por el Usuario</generatorID>
<ownerDesignName>ERD_POLICIA</ownerDesignName>
</ForeignKey>
</foreignKeys>
<primaryKeys>
<PrimaryKey class="oracle.dbtools.crest.model.design.storage.oracle.v10g.PKProxyOraclev10g" name="SIEDU_CERTIFICADO_EVENTO_PK" id="2EA5CF15-BBAE-B0D6-BD6E-6B8FF1D8A13B">
<createdBy>Manuel</createdBy>
<createdTime>2016-07-24 16:13:14 UTC</createdTime>
<generatorID>Generado por el Usuario</generatorID>
<ownerDesignName>ERD_POLICIA</ownerDesignName>
<indexSort>SORTED</indexSort>
</PrimaryKey>
</primaryKeys>
</TableProxyOraclev11g>