<?xml version = '1.0' encoding = 'UTF-8'?>
<FKIndexAssociation class="oracle.dbtools.crest.model.design.relational.FKIndexAssociation" directorySegmentName="seg_1" id="0AE4A390-891B-FEB6-6AD6-686E3714826B" name="SIEDU_EVALUACION_EVENTO_FK">
<createdBy>itc</createdBy>
<createdTime>2016-03-10 11:22:18 UTC</createdTime>
<generatorID>Generado por el Usuario</generatorID>
<ownerDesignName>ERD_POLICIA</ownerDesignName>
<containerWithKeyObject>4D0C46F9-39D9-B036-8A2E-7D9C5FC4B1B6</containerWithKeyObject>
<deleteRule>NO ACTION</deleteRule>
<localFKIndex>99F9B9D1-70BB-20AF-56BF-7E24D48AD662</localFKIndex>
<keyObject>4F778E84-F2E3-9573-E10B-4CCF35A53A77</keyObject>
<mandatory>true</mandatory>
<transferable>true</transferable>
<columnDependencyConstraintGenerateInDDL>true</columnDependencyConstraintGenerateInDDL>
</FKIndexAssociation>