<?xml version = '1.0' encoding = 'UTF-8'?>
<FKIndexAssociation class="oracle.dbtools.crest.model.design.relational.FKIndexAssociation" directorySegmentName="seg_1" id="10F5FC51-2D15-03B2-F151-D05C7E45D5EA" name="SIEDU_DOCENTE_EVEN_PERS_FK">
<createdBy>Manuel</createdBy>
<createdTime>2016-03-06 22:09:12 UTC</createdTime>
<generatorID>Generado por el Usuario</generatorID>
<ownerDesignName>ERD_POLICIA</ownerDesignName>
<containerWithKeyObject>81A771D7-0C98-FF22-D16B-D7C51566DF46</containerWithKeyObject>
<deleteRule>NO ACTION</deleteRule>
<localFKIndex>F28343A3-5084-10E5-B35B-EA09ADC0D772</localFKIndex>
<keyObject>A34618AB-316F-F323-31CF-21987F5EA2EB</keyObject>
<mandatory>true</mandatory>
<transferable>true</transferable>
<columnDependencyConstraintGenerateInDDL>true</columnDependencyConstraintGenerateInDDL>
</FKIndexAssociation>