<?xml version = '1.0' encoding = 'UTF-8'?>
<FKIndexAssociation class="oracle.dbtools.crest.model.design.relational.FKIndexAssociation" directorySegmentName="seg_1" id="10F72DF1-222D-868F-39D4-82C65711206C" name="SIEDU_CERTI_EVEN_PARTI_EVEN_FK">
<createdBy>Manuel</createdBy>
<createdTime>2016-03-07 00:09:11 UTC</createdTime>
<generatorID>Generado por el Usuario</generatorID>
<ownerDesignName>ERD_POLICIA</ownerDesignName>
<containerWithKeyObject>A4E92347-C65E-7451-8B01-0E88432087EA</containerWithKeyObject>
<deleteRule>NO ACTION</deleteRule>
<localFKIndex>D0632D38-AA52-8B1C-F4AA-FB62CFEED8C6</localFKIndex>
<keyObject>08B8ECB8-BC07-4701-8CAC-F514FA2D907E</keyObject>
<mandatory>true</mandatory>
<transferable>true</transferable>
<columnDependencyConstraintGenerateInDDL>true</columnDependencyConstraintGenerateInDDL>
</FKIndexAssociation>