<?xml version = '1.0' encoding = 'UTF-8'?>
<FKIndexAssociation class="oracle.dbtools.crest.model.design.relational.FKIndexAssociation" directorySegmentName="seg_1" id="16670E0C-8FD9-AD6C-4E81-0276D4EA421A" name="SIEDU_PERSONA_EMPLE_EXTERNO_FK">
<createdBy>Manuel</createdBy>
<createdTime>2016-03-06 22:02:14 UTC</createdTime>
<generatorID>Generado por el Usuario</generatorID>
<ownerDesignName>ERD_POLICIA</ownerDesignName>
<arc>5C9B4ECB-B44A-7970-2EE3-1AE541EEA9CA</arc>
<containerWithKeyObject>1F8C52BB-4015-FF8D-7871-DB23C5790061</containerWithKeyObject>
<deleteRule>NO ACTION</deleteRule>
<localFKIndex>87B0EE9A-4F1B-8347-184E-349E45C3AA92</localFKIndex>
<keyObject>F88C48EA-8196-4DCF-2E83-5ABD72686020</keyObject>
<mandatory>false</mandatory>
<transferable>true</transferable>
<columnDependencyConstraintGenerateInDDL>true</columnDependencyConstraintGenerateInDDL>
</FKIndexAssociation>