<?xml version = '1.0' encoding = 'UTF-8'?>
<FKIndexAssociation class="oracle.dbtools.crest.model.design.relational.FKIndexAssociation" directorySegmentName="seg_1" id="1D183291-5DE2-54DB-E85C-49EBAEBFCD3F" name="SIEDU_PREGUNTA_EVALUACION_FK">
<createdBy>itc</createdBy>
<createdTime>2016-03-10 11:12:55 UTC</createdTime>
<generatorID>Generado por el Usuario</generatorID>
<ownerDesignName>ERD_POLICIA</ownerDesignName>
<containerWithKeyObject>A810FEBF-AAFF-FA30-EA55-F653D0897C03</containerWithKeyObject>
<deleteRule>NO ACTION</deleteRule>
<localFKIndex>463FEBFA-421E-5292-15B4-086FE291DEEA</localFKIndex>
<keyObject>2CA4867E-FFC8-4B2B-9132-96F753445C98</keyObject>
<mandatory>true</mandatory>
<transferable>true</transferable>
<columnDependencyConstraintGenerateInDDL>true</columnDependencyConstraintGenerateInDDL>
</FKIndexAssociation>