<?xml version = '1.0' encoding = 'UTF-8'?>
<FKIndexAssociation class="oracle.dbtools.crest.model.design.relational.FKIndexAssociation" directorySegmentName="seg_1" id="200DE657-4201-95E9-6449-FDC292B5DBF4" name="SIEDU_EMP_EXT_LUGGEO_PAINAC_FK">
<createdBy>Manuel</createdBy>
<createdTime>2016-03-06 23:18:05 UTC</createdTime>
<generatorID>Generado por el Usuario</generatorID>
<ownerDesignName>ERD_POLICIA</ownerDesignName>
<containerWithKeyObject>86F6941D-85E2-27CE-32F0-62B40975A3D3</containerWithKeyObject>
<deleteRule>NO ACTION</deleteRule>
<localFKIndex>0E9CE533-B60B-B89B-3F48-4E7679B950BE</localFKIndex>
<keyObject>526C1BB2-2590-CF2E-7AEE-7735FFB4F35C</keyObject>
<mandatory>true</mandatory>
<transferable>true</transferable>
<columnDependencyConstraintGenerateInDDL>true</columnDependencyConstraintGenerateInDDL>
</FKIndexAssociation>