<?xml version = '1.0' encoding = 'UTF-8'?>
<FKIndexAssociation class="oracle.dbtools.crest.model.design.relational.FKIndexAssociation" directorySegmentName="seg_1" id="229051C8-B3B6-F490-BC2F-F6E4BB779BDD" name="SIEDU_PREG_PAR_EVAL_FACTOR_FK">
<createdBy>itc</createdBy>
<createdTime>2016-03-10 11:16:32 UTC</createdTime>
<generatorID>Generado por el Usuario</generatorID>
<ownerDesignName>ERD_POLICIA</ownerDesignName>
<containerWithKeyObject>A810FEBF-AAFF-FA30-EA55-F653D0897C03</containerWithKeyObject>
<deleteRule>NO ACTION</deleteRule>
<localFKIndex>9D6B9E88-7A4D-EA00-4001-C9813C1B14CB</localFKIndex>
<keyObject>0EFD21DF-48C0-C208-73CB-294C07BBF0E8</keyObject>
<mandatory>false</mandatory>
<transferable>true</transferable>
<columnDependencyConstraintGenerateInDDL>true</columnDependencyConstraintGenerateInDDL>
</FKIndexAssociation>