<?xml version = '1.0' encoding = 'UTF-8'?>
<FKIndexAssociation class="oracle.dbtools.crest.model.design.relational.FKIndexAssociation" directorySegmentName="seg_1" id="302B486E-6AE0-B74E-DCE8-EB6B7FA94567" name="SIEDU_NECESIDAD_CARRERAS_FK">
<createdBy>itc</createdBy>
<createdTime>2016-04-08 17:59:13 UTC</createdTime>
<generatorID>Generado por el Usuario</generatorID>
<ownerDesignName>ERD_POLICIA</ownerDesignName>
<containerWithKeyObject>C830E9DD-E234-7847-0E7A-51602FE3CBC8</containerWithKeyObject>
<deleteRule>NO ACTION</deleteRule>
<localFKIndex>129D10FC-C477-79C6-DAFB-82ADE26EAB41</localFKIndex>
<keyObject>1136428E-F91E-5CF1-C831-A63B9F8C8BE6</keyObject>
<mandatory>true</mandatory>
<transferable>true</transferable>
<columnDependencyConstraintGenerateInDDL>true</columnDependencyConstraintGenerateInDDL>
</FKIndexAssociation>