<?xml version = '1.0' encoding = 'UTF-8'?>
<FKIndexAssociation class="oracle.dbtools.crest.model.design.relational.FKIndexAssociation" directorySegmentName="seg_1" id="3341A7E1-076E-EFE9-E369-975F5758E153" name="SIEDU_PERSONA_EMPLEADOS_FK">
<createdBy>Manuel</createdBy>
<createdTime>2016-03-06 22:03:42 UTC</createdTime>
<generatorID>Generado por el Usuario</generatorID>
<ownerDesignName>ERD_POLICIA</ownerDesignName>
<arc>5C9B4ECB-B44A-7970-2EE3-1AE541EEA9CA</arc>
<containerWithKeyObject>1F8C52BB-4015-FF8D-7871-DB23C5790061</containerWithKeyObject>
<deleteRule>NO ACTION</deleteRule>
<localFKIndex>28CC672A-8A19-CFA9-419F-A9819906BC59</localFKIndex>
<keyObject>4BA2296F-F3F5-1425-D66B-5BBB73CDAE1F</keyObject>
<mandatory>false</mandatory>
<transferable>true</transferable>
<columnDependencyConstraintGenerateInDDL>true</columnDependencyConstraintGenerateInDDL>
</FKIndexAssociation>