<?xml version = '1.0' encoding = 'UTF-8'?>
<FKIndexAssociation class="oracle.dbtools.crest.model.design.relational.FKIndexAssociation" directorySegmentName="seg_1" id="355C7C61-1DFE-4894-08EE-6F654EDD9088" name="SIEDU_EVENTO_CATEG_CATEG_FK">
<createdBy>itc</createdBy>
<createdTime>2016-03-08 20:28:54 UTC</createdTime>
<generatorID>Generado por el Usuario</generatorID>
<ownerDesignName>ERD_POLICIA</ownerDesignName>
<containerWithKeyObject>94DC36B4-7E7F-9F67-62F5-99DCF26F6C6F</containerWithKeyObject>
<deleteRule>NO ACTION</deleteRule>
<localFKIndex>36209F5A-9C85-F9EE-2465-B08EF222D478</localFKIndex>
<keyObject>CE2EFBCE-003D-8F64-8B0A-04B223A57415</keyObject>
<mandatory>true</mandatory>
<transferable>true</transferable>
<columnDependencyConstraintGenerateInDDL>true</columnDependencyConstraintGenerateInDDL>
</FKIndexAssociation>