<?xml version = '1.0' encoding = 'UTF-8'?>
<FKIndexAssociation class="oracle.dbtools.crest.model.design.relational.FKIndexAssociation" directorySegmentName="seg_1" id="3A80AAC4-4378-1D97-ACF5-FE04A8924278" name="LUGE_DPTO_FK">
<sourceConnName>POLICIA</sourceConnName>
<sourceObjSchema>USR_REHU</sourceObjSchema>
<sourceObjName>LUGE_DPTO_FK</sourceObjName>
<createdBy>Manuel</createdBy>
<createdTime>2016-03-06 21:35:19 UTC</createdTime>
<generatorID>Generado por el Usuario</generatorID>
<ownerDesignName>ERD_POLICIA</ownerDesignName>
<importedID>F4DE2F3B-0F93-DE0A-1676-18A098271B7C</importedID>
<containerWithKeyObject>0CA26401-2633-B8C1-2DC9-9B66FCE61B82</containerWithKeyObject>
<deleteRule>NO ACTION</deleteRule>
<localFKIndex>91146E36-DAFD-E049-2FD2-B4FD762C2F19</localFKIndex>
<keyObject>526C1BB2-2590-CF2E-7AEE-7735FFB4F35C</keyObject>
<mandatory>false</mandatory>
<transferable>true</transferable>
<columnDependencyConstraintGenerateInDDL>true</columnDependencyConstraintGenerateInDDL>
</FKIndexAssociation>