<?xml version = '1.0' encoding = 'UTF-8'?>
<FKIndexAssociation class="oracle.dbtools.crest.model.design.relational.FKIndexAssociation" directorySegmentName="seg_1" id="3B8D32DA-EBBB-26AD-722A-43CB45F456AA" name="SIEDU_EVAL_GRADO_GRADOS_FK">
<createdBy>Manuel</createdBy>
<createdTime>2016-03-18 02:08:09 UTC</createdTime>
<generatorID>Generado por el Usuario</generatorID>
<ownerDesignName>ERD_POLICIA</ownerDesignName>
<containerWithKeyObject>860E52AB-4C39-8DEC-8EF4-8AD05B582D4C</containerWithKeyObject>
<deleteRule>NO ACTION</deleteRule>
<localFKIndex>D0FEF558-97C7-07FF-DF0A-041F31C48BED</localFKIndex>
<keyObject>01CFEAFA-9FA2-4FC5-BE41-A893C1DC2E6B</keyObject>
<mandatory>true</mandatory>
<transferable>true</transferable>
<columnDependencyConstraintGenerateInDDL>true</columnDependencyConstraintGenerateInDDL>
</FKIndexAssociation>