<?xml version = '1.0' encoding = 'UTF-8'?>
<FKIndexAssociation class="oracle.dbtools.crest.model.design.relational.FKIndexAssociation" directorySegmentName="seg_1" id="4287A2DB-A482-53E8-97AC-7E0AE9897852" name="SIEDU_EVAL_PREG_PEVAL_ASPEC_FK">
<createdBy>itc</createdBy>
<createdTime>2016-04-21 18:05:15 UTC</createdTime>
<generatorID>Generado por el Usuario</generatorID>
<ownerDesignName>ERD_POLICIA</ownerDesignName>
<containerWithKeyObject>A810FEBF-AAFF-FA30-EA55-F653D0897C03</containerWithKeyObject>
<deleteRule>NO ACTION</deleteRule>
<localFKIndex>7F231167-BA84-66DE-440D-EDF158AC061A</localFKIndex>
<keyObject>0EFD21DF-48C0-C208-73CB-294C07BBF0E8</keyObject>
<mandatory>false</mandatory>
<transferable>true</transferable>
<columnDependencyConstraintGenerateInDDL>true</columnDependencyConstraintGenerateInDDL>
</FKIndexAssociation>