<?xml version = '1.0' encoding = 'UTF-8'?>
<FKIndexAssociation class="oracle.dbtools.crest.model.design.relational.FKIndexAssociation" directorySegmentName="seg_1" id="4B166503-2096-1746-781E-A3B0BFB977B2" name="SIEDU_PARTICIPA_EVEN_PERS_FK">
<createdBy>Manuel</createdBy>
<createdTime>2016-03-06 22:11:28 UTC</createdTime>
<generatorID>Generado por el Usuario</generatorID>
<ownerDesignName>ERD_POLICIA</ownerDesignName>
<containerWithKeyObject>08045D6A-4EEC-EFC4-1963-4F5E07649CB8</containerWithKeyObject>
<deleteRule>NO ACTION</deleteRule>
<localFKIndex>C8BC4045-A446-3364-20C3-949FBB97A984</localFKIndex>
<keyObject>A34618AB-316F-F323-31CF-21987F5EA2EB</keyObject>
<mandatory>true</mandatory>
<transferable>true</transferable>
<columnDependencyConstraintGenerateInDDL>true</columnDependencyConstraintGenerateInDDL>
</FKIndexAssociation>