<?xml version = '1.0' encoding = 'UTF-8'?>
<FKIndexAssociation class="oracle.dbtools.crest.model.design.relational.FKIndexAssociation" directorySegmentName="seg_1" id="5010740E-04AE-3E09-0BD4-A6DC7C7F7A94" name="SIEDU_COBER_UDE_UFISI_FK">
<createdBy>itc</createdBy>
<createdTime>2016-04-08 17:52:45 UTC</createdTime>
<generatorID>Generado por el Usuario</generatorID>
<ownerDesignName>ERD_POLICIA</ownerDesignName>
<containerWithKeyObject>4CBD3A8F-E4C4-98BA-F9CD-BEE59944EFA0</containerWithKeyObject>
<deleteRule>NO ACTION</deleteRule>
<localFKIndex>79838EA9-561D-86C5-9A7A-C65552805724</localFKIndex>
<keyObject>BDB3E2B6-6B9F-D3D4-4BF5-86542846252C</keyObject>
<mandatory>true</mandatory>
<transferable>true</transferable>
<columnDependencyConstraintGenerateInDDL>true</columnDependencyConstraintGenerateInDDL>
</FKIndexAssociation>