<?xml version = '1.0' encoding = 'UTF-8'?>
<FKIndexAssociation class="oracle.dbtools.crest.model.design.relational.FKIndexAssociation" directorySegmentName="seg_1" id="542A74FB-C6CC-35F0-02B3-BB5CCA820CD1" name="SIEDU_NECESIDAD_UDE_REGION_FK">
<createdBy>itc</createdBy>
<createdTime>2016-04-08 17:57:16 UTC</createdTime>
<generatorID>Generado por el Usuario</generatorID>
<ownerDesignName>ERD_POLICIA</ownerDesignName>
<containerWithKeyObject>C830E9DD-E234-7847-0E7A-51602FE3CBC8</containerWithKeyObject>
<deleteRule>NO ACTION</deleteRule>
<localFKIndex>2FA093A1-5DD0-B82B-4DF5-69DCB762AB19</localFKIndex>
<keyObject>BDB3E2B6-6B9F-D3D4-4BF5-86542846252C</keyObject>
<mandatory>true</mandatory>
<transferable>true</transferable>
<columnDependencyConstraintGenerateInDDL>true</columnDependencyConstraintGenerateInDDL>
</FKIndexAssociation>