<?xml version = '1.0' encoding = 'UTF-8'?>
<FKIndexAssociation class="oracle.dbtools.crest.model.design.relational.FKIndexAssociation" directorySegmentName="seg_1" id="5661D27E-25E0-77FC-9B45-D1ADE5DBC38D" name="SIEDU_EMP_EXT_LUGGEO_CIURES_FK">
<createdBy>Manuel</createdBy>
<createdTime>2016-03-06 23:26:09 UTC</createdTime>
<generatorID>Generado por el Usuario</generatorID>
<ownerDesignName>ERD_POLICIA</ownerDesignName>
<containerWithKeyObject>86F6941D-85E2-27CE-32F0-62B40975A3D3</containerWithKeyObject>
<deleteRule>NO ACTION</deleteRule>
<localFKIndex>ED1CFF40-6CA0-70C1-70E6-B00FAFDD81E9</localFKIndex>
<keyObject>526C1BB2-2590-CF2E-7AEE-7735FFB4F35C</keyObject>
<mandatory>true</mandatory>
<transferable>true</transferable>
<columnDependencyConstraintGenerateInDDL>true</columnDependencyConstraintGenerateInDDL>
</FKIndexAssociation>