<?xml version = '1.0' encoding = 'UTF-8'?>
<FKIndexAssociation class="oracle.dbtools.crest.model.design.relational.FKIndexAssociation" directorySegmentName="seg_1" id="5779269B-E8BF-01C1-5A43-C61D058844E1" name="SIEDU_EVAL_GRADO_EVAL_FK">
<createdBy>itc</createdBy>
<createdTime>2016-03-10 11:48:28 UTC</createdTime>
<generatorID>Generado por el Usuario</generatorID>
<ownerDesignName>ERD_POLICIA</ownerDesignName>
<containerWithKeyObject>860E52AB-4C39-8DEC-8EF4-8AD05B582D4C</containerWithKeyObject>
<deleteRule>NO ACTION</deleteRule>
<localFKIndex>F2D41747-D725-8320-809D-CFD31460CBF3</localFKIndex>
<keyObject>2CA4867E-FFC8-4B2B-9132-96F753445C98</keyObject>
<mandatory>true</mandatory>
<transferable>true</transferable>
<columnDependencyConstraintGenerateInDDL>true</columnDependencyConstraintGenerateInDDL>
</FKIndexAssociation>