<?xml version = '1.0' encoding = 'UTF-8'?>
<FKIndexAssociation class="oracle.dbtools.crest.model.design.relational.FKIndexAssociation" directorySegmentName="seg_1" id="57854C00-F1D6-5925-A92C-A0BA146BE83E" name="SIEDU_EVAL_DESAR_PREGUNTA_FK">
<createdBy>Manuel</createdBy>
<createdTime>2016-03-18 04:01:28 UTC</createdTime>
<generatorID>Generado por el Usuario</generatorID>
<ownerDesignName>ERD_POLICIA</ownerDesignName>
<containerWithKeyObject>E310CBC9-0B14-34DD-61C0-FDEBC6EAD8AA</containerWithKeyObject>
<deleteRule>NO ACTION</deleteRule>
<localFKIndex>F91A80BC-9936-A365-01B6-D6FAEFBAA604</localFKIndex>
<keyObject>6916720B-5618-9240-2BF7-70B12311BFD7</keyObject>
<mandatory>true</mandatory>
<transferable>true</transferable>
<columnDependencyConstraintGenerateInDDL>true</columnDependencyConstraintGenerateInDDL>
</FKIndexAssociation>