<?xml version = '1.0' encoding = 'UTF-8'?>
<FKIndexAssociation class="oracle.dbtools.crest.model.design.relational.FKIndexAssociation" directorySegmentName="seg_1" id="5D5A1A72-850F-30BB-B025-718CBD7FA9A4" name="SIEDU_NECESIDAD_UDE_UFISI_FK">
<createdBy>itc</createdBy>
<createdTime>2016-04-08 18:02:03 UTC</createdTime>
<generatorID>Generado por el Usuario</generatorID>
<ownerDesignName>ERD_POLICIA</ownerDesignName>
<containerWithKeyObject>C830E9DD-E234-7847-0E7A-51602FE3CBC8</containerWithKeyObject>
<deleteRule>NO ACTION</deleteRule>
<localFKIndex>70ACB537-0157-9DA3-AB02-7089C5E4DE3D</localFKIndex>
<keyObject>BDB3E2B6-6B9F-D3D4-4BF5-86542846252C</keyObject>
<mandatory>true</mandatory>
<transferable>true</transferable>
<columnDependencyConstraintGenerateInDDL>true</columnDependencyConstraintGenerateInDDL>
</FKIndexAssociation>