<?xml version = '1.0' encoding = 'UTF-8'?>
<FKIndexAssociation class="oracle.dbtools.crest.model.design.relational.FKIndexAssociation" directorySegmentName="seg_1" id="6BF9E420-E87D-3524-25F5-454A05B7EBD4" name="SIEDU_EVAL_CATEGORIA_CAT_FK">
<createdBy>Manuel</createdBy>
<createdTime>2016-03-18 02:38:16 UTC</createdTime>
<generatorID>Generado por el Usuario</generatorID>
<ownerDesignName>ERD_POLICIA</ownerDesignName>
<containerWithKeyObject>DC719D2E-C8CC-63FB-3EFF-6A3B8F7D3708</containerWithKeyObject>
<deleteRule>NO ACTION</deleteRule>
<localFKIndex>1379D0F6-D35F-7B67-D0F2-9CF294F70B48</localFKIndex>
<keyObject>CE2EFBCE-003D-8F64-8B0A-04B223A57415</keyObject>
<mandatory>true</mandatory>
<transferable>true</transferable>
<columnDependencyConstraintGenerateInDDL>true</columnDependencyConstraintGenerateInDDL>
</FKIndexAssociation>