<?xml version = '1.0' encoding = 'UTF-8'?>
<FKIndexAssociation class="oracle.dbtools.crest.model.design.relational.FKIndexAssociation" directorySegmentName="seg_1" id="711EBB26-01CC-381A-C939-C03EDC2AFAA3" name="siedu_act_even_evee_fk">
<sourceDDLFile>SIEDU_CERTIFICADO_EVENTO.sql</sourceDDLFile>
<createdBy>Manuel</createdBy>
<createdTime>2016-07-24 16:13:26 UTC</createdTime>
<generatorID>Generado por el Usuario</generatorID>
<ownerDesignName>ERD_POLICIA</ownerDesignName>
<importedID>84CBA8DB-A753-6CDE-5C37-7293770E965F</importedID>
<containerWithKeyObject>490D382E-F599-5C3E-EA76-75BC173994E4</containerWithKeyObject>
<deleteRule>NO ACTION</deleteRule>
<localFKIndex>1E1ACA24-FD58-FFE8-D6DF-CF813FC5A2ED</localFKIndex>
<keyObject>FF0396FC-A1FD-766E-D18D-3398220A6635</keyObject>
<mandatory>true</mandatory>
<transferable>true</transferable>
<columnDependencyConstraintGenerateInDDL>true</columnDependencyConstraintGenerateInDDL>
</FKIndexAssociation>