<?xml version = '1.0' encoding = 'UTF-8'?>
<FKIndexAssociation class="oracle.dbtools.crest.model.design.relational.FKIndexAssociation" directorySegmentName="seg_1" id="7457BEE7-3066-7A7D-DF5A-2FB1B09053A1" name="SIEDU_EVENTO_CATEG_EVENTO_FK">
<createdBy>itc</createdBy>
<createdTime>2016-03-08 20:28:14 UTC</createdTime>
<generatorID>Generado por el Usuario</generatorID>
<ownerDesignName>ERD_POLICIA</ownerDesignName>
<containerWithKeyObject>94DC36B4-7E7F-9F67-62F5-99DCF26F6C6F</containerWithKeyObject>
<deleteRule>NO ACTION</deleteRule>
<localFKIndex>330B7C64-B719-2DAA-5593-E355435D2E95</localFKIndex>
<keyObject>4F778E84-F2E3-9573-E10B-4CCF35A53A77</keyObject>
<mandatory>true</mandatory>
<transferable>true</transferable>
<columnDependencyConstraintGenerateInDDL>true</columnDependencyConstraintGenerateInDDL>
</FKIndexAssociation>