<?xml version = '1.0' encoding = 'UTF-8'?>
<FKIndexAssociation class="oracle.dbtools.crest.model.design.relational.FKIndexAssociation" directorySegmentName="seg_1" id="78438F50-E3A8-477D-056D-E307C2623E7C" name="EMPL_UNDE_NOMINADO_FK">
<sourceConnName>POLICIA</sourceConnName>
<sourceObjSchema>USR_REHU</sourceObjSchema>
<sourceObjName>EMPL_UNDE_NOMINADO_FK</sourceObjName>
<createdBy>Manuel</createdBy>
<createdTime>2016-03-06 21:35:19 UTC</createdTime>
<generatorID>Generado por el Usuario</generatorID>
<ownerDesignName>ERD_POLICIA</ownerDesignName>
<importedID>F5A9D2FE-AA9A-AF26-01FB-611F51FE8BA0</importedID>
<containerWithKeyObject>F471C941-DC0E-C3C4-8F0D-DB00D06CFB26</containerWithKeyObject>
<deleteRule>NO ACTION</deleteRule>
<localFKIndex>33E82982-FB9A-4DED-246F-69071909BA77</localFKIndex>
<keyObject>BDB3E2B6-6B9F-D3D4-4BF5-86542846252C</keyObject>
<mandatory>true</mandatory>
<transferable>true</transferable>
<columnDependencyConstraintGenerateInDDL>true</columnDependencyConstraintGenerateInDDL>
</FKIndexAssociation>