<?xml version = '1.0' encoding = 'UTF-8'?>
<FKIndexAssociation class="oracle.dbtools.crest.model.design.relational.FKIndexAssociation" directorySegmentName="seg_1" id="7E7EAFD3-DF0F-F34B-3B5F-662BAA09BF65" name="SIEDU_COBERTURA_PAE_FK">
<createdBy>Manuel</createdBy>
<createdTime>2016-05-06 22:55:48 UTC</createdTime>
<generatorID>Generado por el Usuario</generatorID>
<ownerDesignName>ERD_POLICIA</ownerDesignName>
<containerWithKeyObject>4CBD3A8F-E4C4-98BA-F9CD-BEE59944EFA0</containerWithKeyObject>
<deleteRule>NO ACTION</deleteRule>
<localFKIndex>D1477864-75FF-B6FB-B8DD-4B6565E80A3B</localFKIndex>
<keyObject>4EB16337-2232-C9C4-BD79-C03754C5D051</keyObject>
<mandatory>true</mandatory>
<transferable>true</transferable>
<columnDependencyConstraintGenerateInDDL>true</columnDependencyConstraintGenerateInDDL>
</FKIndexAssociation>