<?xml version = '1.0' encoding = 'UTF-8'?>
<FKIndexAssociation class="oracle.dbtools.crest.model.design.relational.FKIndexAssociation" directorySegmentName="seg_1" id="85FE7A12-D1D4-3FEC-2557-3AAE4BFE1812" name="SIEDU_COMPE_EVEN_COMPETENCI_FK">
<createdBy>Manuel</createdBy>
<createdTime>2016-03-06 23:50:52 UTC</createdTime>
<generatorID>Generado por el Usuario</generatorID>
<ownerDesignName>ERD_POLICIA</ownerDesignName>
<containerWithKeyObject>A0D9EC58-3ED9-E19F-2261-536C745E966C</containerWithKeyObject>
<deleteRule>NO ACTION</deleteRule>
<localFKIndex>7C1DD37B-0CF6-90FB-7C39-A942312DAA77</localFKIndex>
<keyObject>36925FF6-8D47-C09D-38A9-26105C841E79</keyObject>
<mandatory>true</mandatory>
<transferable>true</transferable>
<columnDependencyConstraintGenerateInDDL>true</columnDependencyConstraintGenerateInDDL>
</FKIndexAssociation>