<?xml version = '1.0' encoding = 'UTF-8'?>
<FKIndexAssociation class="oracle.dbtools.crest.model.design.relational.FKIndexAssociation" directorySegmentName="seg_1" id="8C742D88-2D92-8811-B39F-80EE39B77B4A" name="SIEDU_EMP_EXT_LUGGEO_PAIRES_FK">
<createdBy>Manuel</createdBy>
<createdTime>2016-03-06 23:24:43 UTC</createdTime>
<generatorID>Generado por el Usuario</generatorID>
<ownerDesignName>ERD_POLICIA</ownerDesignName>
<containerWithKeyObject>86F6941D-85E2-27CE-32F0-62B40975A3D3</containerWithKeyObject>
<deleteRule>NO ACTION</deleteRule>
<localFKIndex>FAF9FE30-88C5-56C7-DB53-42DFED64C75A</localFKIndex>
<keyObject>526C1BB2-2590-CF2E-7AEE-7735FFB4F35C</keyObject>
<mandatory>true</mandatory>
<transferable>true</transferable>
<columnDependencyConstraintGenerateInDDL>true</columnDependencyConstraintGenerateInDDL>
</FKIndexAssociation>