<?xml version = '1.0' encoding = 'UTF-8'?>
<FKIndexAssociation class="oracle.dbtools.crest.model.design.relational.FKIndexAssociation" directorySegmentName="seg_1" id="8CA87464-2ED2-6CF9-8423-227A3B1E9337" name="SIEDU_EVAL_PARTICIP_EVAL_FK">
<createdBy>itc</createdBy>
<createdTime>2016-03-10 12:13:42 UTC</createdTime>
<generatorID>Generado por el Usuario</generatorID>
<ownerDesignName>ERD_POLICIA</ownerDesignName>
<containerWithKeyObject>7AD47B3A-8BCD-56D5-2B92-56A43491AC3F</containerWithKeyObject>
<deleteRule>NO ACTION</deleteRule>
<localFKIndex>92416B7D-5FAD-A56D-FBCA-3B82C3E524E9</localFKIndex>
<keyObject>2CA4867E-FFC8-4B2B-9132-96F753445C98</keyObject>
<mandatory>true</mandatory>
<transferable>true</transferable>
<columnDependencyConstraintGenerateInDDL>true</columnDependencyConstraintGenerateInDDL>
</FKIndexAssociation>