<?xml version = '1.0' encoding = 'UTF-8'?>
<FKIndexAssociation class="oracle.dbtools.crest.model.design.relational.FKIndexAssociation" directorySegmentName="seg_1" id="9775A278-187B-D224-C359-89DB4488FFFC" name="LUGE_LUGE_FK">
<sourceConnName>POLICIA</sourceConnName>
<sourceObjSchema>USR_REHU</sourceObjSchema>
<sourceObjName>LUGE_LUGE_FK</sourceObjName>
<createdBy>Manuel</createdBy>
<createdTime>2016-03-06 21:35:19 UTC</createdTime>
<generatorID>Generado por el Usuario</generatorID>
<ownerDesignName>ERD_POLICIA</ownerDesignName>
<importedID>F007D781-5CE8-CEA6-4B34-0D9999047855</importedID>
<containerWithKeyObject>0CA26401-2633-B8C1-2DC9-9B66FCE61B82</containerWithKeyObject>
<deleteRule>NO ACTION</deleteRule>
<localFKIndex>01096242-068C-482E-4990-169BE50B0D1C</localFKIndex>
<keyObject>526C1BB2-2590-CF2E-7AEE-7735FFB4F35C</keyObject>
<mandatory>false</mandatory>
<transferable>true</transferable>
<columnDependencyConstraintGenerateInDDL>true</columnDependencyConstraintGenerateInDDL>
</FKIndexAssociation>