<?xml version = '1.0' encoding = 'UTF-8'?>
<FKIndexAssociation class="oracle.dbtools.crest.model.design.relational.FKIndexAssociation" directorySegmentName="seg_1" id="A2F56362-E5A8-AF68-2961-603D35884C3B" name="SIEDU_EVAL_PARTICIP_PARTI_FK">
<createdBy>itc</createdBy>
<createdTime>2016-03-10 12:14:24 UTC</createdTime>
<generatorID>Generado por el Usuario</generatorID>
<ownerDesignName>ERD_POLICIA</ownerDesignName>
<containerWithKeyObject>7AD47B3A-8BCD-56D5-2B92-56A43491AC3F</containerWithKeyObject>
<deleteRule>NO ACTION</deleteRule>
<localFKIndex>474657EA-7D66-6AB2-E6FB-6B19B039B80B</localFKIndex>
<keyObject>08B8ECB8-BC07-4701-8CAC-F514FA2D907E</keyObject>
<mandatory>true</mandatory>
<transferable>true</transferable>
<columnDependencyConstraintGenerateInDDL>true</columnDependencyConstraintGenerateInDDL>
</FKIndexAssociation>