<?xml version = '1.0' encoding = 'UTF-8'?>
<FKIndexAssociation class="oracle.dbtools.crest.model.design.relational.FKIndexAssociation" directorySegmentName="seg_1" id="A36A4B9A-FBB8-C226-D658-4F066552F837" name="SIEDU_NECESIDAD_UDE_UDEPE_FK">
<createdBy>itc</createdBy>
<createdTime>2016-04-08 18:04:00 UTC</createdTime>
<generatorID>Generado por el Usuario</generatorID>
<ownerDesignName>ERD_POLICIA</ownerDesignName>
<containerWithKeyObject>C830E9DD-E234-7847-0E7A-51602FE3CBC8</containerWithKeyObject>
<deleteRule>NO ACTION</deleteRule>
<localFKIndex>9F5BB9BB-C117-F677-45BA-CBE2F953DB9F</localFKIndex>
<keyObject>BDB3E2B6-6B9F-D3D4-4BF5-86542846252C</keyObject>
<mandatory>true</mandatory>
<transferable>true</transferable>
<columnDependencyConstraintGenerateInDDL>true</columnDependencyConstraintGenerateInDDL>
</FKIndexAssociation>