<?xml version = '1.0' encoding = 'UTF-8'?>
<FKIndexAssociation class="oracle.dbtools.crest.model.design.relational.FKIndexAssociation" directorySegmentName="seg_1" id="B3A8DACA-F911-441E-4222-4CDB3637B37F" name="SIEDU_EVAL_CATEGORIA_EVAL_FK">
<createdBy>Manuel</createdBy>
<createdTime>2016-03-18 02:34:02 UTC</createdTime>
<generatorID>Generado por el Usuario</generatorID>
<ownerDesignName>ERD_POLICIA</ownerDesignName>
<containerWithKeyObject>DC719D2E-C8CC-63FB-3EFF-6A3B8F7D3708</containerWithKeyObject>
<deleteRule>NO ACTION</deleteRule>
<localFKIndex>BA0D2FC1-21CC-6D03-85EE-740532F20049</localFKIndex>
<keyObject>2CA4867E-FFC8-4B2B-9132-96F753445C98</keyObject>
<mandatory>true</mandatory>
<transferable>true</transferable>
<columnDependencyConstraintGenerateInDDL>true</columnDependencyConstraintGenerateInDDL>
</FKIndexAssociation>