<?xml version = '1.0' encoding = 'UTF-8'?>
<FKIndexAssociation class="oracle.dbtools.crest.model.design.relational.FKIndexAssociation" directorySegmentName="seg_1" id="B652C572-3AFC-4082-3948-ABA35E50304F" name="SIEDU_PARAM_EVAL_DOM_TIPO_FK">
<createdBy>itc</createdBy>
<createdTime>2016-04-21 18:12:16 UTC</createdTime>
<generatorID>Generado por el Usuario</generatorID>
<ownerDesignName>ERD_POLICIA</ownerDesignName>
<containerWithKeyObject>0129CD44-1400-73FA-6BF7-1E1DDD6569FC</containerWithKeyObject>
<deleteRule>NO ACTION</deleteRule>
<localFKIndex>A41278E7-B97F-556C-23BB-E37D4245E7E5</localFKIndex>
<keyObject>2AC38EBC-36AF-56B8-F2D4-3FBC7820063F</keyObject>
<mandatory>true</mandatory>
<transferable>true</transferable>
<columnDependencyConstraintGenerateInDDL>true</columnDependencyConstraintGenerateInDDL>
</FKIndexAssociation>