<?xml version = '1.0' encoding = 'UTF-8'?>
<FKIndexAssociation class="oracle.dbtools.crest.model.design.relational.FKIndexAssociation" directorySegmentName="seg_1" id="D70253A0-9B40-E705-A85B-D7E5855D5833" name="SIEDU_INASI_EVEN_PARTI_FK">
<createdBy>Manuel</createdBy>
<createdTime>2016-03-06 22:18:53 UTC</createdTime>
<generatorID>Generado por el Usuario</generatorID>
<ownerDesignName>ERD_POLICIA</ownerDesignName>
<containerWithKeyObject>49FEABFC-47A2-6403-2D4A-ADD6827DABE5</containerWithKeyObject>
<deleteRule>NO ACTION</deleteRule>
<localFKIndex>D4E7DDEA-E608-111B-54D1-B8949BAA7F6D</localFKIndex>
<keyObject>08B8ECB8-BC07-4701-8CAC-F514FA2D907E</keyObject>
<mandatory>true</mandatory>
<transferable>true</transferable>
<columnDependencyConstraintGenerateInDDL>true</columnDependencyConstraintGenerateInDDL>
</FKIndexAssociation>