<?xml version = '1.0' encoding = 'UTF-8'?>
<FKIndexAssociation class="oracle.dbtools.crest.model.design.relational.FKIndexAssociation" directorySegmentName="seg_1" id="DAC4569E-5CE9-7683-F154-29DC4A3BF086" name="SIEDU_EVAL_PREG_PEVAL_PREG_FK">
<createdBy>itc</createdBy>
<createdTime>2016-04-21 18:02:44 UTC</createdTime>
<generatorID>Generado por el Usuario</generatorID>
<ownerDesignName>ERD_POLICIA</ownerDesignName>
<containerWithKeyObject>A810FEBF-AAFF-FA30-EA55-F653D0897C03</containerWithKeyObject>
<deleteRule>NO ACTION</deleteRule>
<localFKIndex>55224CE1-0422-52FB-3DE3-6DE491F7FB18</localFKIndex>
<keyObject>0EFD21DF-48C0-C208-73CB-294C07BBF0E8</keyObject>
<mandatory>true</mandatory>
<transferable>true</transferable>
<columnDependencyConstraintGenerateInDDL>true</columnDependencyConstraintGenerateInDDL>
</FKIndexAssociation>