<?xml version = '1.0' encoding = 'UTF-8'?>
<FKIndexAssociation class="oracle.dbtools.crest.model.design.relational.FKIndexAssociation" directorySegmentName="seg_1" id="DBAF0BD1-E617-9294-692B-18C99420D684" name="SIEDU_EVALUACION_PAE_FK">
<createdBy>itc</createdBy>
<createdTime>2016-03-10 11:42:25 UTC</createdTime>
<generatorID>Generado por el Usuario</generatorID>
<ownerDesignName>ERD_POLICIA</ownerDesignName>
<containerWithKeyObject>4D0C46F9-39D9-B036-8A2E-7D9C5FC4B1B6</containerWithKeyObject>
<deleteRule>NO ACTION</deleteRule>
<localFKIndex>BC0E5A09-E410-3B15-F5DC-EEEFA89FEADD</localFKIndex>
<keyObject>4EB16337-2232-C9C4-BD79-C03754C5D051</keyObject>
<mandatory>true</mandatory>
<transferable>true</transferable>
<columnDependencyConstraintGenerateInDDL>true</columnDependencyConstraintGenerateInDDL>
</FKIndexAssociation>