<?xml version = '1.0' encoding = 'UTF-8'?>
<FKIndexAssociation class="oracle.dbtools.crest.model.design.relational.FKIndexAssociation" directorySegmentName="seg_1" id="DC432826-C83A-FE71-BBCF-B4A1DC2B8590" name="SIEDU_EMP_EXT_LUGGEO_CIUNAC_FK">
<createdBy>Manuel</createdBy>
<createdTime>2016-03-06 23:23:06 UTC</createdTime>
<generatorID>Generado por el Usuario</generatorID>
<ownerDesignName>ERD_POLICIA</ownerDesignName>
<containerWithKeyObject>86F6941D-85E2-27CE-32F0-62B40975A3D3</containerWithKeyObject>
<deleteRule>NO ACTION</deleteRule>
<localFKIndex>41CD4DA1-FDC9-2B1A-7071-65FD2D5A43A2</localFKIndex>
<keyObject>526C1BB2-2590-CF2E-7AEE-7735FFB4F35C</keyObject>
<mandatory>true</mandatory>
<transferable>true</transferable>
<columnDependencyConstraintGenerateInDDL>true</columnDependencyConstraintGenerateInDDL>
</FKIndexAssociation>