<?xml version = '1.0' encoding = 'UTF-8'?>
<FKIndexAssociation class="oracle.dbtools.crest.model.design.relational.FKIndexAssociation" directorySegmentName="seg_1" id="DF1F1519-16CC-2498-8161-B4C926D56A95" name="SIEDU_EVAL_DESARR_PARTICI_FK">
<createdBy>Manuel</createdBy>
<createdTime>2016-03-18 04:00:05 UTC</createdTime>
<generatorID>Generado por el Usuario</generatorID>
<ownerDesignName>ERD_POLICIA</ownerDesignName>
<containerWithKeyObject>E310CBC9-0B14-34DD-61C0-FDEBC6EAD8AA</containerWithKeyObject>
<deleteRule>NO ACTION</deleteRule>
<localFKIndex>F69FCC21-2C7E-28D9-2E1C-0A60A8C9D8E2</localFKIndex>
<keyObject>79072C2C-F0C5-706D-BF34-8C819E77186E</keyObject>
<mandatory>true</mandatory>
<transferable>true</transferable>
<columnDependencyConstraintGenerateInDDL>true</columnDependencyConstraintGenerateInDDL>
</FKIndexAssociation>