<?xml version = '1.0' encoding = 'UTF-8'?>
<FKIndexAssociation class="oracle.dbtools.crest.model.design.relational.FKIndexAssociation" directorySegmentName="seg_1" id="E6B51A93-81DE-A540-2B65-D80A0E237FFE" name="SIEDU_EVAL_PREGUNTA_COMPE_FK">
<createdBy>Manuel</createdBy>
<createdTime>2016-03-20 02:43:29 UTC</createdTime>
<generatorID>Generado por el Usuario</generatorID>
<ownerDesignName>ERD_POLICIA</ownerDesignName>
<containerWithKeyObject>A810FEBF-AAFF-FA30-EA55-F653D0897C03</containerWithKeyObject>
<deleteRule>NO ACTION</deleteRule>
<localFKIndex>0824126C-843F-BF54-5656-FF2228CF1A80</localFKIndex>
<keyObject>36925FF6-8D47-C09D-38A9-26105C841E79</keyObject>
<mandatory>true</mandatory>
<transferable>true</transferable>
<columnDependencyConstraintGenerateInDDL>true</columnDependencyConstraintGenerateInDDL>
</FKIndexAssociation>