<?xml version = '1.0' encoding = 'UTF-8'?>
<FKIndexAssociation class="oracle.dbtools.crest.model.design.relational.FKIndexAssociation" directorySegmentName="seg_1" id="E8C0CB3A-30DB-B636-3794-6901D8FB9155" name="GRAD_CATEG_FK">
<sourceConnName>POLICIA</sourceConnName>
<sourceObjSchema>USR_REHU</sourceObjSchema>
<sourceObjName>GRAD_CATEG_FK</sourceObjName>
<createdBy>Manuel</createdBy>
<createdTime>2016-03-18 01:59:38 UTC</createdTime>
<generatorID>Generado por el Usuario</generatorID>
<ownerDesignName>ERD_POLICIA</ownerDesignName>
<importedID>5BD4C75B-632C-1320-BC69-28389C5B2703</importedID>
<containerWithKeyObject>230E594B-81CA-A3ED-7B7B-97415A1C6B82</containerWithKeyObject>
<deleteRule>NO ACTION</deleteRule>
<localFKIndex>62F325D9-4084-9DFB-9736-A068CB4F4D32</localFKIndex>
<keyObject>CE2EFBCE-003D-8F64-8B0A-04B223A57415</keyObject>
<mandatory>true</mandatory>
<transferable>true</transferable>
<columnDependencyConstraintGenerateInDDL>true</columnDependencyConstraintGenerateInDDL>
</FKIndexAssociation>