<?xml version = '1.0' encoding = 'UTF-8'?>
<Note class="oracle.dbtools.crest.model.design.Note" name="Note_1" directorySegmentName="seg_0" id="72B7F773-A982-414B-36D6-3B103F271B6D">
<createdBy>Manuel</createdBy>
<createdTime>2016-01-17 05:23:13 UTC</createdTime>
<comment>ROJO CLARO: Vienen de otro esquema de la BD&lt;br/&gt;AZUL: Tablas Nuevas/modificadas casos de Uso de PAE, Capacitación, Formación, Necesidad, Capacidad&lt;br/&gt;VERDE: Tablas Nuevas caso de uso Programa de Capacitación y Evaluación&lt;br/&gt;AMARILLO: Tablas Existentes</comment>
<generatorID>Generado por el Usuario</generatorID>
<ownerDesignName>ERD_POLICIA</ownerDesignName>
</Note>