<?xml version = '1.0' encoding = 'UTF-8'?>
<FKIndexAssociation class="oracle.dbtools.crest.model.design.relational.FKIndexAssociation" directorySegmentName="seg_0" id="061D9CAC-C3C4-16E2-297F-9FF60C974870" name="SIEDU_NECESIDAD_PAE_FK">
<createdBy>Manuel</createdBy>
<createdTime>2016-01-11 02:07:01 UTC</createdTime>
<generatorID>Generado por el Usuario</generatorID>
<ownerDesignName>ERD_POLICIA</ownerDesignName>
<containerWithKeyObject>C830E9DD-E234-7847-0E7A-51602FE3CBC8</containerWithKeyObject>
<deleteRule>NO ACTION</deleteRule>
<localFKIndex>B5F4F258-65E5-68D5-2799-D9AF6AD6AB32</localFKIndex>
<keyObject>4EB16337-2232-C9C4-BD79-C03754C5D051</keyObject>
<mandatory>true</mandatory>
<transferable>true</transferable>
<columnDependencyConstraintGenerateInDDL>true</columnDependencyConstraintGenerateInDDL>
</FKIndexAssociation>