<?xml version = '1.0' encoding = 'UTF-8'?>
<FKIndexAssociation class="oracle.dbtools.crest.model.design.relational.FKIndexAssociation" directorySegmentName="seg_0" id="0C21A3A3-F187-402D-0094-3C41480AE09D" name="SIEDU_EVEN_ESCU_PRESU">
<sourceConnName>POLICIA</sourceConnName>
<sourceObjSchema>USR_DISIGAC2</sourceObjSchema>
<sourceObjName>SIEDU_EVEN_ESCU_PRESU</sourceObjName>
<createdBy>Manuel</createdBy>
<createdTime>2016-01-07 04:31:46 UTC</createdTime>
<generatorID>Generado por el Usuario</generatorID>
<ownerDesignName>ERD_POLICIA</ownerDesignName>
<containerWithKeyObject>150AC99D-D4F2-615D-6FE7-1B8D943D9AF3</containerWithKeyObject>
<deleteRule>NO ACTION</deleteRule>
<localFKIndex>67176B1E-75BD-D2D3-E1A1-C55BFAFD848E</localFKIndex>
<keyObject>1D43C701-D827-0C16-D5B8-97B5199B7D37</keyObject>
<mandatory>false</mandatory>
<transferable>true</transferable>
<columnDependencyConstraintGenerateInDDL>true</columnDependencyConstraintGenerateInDDL>
</FKIndexAssociation>