<?xml version = '1.0' encoding = 'UTF-8'?>
<FKIndexAssociation class="oracle.dbtools.crest.model.design.relational.FKIndexAssociation" directorySegmentName="seg_0" id="0C9C8FF8-A868-56D4-0803-EEC5539D84DB" name="SIEDU_EVENTO_ESCUELA_CAPA_FK">
<createdBy>Manuel</createdBy>
<createdTime>2016-03-06 13:41:00 UTC</createdTime>
<generatorID>Generado por el Usuario</generatorID>
<ownerDesignName>ERD_POLICIA</ownerDesignName>
<containerWithKeyObject>8824F59A-0063-6594-85A4-09E3AFBC3716</containerWithKeyObject>
<deleteRule>NO ACTION</deleteRule>
<localFKIndex>1D8D376F-FB61-0368-E377-000DFC574AA9</localFKIndex>
<keyObject>2C0154D7-3984-5D01-8621-0C51863DE642</keyObject>
<mandatory>true</mandatory>
<transferable>true</transferable>
<columnDependencyConstraintGenerateInDDL>true</columnDependencyConstraintGenerateInDDL>
</FKIndexAssociation>