<?xml version = '1.0' encoding = 'UTF-8'?>
<FKIndexAssociation class="oracle.dbtools.crest.model.design.relational.FKIndexAssociation" directorySegmentName="seg_0" id="0EC29B4A-76E6-C315-3CB1-8C2BCBC1783F" name="SIEDU_NOVEDAD_PAE_FK">
<createdBy>Manuel</createdBy>
<createdTime>2016-01-11 02:09:45 UTC</createdTime>
<generatorID>Generado por el Usuario</generatorID>
<ownerDesignName>ERD_POLICIA</ownerDesignName>
<containerWithKeyObject>5EC42A50-9255-7666-666C-6A9D023C0629</containerWithKeyObject>
<deleteRule>NO ACTION</deleteRule>
<localFKIndex>B5569E97-3EF4-AA31-4BC3-395C025B9287</localFKIndex>
<keyObject>4EB16337-2232-C9C4-BD79-C03754C5D051</keyObject>
<mandatory>true</mandatory>
<transferable>true</transferable>
<columnDependencyConstraintGenerateInDDL>true</columnDependencyConstraintGenerateInDDL>
</FKIndexAssociation>