<?xml version = '1.0' encoding = 'UTF-8'?>
<FKIndexAssociation class="oracle.dbtools.crest.model.design.relational.FKIndexAssociation" directorySegmentName="seg_0" id="117B24FB-ABF8-C0B4-47C3-B2CDA0C98035" name="SIEDU_FORM_ESCLA_UNID_DEPEN_FK">
<createdBy>Manuel</createdBy>
<createdTime>2016-01-11 03:43:05 UTC</createdTime>
<generatorID>Generado por el Usuario</generatorID>
<ownerDesignName>ERD_POLICIA</ownerDesignName>
<containerWithKeyObject>0B9D9759-23CB-1067-F3B9-E72B45EAC175</containerWithKeyObject>
<deleteRule>NO ACTION</deleteRule>
<localFKIndex>2D750C76-82C6-8482-0E91-36F3A092D2AA</localFKIndex>
<keyObject>BDB3E2B6-6B9F-D3D4-4BF5-86542846252C</keyObject>
<mandatory>true</mandatory>
<transferable>true</transferable>
<columnDependencyConstraintGenerateInDDL>true</columnDependencyConstraintGenerateInDDL>
</FKIndexAssociation>