<?xml version = '1.0' encoding = 'UTF-8'?>
<FKIndexAssociation class="oracle.dbtools.crest.model.design.relational.FKIndexAssociation" directorySegmentName="seg_0" id="13E6378A-C9BA-EFBD-1649-6108D5D28B94" name="SIEDU_COMPE_PROG_CAPA_PROG_FK">
<createdBy>Manuel</createdBy>
<createdTime>2016-01-17 04:35:17 UTC</createdTime>
<generatorID>Generado por el Usuario</generatorID>
<ownerDesignName>ERD_POLICIA</ownerDesignName>
<containerWithKeyObject>A0D9EC58-3ED9-E19F-2261-536C745E966C</containerWithKeyObject>
<deleteRule>NO ACTION</deleteRule>
<localFKIndex>4CE8B6BA-525F-FA50-FC1B-A93DB449503D</localFKIndex>
<keyObject>4F778E84-F2E3-9573-E10B-4CCF35A53A77</keyObject>
<mandatory>true</mandatory>
<transferable>true</transferable>
<columnDependencyConstraintGenerateInDDL>true</columnDependencyConstraintGenerateInDDL>
</FKIndexAssociation>