<?xml version = '1.0' encoding = 'UTF-8'?>
<FKIndexAssociation class="oracle.dbtools.crest.model.design.relational.FKIndexAssociation" directorySegmentName="seg_0" id="193C5165-C5CA-7697-6961-8E20D559D6E5" name="PRAC_PRGR_FK">
<sourceConnName>POLICIA</sourceConnName>
<sourceObjSchema>USR_EDUC</sourceObjSchema>
<sourceObjName>PRAC_PRGR_FK</sourceObjName>
<createdBy>Manuel</createdBy>
<createdTime>2016-01-11 03:03:31 UTC</createdTime>
<generatorID>Generado por el Usuario</generatorID>
<ownerDesignName>ERD_POLICIA</ownerDesignName>
<importedID>1CAB9B75-ACE1-6327-8DA3-4259982AB0E5</importedID>
<containerWithKeyObject>4EFF49C3-62FB-B352-3C31-506A5DEC1C99</containerWithKeyObject>
<deleteRule>NO ACTION</deleteRule>
<localFKIndex>192B48F3-3116-EB28-1069-1AB19D8371A9</localFKIndex>
<keyObject>C35314A8-BFA3-EF95-44BD-6548D65595EC</keyObject>
<mandatory>true</mandatory>
<transferable>true</transferable>
<columnDependencyConstraintGenerateInDDL>true</columnDependencyConstraintGenerateInDDL>
</FKIndexAssociation>