<?xml version = '1.0' encoding = 'UTF-8'?>
<FKIndexAssociation class="oracle.dbtools.crest.model.design.relational.FKIndexAssociation" directorySegmentName="seg_0" id="1C672509-F02B-A66A-885D-B83A4F7C2E71" name="FK_USUARIO_ROL_Y_ROL">
<sourceConnName>Policia</sourceConnName>
<sourceObjSchema>USR_DISIGAC2</sourceObjSchema>
<sourceObjName>FK_USUARIO_ROL_Y_ROL</sourceObjName>
<createdBy>itc</createdBy>
<createdTime>2016-01-22 12:58:59 UTC</createdTime>
<generatorID>Generado por el Usuario</generatorID>
<ownerDesignName>ERD_POLICIA</ownerDesignName>
<importedID>58FDAFA1-4493-464B-D395-B168905F10B7</importedID>
<containerWithKeyObject>AC8651B1-288D-7724-C73B-43561D47185C</containerWithKeyObject>
<deleteRule>NO ACTION</deleteRule>
<localFKIndex>C722FB63-16D1-9D60-F43C-6DAB77FCD53B</localFKIndex>
<keyObject>6DA03A7F-AE2A-C622-5525-7708C8FE0A4F</keyObject>
<mandatory>false</mandatory>
<transferable>true</transferable>
<columnDependencyConstraintGenerateInDDL>true</columnDependencyConstraintGenerateInDDL>
</FKIndexAssociation>