<?xml version = '1.0' encoding = 'UTF-8'?>
<FKIndexAssociation class="oracle.dbtools.crest.model.design.relational.FKIndexAssociation" directorySegmentName="seg_0" id="1CB6DE41-91CD-57CE-CE8D-FC0BEE369D94" name="EMPL_LUGE_FK">
<sourceConnName>POLICIA</sourceConnName>
<sourceObjSchema>USR_REHU</sourceObjSchema>
<sourceObjName>EMPL_LUGE_FK</sourceObjName>
<createdBy>Manuel</createdBy>
<createdTime>2016-03-06 21:35:19 UTC</createdTime>
<generatorID>Generado por el Usuario</generatorID>
<ownerDesignName>ERD_POLICIA</ownerDesignName>
<importedID>FDCE2A66-3266-C057-9E1A-11FA1589DB03</importedID>
<containerWithKeyObject>F471C941-DC0E-C3C4-8F0D-DB00D06CFB26</containerWithKeyObject>
<deleteRule>NO ACTION</deleteRule>
<localFKIndex>723C74F4-D13D-3179-7C93-18EFA9B8EB14</localFKIndex>
<keyObject>526C1BB2-2590-CF2E-7AEE-7735FFB4F35C</keyObject>
<mandatory>true</mandatory>
<transferable>true</transferable>
<columnDependencyConstraintGenerateInDDL>true</columnDependencyConstraintGenerateInDDL>
</FKIndexAssociation>