<?xml version = '1.0' encoding = 'UTF-8'?>
<FKIndexAssociation class="oracle.dbtools.crest.model.design.relational.FKIndexAssociation" directorySegmentName="seg_0" id="257149EF-14D7-A68D-7AEA-0223B82875FE" name="SIEDU_PARTICIPA_EVEN_ESCU_FK">
<createdBy>Manuel</createdBy>
<createdTime>2016-03-04 04:40:25 UTC</createdTime>
<generatorID>Generado por el Usuario</generatorID>
<ownerDesignName>ERD_POLICIA</ownerDesignName>
<containerWithKeyObject>08045D6A-4EEC-EFC4-1963-4F5E07649CB8</containerWithKeyObject>
<deleteRule>NO ACTION</deleteRule>
<localFKIndex>B4A8117F-7BFB-BD75-FBCB-DDB1A9031A63</localFKIndex>
<keyObject>FF0396FC-A1FD-766E-D18D-3398220A6635</keyObject>
<mandatory>true</mandatory>
<transferable>true</transferable>
<columnDependencyConstraintGenerateInDDL>true</columnDependencyConstraintGenerateInDDL>
</FKIndexAssociation>