<?xml version = '1.0' encoding = 'UTF-8'?>
<FKIndexAssociation class="oracle.dbtools.crest.model.design.relational.FKIndexAssociation" directorySegmentName="seg_0" id="2A357B9B-C29E-1E11-B59B-CAFBC2FC581F" name="SIEDU_DOCENTE_EVEN_ESCU_FK">
<createdBy>Manuel</createdBy>
<createdTime>2016-03-04 04:06:19 UTC</createdTime>
<generatorID>Generado por el Usuario</generatorID>
<ownerDesignName>ERD_POLICIA</ownerDesignName>
<containerWithKeyObject>81A771D7-0C98-FF22-D16B-D7C51566DF46</containerWithKeyObject>
<deleteRule>NO ACTION</deleteRule>
<localFKIndex>557C68F8-934C-47EB-1BA5-5C5F1E8465E1</localFKIndex>
<keyObject>FF0396FC-A1FD-766E-D18D-3398220A6635</keyObject>
<mandatory>true</mandatory>
<transferable>true</transferable>
<columnDependencyConstraintGenerateInDDL>true</columnDependencyConstraintGenerateInDDL>
</FKIndexAssociation>