<?xml version = '1.0' encoding = 'UTF-8'?>
<FKIndexAssociation class="oracle.dbtools.crest.model.design.relational.FKIndexAssociation" directorySegmentName="seg_0" id="35C3A476-4F89-3F47-C354-2F0EBCCB4A81" name="SIEDU_CONV_DOMINIO_FK">
<sourceConnName>POLICIA</sourceConnName>
<sourceObjSchema>USR_DISIGAC2</sourceObjSchema>
<sourceObjName>SIEDU_CONV_DOMINIO_FK</sourceObjName>
<createdBy>Manuel</createdBy>
<createdTime>2016-01-07 04:31:46 UTC</createdTime>
<generatorID>Generado por el Usuario</generatorID>
<ownerDesignName>ERD_POLICIA</ownerDesignName>
<containerWithKeyObject>C2E5D7D9-387C-900C-13BD-A6FD3F7D7C57</containerWithKeyObject>
<deleteRule>NO ACTION</deleteRule>
<localFKIndex>9612949F-E8AD-F238-98F8-0543F6F2C55C</localFKIndex>
<keyObject>2AC38EBC-36AF-56B8-F2D4-3FBC7820063F</keyObject>
<mandatory>true</mandatory>
<transferable>true</transferable>
<columnDependencyConstraintGenerateInDDL>true</columnDependencyConstraintGenerateInDDL>
</FKIndexAssociation>