<?xml version = '1.0' encoding = 'UTF-8'?>
<FKIndexAssociation class="oracle.dbtools.crest.model.design.relational.FKIndexAssociation" directorySegmentName="seg_0" id="38A61E4E-589E-3994-CC2B-EA001B5CC3E0" name="UNDE_UNDE_FK">
<sourceConnName>POLICIA</sourceConnName>
<sourceObjSchema>USR_REHU</sourceObjSchema>
<sourceObjName>UNDE_UNDE_FK</sourceObjName>
<createdBy>Manuel</createdBy>
<createdTime>2016-01-11 03:41:06 UTC</createdTime>
<generatorID>Generado por el Usuario</generatorID>
<ownerDesignName>ERD_POLICIA</ownerDesignName>
<importedID>9A09D6DA-54BC-45B2-D164-9AAA2A576EEF</importedID>
<containerWithKeyObject>C579529E-397E-3A1F-696B-6ACFE63D096D</containerWithKeyObject>
<deleteRule>NO ACTION</deleteRule>
<localFKIndex>12D63B40-648D-527A-FA31-2C1DED9AE83C</localFKIndex>
<keyObject>BDB3E2B6-6B9F-D3D4-4BF5-86542846252C</keyObject>
<mandatory>false</mandatory>
<transferable>true</transferable>
<columnDependencyConstraintGenerateInDDL>true</columnDependencyConstraintGenerateInDDL>
</FKIndexAssociation>