<?xml version = '1.0' encoding = 'UTF-8'?>
<FKIndexAssociation class="oracle.dbtools.crest.model.design.relational.FKIndexAssociation" directorySegmentName="seg_0" id="3A675EE2-6F04-59B7-1F47-31FCCACADE96" name="SIEDU_TEMA_CAPAC_PROGR_FK">
<createdBy>Manuel</createdBy>
<createdTime>2016-01-17 04:46:57 UTC</createdTime>
<generatorID>Generado por el Usuario</generatorID>
<ownerDesignName>ERD_POLICIA</ownerDesignName>
<containerWithKeyObject>35C5370B-1CCD-2325-6793-5753FEF66FBC</containerWithKeyObject>
<deleteRule>NO ACTION</deleteRule>
<localFKIndex>BC399AEF-1FFB-C0E1-918B-FEAE7E19F019</localFKIndex>
<keyObject>4F778E84-F2E3-9573-E10B-4CCF35A53A77</keyObject>
<mandatory>true</mandatory>
<transferable>true</transferable>
<columnDependencyConstraintGenerateInDDL>true</columnDependencyConstraintGenerateInDDL>
</FKIndexAssociation>