<?xml version = '1.0' encoding = 'UTF-8'?>
<FKIndexAssociation class="oracle.dbtools.crest.model.design.relational.FKIndexAssociation" directorySegmentName="seg_0" id="40134062-1451-9080-0CCB-E686FF10CA7E" name="SIEDU_EVENTO_CARRERA_FK">
<createdBy>Manuel</createdBy>
<createdTime>2016-01-17 04:21:21 UTC</createdTime>
<generatorID>Generado por el Usuario</generatorID>
<ownerDesignName>ERD_POLICIA</ownerDesignName>
<containerWithKeyObject>53E8FA20-B205-EFB1-33C6-DCEDF3913B8D</containerWithKeyObject>
<deleteRule>NO ACTION</deleteRule>
<localFKIndex>0D735B9A-DF1D-B4F5-1FE5-C383BB941CAE</localFKIndex>
<keyObject>1136428E-F91E-5CF1-C831-A63B9F8C8BE6</keyObject>
<mandatory>true</mandatory>
<transferable>true</transferable>
<columnDependencyConstraintGenerateInDDL>true</columnDependencyConstraintGenerateInDDL>
</FKIndexAssociation>