<?xml version = '1.0' encoding = 'UTF-8'?>
<FKIndexAssociation class="oracle.dbtools.crest.model.design.relational.FKIndexAssociation" directorySegmentName="seg_0" id="45BD6E8A-8EF9-E784-B3D2-B7D7D369C1F4" name="SIEDU_PAE_CAPACITA_CARRERAS_FK">
<createdBy>Manuel</createdBy>
<createdTime>2016-01-11 04:25:51 UTC</createdTime>
<generatorID>Generado por el Usuario</generatorID>
<ownerDesignName>ERD_POLICIA</ownerDesignName>
<containerWithKeyObject>EE2D4021-44A4-1F84-1EE0-D218DA5D58C7</containerWithKeyObject>
<deleteRule>NO ACTION</deleteRule>
<localFKIndex>C5434210-6B00-26EB-C24A-1F70E6876BB4</localFKIndex>
<keyObject>1136428E-F91E-5CF1-C831-A63B9F8C8BE6</keyObject>
<mandatory>true</mandatory>
<transferable>true</transferable>
<columnDependencyConstraintGenerateInDDL>true</columnDependencyConstraintGenerateInDDL>
</FKIndexAssociation>