<?xml version = '1.0' encoding = 'UTF-8'?>
<FKIndexAssociation class="oracle.dbtools.crest.model.design.relational.FKIndexAssociation" directorySegmentName="seg_0" id="4717C76F-1B75-3673-5371-F8A9954A4F9C" name="SIEDU_PARTI_EVEN_UDE_FK">
<createdBy>Manuel</createdBy>
<createdTime>2016-03-08 03:59:48 UTC</createdTime>
<generatorID>Generado por el Usuario</generatorID>
<ownerDesignName>ERD_POLICIA</ownerDesignName>
<containerWithKeyObject>08045D6A-4EEC-EFC4-1963-4F5E07649CB8</containerWithKeyObject>
<deleteRule>NO ACTION</deleteRule>
<localFKIndex>5A3F03F3-0ED6-1609-6027-C9A259D6A7CC</localFKIndex>
<keyObject>BDB3E2B6-6B9F-D3D4-4BF5-86542846252C</keyObject>
<mandatory>true</mandatory>
<transferable>true</transferable>
<columnDependencyConstraintGenerateInDDL>true</columnDependencyConstraintGenerateInDDL>
</FKIndexAssociation>