<?xml version = '1.0' encoding = 'UTF-8'?>
<FKIndexAssociation class="oracle.dbtools.crest.model.design.relational.FKIndexAssociation" directorySegmentName="seg_0" id="475CEF54-5FD8-A466-CAD2-A803AEC51788" name="FRM_ESCLA_COHRTE_FORM_ESCLA_FK">
<sourceDDLFile>siedu_foema_Escuela_cohorte.sql</sourceDDLFile>
<createdBy>Manuel</createdBy>
<createdTime>2016-01-24 16:31:39 UTC</createdTime>
<generatorID>Generado por el Usuario</generatorID>
<ownerDesignName>ERD_POLICIA</ownerDesignName>
<importedID>16DA9788-793D-56CF-650E-445181DC86C3</importedID>
<containerWithKeyObject>01F4D26F-75C4-21B8-5693-29C6CC137DAD</containerWithKeyObject>
<deleteRule>NO ACTION</deleteRule>
<localFKIndex>E50315AF-3BD3-D416-34DF-5719C74F86FE</localFKIndex>
<keyObject>D099A6E7-7BE8-4D6C-6FF5-9142A2C5E0D7</keyObject>
<mandatory>true</mandatory>
<transferable>true</transferable>
<columnDependencyConstraintGenerateInDDL>true</columnDependencyConstraintGenerateInDDL>
</FKIndexAssociation>