<?xml version = '1.0' encoding = 'UTF-8'?>
<FKIndexAssociation class="oracle.dbtools.crest.model.design.relational.FKIndexAssociation" directorySegmentName="seg_0" id="48082FAD-F041-AD38-6DE1-2116802AEA24" name="SIEDU_EVEN_ESCU_PAE">
<sourceConnName>POLICIA</sourceConnName>
<sourceObjSchema>USR_DISIGAC2</sourceObjSchema>
<sourceObjName>SIEDU_EVEN_ESCU_PAE</sourceObjName>
<createdBy>Manuel</createdBy>
<createdTime>2016-01-07 04:31:46 UTC</createdTime>
<generatorID>Generado por el Usuario</generatorID>
<ownerDesignName>ERD_POLICIA</ownerDesignName>
<containerWithKeyObject>150AC99D-D4F2-615D-6FE7-1B8D943D9AF3</containerWithKeyObject>
<deleteRule>NO ACTION</deleteRule>
<localFKIndex>8047E7E0-F474-512B-A31B-9AAAEA20EC9F</localFKIndex>
<keyObject>2C0154D7-3984-5D01-8621-0C51863DE642</keyObject>
<mandatory>true</mandatory>
<transferable>true</transferable>
<columnDependencyConstraintGenerateInDDL>true</columnDependencyConstraintGenerateInDDL>
</FKIndexAssociation>