<?xml version = '1.0' encoding = 'UTF-8'?>
<FKIndexAssociation class="oracle.dbtools.crest.model.design.relational.FKIndexAssociation" directorySegmentName="seg_0" id="48560FEC-6A12-0665-2032-C8CFD92D97A7" name="SIEDU_EVEN_ESCU_FINANC">
<sourceConnName>POLICIA</sourceConnName>
<sourceObjSchema>USR_DISIGAC2</sourceObjSchema>
<sourceObjName>SIEDU_EVEN_ESCU_FINANC</sourceObjName>
<createdBy>Manuel</createdBy>
<createdTime>2016-01-07 04:31:46 UTC</createdTime>
<generatorID>Generado por el Usuario</generatorID>
<ownerDesignName>ERD_POLICIA</ownerDesignName>
<containerWithKeyObject>150AC99D-D4F2-615D-6FE7-1B8D943D9AF3</containerWithKeyObject>
<deleteRule>NO ACTION</deleteRule>
<localFKIndex>62939DDE-9D6A-6C2A-BB7B-E3F8F31D4517</localFKIndex>
<keyObject>2AC38EBC-36AF-56B8-F2D4-3FBC7820063F</keyObject>
<mandatory>false</mandatory>
<transferable>true</transferable>
<columnDependencyConstraintGenerateInDDL>true</columnDependencyConstraintGenerateInDDL>
</FKIndexAssociation>