<?xml version = '1.0' encoding = 'UTF-8'?>
<FKIndexAssociation class="oracle.dbtools.crest.model.design.relational.FKIndexAssociation" directorySegmentName="seg_0" id="4C13AA01-AE9C-8CCB-4A39-A843DED20D0B" name="SIEDU_DETALLE_EVENTO_FK">
<sourceConnName>POLICIA</sourceConnName>
<sourceObjSchema>USR_DISIGAC2</sourceObjSchema>
<sourceObjName>SIEDU_DETALLE_EVENTO_FK</sourceObjName>
<createdBy>Manuel</createdBy>
<createdTime>2016-01-07 04:31:46 UTC</createdTime>
<generatorID>Generado por el Usuario</generatorID>
<ownerDesignName>ERD_POLICIA</ownerDesignName>
<containerWithKeyObject>17E73666-123F-138B-57C6-FB2F23AFEA04</containerWithKeyObject>
<deleteRule>NO ACTION</deleteRule>
<localFKIndex>8229C79F-11B6-485B-6F67-E53B78D8B607</localFKIndex>
<keyObject>4B0545FA-8DE7-1F6D-70F2-EED11D781B2B</keyObject>
<mandatory>true</mandatory>
<transferable>true</transferable>
<columnDependencyConstraintGenerateInDDL>true</columnDependencyConstraintGenerateInDDL>
</FKIndexAssociation>