<?xml version = '1.0' encoding = 'UTF-8'?>
<FKIndexAssociation class="oracle.dbtools.crest.model.design.relational.FKIndexAssociation" directorySegmentName="seg_0" id="508924EB-51C1-AB30-C2FC-C33608A3B05E" name="PRAC_NIAC_FK">
<sourceConnName>POLICIA</sourceConnName>
<sourceObjSchema>USR_EDUC</sourceObjSchema>
<sourceObjName>PRAC_NIAC_FK</sourceObjName>
<createdBy>Manuel</createdBy>
<createdTime>2016-01-11 03:03:31 UTC</createdTime>
<generatorID>Generado por el Usuario</generatorID>
<ownerDesignName>ERD_POLICIA</ownerDesignName>
<importedID>FDE21B3B-5891-FE07-8EF2-6FB9BE8CAC58</importedID>
<containerWithKeyObject>4EFF49C3-62FB-B352-3C31-506A5DEC1C99</containerWithKeyObject>
<deleteRule>NO ACTION</deleteRule>
<localFKIndex>16B1C1B9-A679-3BD2-0B3A-6A99CE1AA0AC</localFKIndex>
<keyObject>E5143A5E-1679-7D70-5C46-0821B1B8D020</keyObject>
<mandatory>true</mandatory>
<transferable>true</transferable>
<columnDependencyConstraintGenerateInDDL>true</columnDependencyConstraintGenerateInDDL>
</FKIndexAssociation>