<?xml version = '1.0' encoding = 'UTF-8'?>
<FKIndexAssociation class="oracle.dbtools.crest.model.design.relational.FKIndexAssociation" directorySegmentName="seg_0" id="545E5463-4706-F148-8E4C-D7C8241EDB32" name="SIEDU_EVENTO_ESCUELA_CONVE_FK">
<createdBy>Manuel</createdBy>
<createdTime>2016-03-06 14:23:49 UTC</createdTime>
<generatorID>Generado por el Usuario</generatorID>
<ownerDesignName>ERD_POLICIA</ownerDesignName>
<containerWithKeyObject>8824F59A-0063-6594-85A4-09E3AFBC3716</containerWithKeyObject>
<deleteRule>NO ACTION</deleteRule>
<localFKIndex>2A1BE272-2AAD-866E-00C2-7F454C4DA304</localFKIndex>
<keyObject>02465B6F-1306-A388-C883-156E9B710EA6</keyObject>
<mandatory>true</mandatory>
<transferable>true</transferable>
<columnDependencyConstraintGenerateInDDL>true</columnDependencyConstraintGenerateInDDL>
</FKIndexAssociation>