<?xml version = '1.0' encoding = 'UTF-8'?>
<FKIndexAssociation class="oracle.dbtools.crest.model.design.relational.FKIndexAssociation" directorySegmentName="seg_0" id="55ED65A3-1F64-A661-D7D8-D0B10B7C95DD" name="SIEDU_PAE_FORM_CARRERAS_FK">
<createdBy>Manuel</createdBy>
<createdTime>2016-01-23 00:33:40 UTC</createdTime>
<generatorID>Generado por el Usuario</generatorID>
<ownerDesignName>ERD_POLICIA</ownerDesignName>
<containerWithKeyObject>48AD53AC-0351-387B-EA64-1CB4AF9F731A</containerWithKeyObject>
<deleteRule>NO ACTION</deleteRule>
<localFKIndex>E4F9DBFB-5EB6-4F98-63C0-E60597C5B3F9</localFKIndex>
<keyObject>1136428E-F91E-5CF1-C831-A63B9F8C8BE6</keyObject>
<mandatory>true</mandatory>
<transferable>true</transferable>
<columnDependencyConstraintGenerateInDDL>true</columnDependencyConstraintGenerateInDDL>
</FKIndexAssociation>