<?xml version = '1.0' encoding = 'UTF-8'?>
<FKIndexAssociation class="oracle.dbtools.crest.model.design.relational.FKIndexAssociation" directorySegmentName="seg_0" id="60133F1E-6AB7-5DC9-94CA-AFA7FA629CFA" name="SIEDU_EVEN_ESCU_LUG_GEO_FK">
<createdBy>Manuel</createdBy>
<createdTime>2016-03-08 03:06:56 UTC</createdTime>
<generatorID>Generado por el Usuario</generatorID>
<ownerDesignName>ERD_POLICIA</ownerDesignName>
<containerWithKeyObject>8824F59A-0063-6594-85A4-09E3AFBC3716</containerWithKeyObject>
<deleteRule>NO ACTION</deleteRule>
<localFKIndex>974077DD-50B1-BC95-E20D-0EFAEC48A98E</localFKIndex>
<keyObject>526C1BB2-2590-CF2E-7AEE-7735FFB4F35C</keyObject>
<mandatory>true</mandatory>
<transferable>true</transferable>
<columnDependencyConstraintGenerateInDDL>true</columnDependencyConstraintGenerateInDDL>
</FKIndexAssociation>