<?xml version = '1.0' encoding = 'UTF-8'?>
<FKIndexAssociation class="oracle.dbtools.crest.model.design.relational.FKIndexAssociation" directorySegmentName="seg_0" id="60C1FB88-CD64-283D-1F37-B5C63A1B7708" name="SIEDU_PRESUPU_PAE_FK">
<sourceConnName>POLICIA</sourceConnName>
<sourceObjSchema>USR_DISIGAC2</sourceObjSchema>
<sourceObjName>SIEDU_PRESUPU_PAE_FK</sourceObjName>
<createdBy>Manuel</createdBy>
<createdTime>2016-01-07 04:31:47 UTC</createdTime>
<generatorID>Generado por el Usuario</generatorID>
<ownerDesignName>ERD_POLICIA</ownerDesignName>
<containerWithKeyObject>8204DC4B-F8EB-B8DF-DE22-D375E8FFCC2B</containerWithKeyObject>
<deleteRule>NO ACTION</deleteRule>
<localFKIndex>7BE8E19B-13A4-66E0-F3FA-5C48981195D3</localFKIndex>
<keyObject>2C0154D7-3984-5D01-8621-0C51863DE642</keyObject>
<mandatory>true</mandatory>
<transferable>true</transferable>
<columnDependencyConstraintGenerateInDDL>true</columnDependencyConstraintGenerateInDDL>
</FKIndexAssociation>