<?xml version = '1.0' encoding = 'UTF-8'?>
<FKIndexAssociation class="oracle.dbtools.crest.model.design.relational.FKIndexAssociation" directorySegmentName="seg_0" id="672CDBEE-28CA-4CE6-5D28-CF6ABBF3DA52" name="PRGR_CARR_FK">
<sourceConnName>POLICIA</sourceConnName>
<sourceObjSchema>USR_EDUC</sourceObjSchema>
<sourceObjName>PRGR_CARR_FK</sourceObjName>
<createdBy>Manuel</createdBy>
<createdTime>2016-01-11 03:03:31 UTC</createdTime>
<generatorID>Generado por el Usuario</generatorID>
<ownerDesignName>ERD_POLICIA</ownerDesignName>
<importedID>0EE86768-05DA-CA7B-6490-DB8C3A65A6A0</importedID>
<containerWithKeyObject>8FF895D3-EFD9-AFE7-2730-802EA0ED9464</containerWithKeyObject>
<deleteRule>NO ACTION</deleteRule>
<localFKIndex>BC68132A-3A3A-411A-9CD2-23A17873F6F1</localFKIndex>
<keyObject>1136428E-F91E-5CF1-C831-A63B9F8C8BE6</keyObject>
<mandatory>false</mandatory>
<transferable>true</transferable>
<columnDependencyConstraintGenerateInDDL>true</columnDependencyConstraintGenerateInDDL>
</FKIndexAssociation>