<?xml version = '1.0' encoding = 'UTF-8'?>
<FKIndexAssociation class="oracle.dbtools.crest.model.design.relational.FKIndexAssociation" directorySegmentName="seg_0" id="6847FF6C-ABCA-4841-20DE-9AB78E5174AD" name="siedu_certi_acta_even_fk">
<sourceDDLFile>SIEDU_CERTIFICADO_EVENTO.sql</sourceDDLFile>
<createdBy>Manuel</createdBy>
<createdTime>2016-07-24 16:13:26 UTC</createdTime>
<generatorID>Generado por el Usuario</generatorID>
<ownerDesignName>ERD_POLICIA</ownerDesignName>
<importedID>0F02E12C-D722-5BCC-A3DE-7F5D5B0FED97</importedID>
<containerWithKeyObject>A4E92347-C65E-7451-8B01-0E88432087EA</containerWithKeyObject>
<deleteRule>NO ACTION</deleteRule>
<localFKIndex>A6675746-B3F6-7B2C-06FF-DB92C1705B70</localFKIndex>
<keyObject>D3396032-B1A6-8C3D-25E6-78CE58622D6B</keyObject>
<mandatory>true</mandatory>
<transferable>true</transferable>
<columnDependencyConstraintGenerateInDDL>true</columnDependencyConstraintGenerateInDDL>
</FKIndexAssociation>