<?xml version = '1.0' encoding = 'UTF-8'?>
<FKIndexAssociation class="oracle.dbtools.crest.model.design.relational.FKIndexAssociation" directorySegmentName="seg_0" id="6C9D34DA-F046-6DE6-3180-E62D4E8FA291" name="SIEDU_PARTI_EVEN_CARGOS_FK">
<createdBy>Manuel</createdBy>
<createdTime>2016-03-08 04:19:40 UTC</createdTime>
<generatorID>Generado por el Usuario</generatorID>
<ownerDesignName>ERD_POLICIA</ownerDesignName>
<containerWithKeyObject>08045D6A-4EEC-EFC4-1963-4F5E07649CB8</containerWithKeyObject>
<deleteRule>NO ACTION</deleteRule>
<localFKIndex>2127C4D2-55E7-7EF2-F19F-DB51D7982146</localFKIndex>
<keyObject>9DB00145-B86D-2A62-6249-8402E9FC3367</keyObject>
<mandatory>true</mandatory>
<transferable>true</transferable>
<columnDependencyConstraintGenerateInDDL>true</columnDependencyConstraintGenerateInDDL>
</FKIndexAssociation>