<?xml version = '1.0' encoding = 'UTF-8'?>
<FKIndexAssociation class="oracle.dbtools.crest.model.design.relational.FKIndexAssociation" directorySegmentName="seg_0" id="81063CE7-7690-2A12-D702-D0E0B2ABA480" name="EMPL_LUGE_EXPEDIDA_FK">
<sourceConnName>POLICIA</sourceConnName>
<sourceObjSchema>USR_REHU</sourceObjSchema>
<sourceObjName>EMPL_LUGE_EXPEDIDA_FK</sourceObjName>
<createdBy>Manuel</createdBy>
<createdTime>2016-03-06 21:35:19 UTC</createdTime>
<generatorID>Generado por el Usuario</generatorID>
<ownerDesignName>ERD_POLICIA</ownerDesignName>
<importedID>C6684E36-0BF9-A5D3-33AF-0E783C5C595B</importedID>
<containerWithKeyObject>F471C941-DC0E-C3C4-8F0D-DB00D06CFB26</containerWithKeyObject>
<deleteRule>NO ACTION</deleteRule>
<localFKIndex>95B6D5F0-69A8-81E7-0939-F53B4FDACFDC</localFKIndex>
<keyObject>526C1BB2-2590-CF2E-7AEE-7735FFB4F35C</keyObject>
<mandatory>true</mandatory>
<transferable>true</transferable>
<columnDependencyConstraintGenerateInDDL>true</columnDependencyConstraintGenerateInDDL>
</FKIndexAssociation>