<?xml version = '1.0' encoding = 'UTF-8'?>
<FKIndexAssociation class="oracle.dbtools.crest.model.design.relational.FKIndexAssociation" directorySegmentName="seg_0" id="8292167C-B982-405A-7602-212635CD4F38" name="SIEDU_EVENTO_ESCUELA_ENTI_FK">
<createdBy>Manuel</createdBy>
<createdTime>2016-03-06 13:54:40 UTC</createdTime>
<generatorID>Generado por el Usuario</generatorID>
<ownerDesignName>ERD_POLICIA</ownerDesignName>
<containerWithKeyObject>8824F59A-0063-6594-85A4-09E3AFBC3716</containerWithKeyObject>
<deleteRule>NO ACTION</deleteRule>
<localFKIndex>E7CA7FF4-A602-40F3-9345-D436BEB58784</localFKIndex>
<keyObject>CB6E1819-0261-0D64-B08E-B6668A92153E</keyObject>
<mandatory>true</mandatory>
<transferable>true</transferable>
<columnDependencyConstraintGenerateInDDL>true</columnDependencyConstraintGenerateInDDL>
</FKIndexAssociation>