<?xml version = '1.0' encoding = 'UTF-8'?>
<FKIndexAssociation class="oracle.dbtools.crest.model.design.relational.FKIndexAssociation" directorySegmentName="seg_0" id="86CA2A45-1190-27D8-EE71-77DFF87FC6DD" name="SIEDU_TEMA_TEMA_FK">
<createdBy>Manuel</createdBy>
<createdTime>2016-01-17 04:45:09 UTC</createdTime>
<generatorID>Generado por el Usuario</generatorID>
<ownerDesignName>ERD_POLICIA</ownerDesignName>
<containerWithKeyObject>35C5370B-1CCD-2325-6793-5753FEF66FBC</containerWithKeyObject>
<deleteRule>NO ACTION</deleteRule>
<localFKIndex>835B98C3-6092-43D4-A69C-227B0D0C5857</localFKIndex>
<keyObject>947ADF82-4E22-4910-31A6-9154E5267AF4</keyObject>
<mandatory>false</mandatory>
<transferable>true</transferable>
<columnDependencyConstraintGenerateInDDL>true</columnDependencyConstraintGenerateInDDL>
</FKIndexAssociation>