<?xml version = '1.0' encoding = 'UTF-8'?>
<FKIndexAssociation class="oracle.dbtools.crest.model.design.relational.FKIndexAssociation" directorySegmentName="seg_0" id="87314E8C-EFE1-E7E6-1FB1-93E1ADB40B2F" name="SIEDU_NOVEDAD_ARCHIVO_FK">
<createdBy>Manuel</createdBy>
<createdTime>2016-03-01 02:11:20 UTC</createdTime>
<generatorID>Generado por el Usuario</generatorID>
<ownerDesignName>ERD_POLICIA</ownerDesignName>
<containerWithKeyObject>5EC42A50-9255-7666-666C-6A9D023C0629</containerWithKeyObject>
<deleteRule>NO ACTION</deleteRule>
<localFKIndex>ED793B24-146E-43FB-B083-06678DA05C91</localFKIndex>
<keyObject>27500ABA-A231-B422-8613-291A71895F55</keyObject>
<mandatory>true</mandatory>
<transferable>true</transferable>
<columnDependencyConstraintGenerateInDDL>true</columnDependencyConstraintGenerateInDDL>
</FKIndexAssociation>