<?xml version = '1.0' encoding = 'UTF-8'?>
<FKIndexAssociation class="oracle.dbtools.crest.model.design.relational.FKIndexAssociation" directorySegmentName="seg_0" id="87355E6E-360E-E628-08FC-6D37BE477434" name="SIEDU_CIERRE_FORMACION_FK">
<createdBy>Manuel</createdBy>
<createdTime>2016-01-28 03:11:07 UTC</createdTime>
<generatorID>Generado por el Usuario</generatorID>
<ownerDesignName>ERD_POLICIA</ownerDesignName>
<containerWithKeyObject>6EC3976B-6963-2D11-1AE2-ED18918DA9CD</containerWithKeyObject>
<deleteRule>NO ACTION</deleteRule>
<localFKIndex>C7DA59B0-98EE-E30D-E587-2E029ADF4D9A</localFKIndex>
<keyObject>3A157A4B-CA40-928C-891D-3FDE1F55FD72</keyObject>
<mandatory>true</mandatory>
<transferable>true</transferable>
<columnDependencyConstraintGenerateInDDL>true</columnDependencyConstraintGenerateInDDL>
</FKIndexAssociation>