<?xml version = '1.0' encoding = 'UTF-8'?>
<FKIndexAssociation class="oracle.dbtools.crest.model.design.relational.FKIndexAssociation" directorySegmentName="seg_0" id="877AA0DF-40A0-DA0E-9F41-5CEEEB8C2DBD" name="SIEDU_EVEN_ESCU_DETEVEN">
<sourceConnName>POLICIA</sourceConnName>
<sourceObjSchema>USR_DISIGAC2</sourceObjSchema>
<sourceObjName>SIEDU_EVEN_ESCU_DETEVEN</sourceObjName>
<createdBy>Manuel</createdBy>
<createdTime>2016-01-07 04:31:46 UTC</createdTime>
<generatorID>Generado por el Usuario</generatorID>
<ownerDesignName>ERD_POLICIA</ownerDesignName>
<containerWithKeyObject>150AC99D-D4F2-615D-6FE7-1B8D943D9AF3</containerWithKeyObject>
<deleteRule>NO ACTION</deleteRule>
<localFKIndex>C209B9E0-1738-18D6-1781-1BCB0CD98A63</localFKIndex>
<keyObject>8A28DBD5-F396-9D11-2741-D21152CA4D6D</keyObject>
<mandatory>false</mandatory>
<transferable>true</transferable>
<columnDependencyConstraintGenerateInDDL>true</columnDependencyConstraintGenerateInDDL>
</FKIndexAssociation>