<?xml version = '1.0' encoding = 'UTF-8'?>
<FKIndexAssociation class="oracle.dbtools.crest.model.design.relational.FKIndexAssociation" directorySegmentName="seg_0" id="8D768EE5-D6C5-16A0-C0D3-CBA4931E49E9" name="DOMINIO_SECTORENTI_TIPOSECTOR">
<sourceConnName>POLICIA</sourceConnName>
<sourceObjSchema>USR_DISIGAC2</sourceObjSchema>
<sourceObjName>DOMINIO_SECTORENTI_TIPOSECTOR</sourceObjName>
<createdBy>Manuel</createdBy>
<createdTime>2016-01-07 04:31:46 UTC</createdTime>
<generatorID>Generado por el Usuario</generatorID>
<ownerDesignName>ERD_POLICIA</ownerDesignName>
<containerWithKeyObject>21328AD3-3B44-8AD1-CAEF-C442FD7D6DDB</containerWithKeyObject>
<deleteRule>NO ACTION</deleteRule>
<localFKIndex>FB983B13-C545-5CC5-EEBD-A1F7ABE5A882</localFKIndex>
<keyObject>2AC38EBC-36AF-56B8-F2D4-3FBC7820063F</keyObject>
<mandatory>true</mandatory>
<transferable>true</transferable>
<columnDependencyConstraintGenerateInDDL>true</columnDependencyConstraintGenerateInDDL>
</FKIndexAssociation>