<?xml version = '1.0' encoding = 'UTF-8'?>
<FKIndexAssociation class="oracle.dbtools.crest.model.design.relational.FKIndexAssociation" directorySegmentName="seg_0" id="9603C8FD-77EC-FD2D-68AB-3FBB69CF9956" name="SIEDU_PAE_CAPACITACION_PAE_FK">
<createdBy>Manuel</createdBy>
<createdTime>2016-01-11 02:03:01 UTC</createdTime>
<generatorID>Generado por el Usuario</generatorID>
<ownerDesignName>ERD_POLICIA</ownerDesignName>
<containerWithKeyObject>EE2D4021-44A4-1F84-1EE0-D218DA5D58C7</containerWithKeyObject>
<deleteRule>NO ACTION</deleteRule>
<localFKIndex>56ABDDD7-3BD2-0D23-3CA7-509CBC101F45</localFKIndex>
<keyObject>4EB16337-2232-C9C4-BD79-C03754C5D051</keyObject>
<mandatory>true</mandatory>
<transferable>true</transferable>
<columnDependencyConstraintGenerateInDDL>true</columnDependencyConstraintGenerateInDDL>
</FKIndexAssociation>