<?xml version = '1.0' encoding = 'UTF-8'?>
<FKIndexAssociation class="oracle.dbtools.crest.model.design.relational.FKIndexAssociation" directorySegmentName="seg_0" id="965AB463-78F0-68CD-8B6D-8C3F0A354A32" name="SIEDU_CONSOLIDA_FORMACION_FK">
<createdBy>Manuel</createdBy>
<createdTime>2016-01-28 03:18:18 UTC</createdTime>
<generatorID>Generado por el Usuario</generatorID>
<ownerDesignName>ERD_POLICIA</ownerDesignName>
<containerWithKeyObject>2EC4E898-66A3-A1FC-16C4-321749951060</containerWithKeyObject>
<deleteRule>NO ACTION</deleteRule>
<localFKIndex>32A9B59D-977F-DE59-9A90-A9DFB0805503</localFKIndex>
<keyObject>3A157A4B-CA40-928C-891D-3FDE1F55FD72</keyObject>
<mandatory>false</mandatory>
<transferable>true</transferable>
<columnDependencyConstraintGenerateInDDL>true</columnDependencyConstraintGenerateInDDL>
</FKIndexAssociation>