<?xml version = '1.0' encoding = 'UTF-8'?>
<FKIndexAssociation class="oracle.dbtools.crest.model.design.relational.FKIndexAssociation" directorySegmentName="seg_0" id="9BC3A6F0-8C9A-8CF9-7641-A96701846490" name="SIEDU_CONSOLIDA_NECESIDAD_FK">
<createdBy>Manuel</createdBy>
<createdTime>2016-01-28 03:16:31 UTC</createdTime>
<generatorID>Generado por el Usuario</generatorID>
<ownerDesignName>ERD_POLICIA</ownerDesignName>
<containerWithKeyObject>2EC4E898-66A3-A1FC-16C4-321749951060</containerWithKeyObject>
<deleteRule>NO ACTION</deleteRule>
<localFKIndex>33EAC1BA-56AE-7880-39A9-40CB69D13C97</localFKIndex>
<keyObject>8A277A48-7D97-8772-4E91-4E868C700866</keyObject>
<mandatory>true</mandatory>
<transferable>true</transferable>
<columnDependencyConstraintGenerateInDDL>true</columnDependencyConstraintGenerateInDDL>
</FKIndexAssociation>