<?xml version = '1.0' encoding = 'UTF-8'?>
<FKIndexAssociation class="oracle.dbtools.crest.model.design.relational.FKIndexAssociation" directorySegmentName="seg_0" id="9EA85276-B197-88D5-B431-720490B3D51E" name="SIEDU_DETAEVENT_DOCEVE_FK">
<sourceConnName>POLICIA</sourceConnName>
<sourceObjSchema>USR_DISIGAC2</sourceObjSchema>
<sourceObjName>SIEDU_DETAEVENT_DOCEVE_FK</sourceObjName>
<createdBy>Manuel</createdBy>
<createdTime>2016-01-07 04:31:46 UTC</createdTime>
<generatorID>Generado por el Usuario</generatorID>
<ownerDesignName>ERD_POLICIA</ownerDesignName>
<containerWithKeyObject>F5C42EDA-EBD7-F901-7044-66B33CAF34C3</containerWithKeyObject>
<deleteRule>NO ACTION</deleteRule>
<localFKIndex>A4CB410A-C88C-8A6E-C923-D52F1E8AE555</localFKIndex>
<keyObject>245942C0-4A26-B180-C487-6465A8C9841A</keyObject>
<mandatory>true</mandatory>
<transferable>true</transferable>
<columnDependencyConstraintGenerateInDDL>true</columnDependencyConstraintGenerateInDDL>
</FKIndexAssociation>