<?xml version = '1.0' encoding = 'UTF-8'?>
<FKIndexAssociation class="oracle.dbtools.crest.model.design.relational.FKIndexAssociation" directorySegmentName="seg_0" id="A736B7C6-772A-BDE4-4ED4-69CBCEE14457" name="SIEDU_NECESIDAD_SIEDU_NOVEDAD_PAE_FK">
<createdBy>Manuel</createdBy>
<createdTime>2016-01-28 02:42:19 UTC</createdTime>
<generatorID>Generado por el Usuario</generatorID>
<ownerDesignName>ERD_POLICIA</ownerDesignName>
<containerWithKeyObject>C830E9DD-E234-7847-0E7A-51602FE3CBC8</containerWithKeyObject>
<deleteRule>NO ACTION</deleteRule>
<localFKIndex>DE526A68-9F06-9A2D-7DFE-BEBD1B5A70AF</localFKIndex>
<keyObject>142B4041-DAF5-0DC6-8E4A-77E91386C4FB</keyObject>
<mandatory>true</mandatory>
<transferable>true</transferable>
<columnDependencyConstraintGenerateInDDL>true</columnDependencyConstraintGenerateInDDL>
</FKIndexAssociation>