<?xml version = '1.0' encoding = 'UTF-8'?>
<FKIndexAssociation class="oracle.dbtools.crest.model.design.relational.FKIndexAssociation" directorySegmentName="seg_0" id="AB32803A-C147-19D7-5CD2-0CA599EE25EB" name="SIEDU_PAE_FORMACION_PAE_FK">
<createdBy>Manuel</createdBy>
<createdTime>2016-01-11 02:34:46 UTC</createdTime>
<generatorID>Generado por el Usuario</generatorID>
<ownerDesignName>ERD_POLICIA</ownerDesignName>
<containerWithKeyObject>48AD53AC-0351-387B-EA64-1CB4AF9F731A</containerWithKeyObject>
<deleteRule>NO ACTION</deleteRule>
<localFKIndex>87288984-B64F-705E-F3D4-5D72FCCBD62B</localFKIndex>
<keyObject>4EB16337-2232-C9C4-BD79-C03754C5D051</keyObject>
<mandatory>true</mandatory>
<transferable>true</transferable>
<columnDependencyConstraintGenerateInDDL>true</columnDependencyConstraintGenerateInDDL>
</FKIndexAssociation>