<?xml version = '1.0' encoding = 'UTF-8'?>
<FKIndexAssociation class="oracle.dbtools.crest.model.design.relational.FKIndexAssociation" directorySegmentName="seg_0" id="ADC80A43-71FE-4082-BDFB-D306280CC3C0" name="SIEDU_DOC_EVEN_ID_SUB">
<sourceConnName>POLICIA</sourceConnName>
<sourceObjSchema>USR_DISIGAC2</sourceObjSchema>
<sourceObjName>SIEDU_DOC_EVEN_ID_SUB</sourceObjName>
<createdBy>Manuel</createdBy>
<createdTime>2016-01-07 04:31:46 UTC</createdTime>
<generatorID>Generado por el Usuario</generatorID>
<ownerDesignName>ERD_POLICIA</ownerDesignName>
<containerWithKeyObject>F5C42EDA-EBD7-F901-7044-66B33CAF34C3</containerWithKeyObject>
<deleteRule>NO ACTION</deleteRule>
<localFKIndex>A20AD34B-9714-D04E-1527-0BEB966140A7</localFKIndex>
<keyObject>457505B3-B5A7-3F4D-EEDC-81ED0DAC0859</keyObject>
<mandatory>true</mandatory>
<transferable>true</transferable>
<columnDependencyConstraintGenerateInDDL>true</columnDependencyConstraintGenerateInDDL>
</FKIndexAssociation>