<?xml version = '1.0' encoding = 'UTF-8'?>
<FKIndexAssociation class="oracle.dbtools.crest.model.design.relational.FKIndexAssociation" directorySegmentName="seg_0" id="AF7A8CD4-AC80-C631-560C-364D9951972A" name="SIEDU_CONV_EVESCUELA_FK">
<sourceConnName>POLICIA</sourceConnName>
<sourceObjSchema>USR_DISIGAC2</sourceObjSchema>
<sourceObjName>SIEDU_CONV_EVESCUELA_FK</sourceObjName>
<createdBy>Manuel</createdBy>
<createdTime>2016-01-07 04:31:46 UTC</createdTime>
<generatorID>Generado por el Usuario</generatorID>
<ownerDesignName>ERD_POLICIA</ownerDesignName>
<containerWithKeyObject>C2E5D7D9-387C-900C-13BD-A6FD3F7D7C57</containerWithKeyObject>
<deleteRule>NO ACTION</deleteRule>
<localFKIndex>B55A7A86-5BFA-69AE-0607-A9754FBFC577</localFKIndex>
<keyObject>245942C0-4A26-B180-C487-6465A8C9841A</keyObject>
<mandatory>false</mandatory>
<transferable>true</transferable>
<columnDependencyConstraintGenerateInDDL>true</columnDependencyConstraintGenerateInDDL>
</FKIndexAssociation>