<?xml version = '1.0' encoding = 'UTF-8'?>
<FKIndexAssociation class="oracle.dbtools.crest.model.design.relational.FKIndexAssociation" directorySegmentName="seg_0" id="B35C08E7-378B-A92C-23C7-E71312D4779C" name="SIEDU_CAPACITACION_ESCUELA_FK">
<createdBy>Manuel</createdBy>
<createdTime>2016-01-11 04:17:00 UTC</createdTime>
<generatorID>Generado por el Usuario</generatorID>
<ownerDesignName>ERD_POLICIA</ownerDesignName>
<containerWithKeyObject>EE2D4021-44A4-1F84-1EE0-D218DA5D58C7</containerWithKeyObject>
<deleteRule>NO ACTION</deleteRule>
<localFKIndex>55CCDEE9-F2D9-F15A-7F91-9C2A8CB0A3E4</localFKIndex>
<keyObject>BDB3E2B6-6B9F-D3D4-4BF5-86542846252C</keyObject>
<mandatory>true</mandatory>
<transferable>true</transferable>
<columnDependencyConstraintGenerateInDDL>true</columnDependencyConstraintGenerateInDDL>
</FKIndexAssociation>