<?xml version = '1.0' encoding = 'UTF-8'?>
<FKIndexAssociation class="oracle.dbtools.crest.model.design.relational.FKIndexAssociation" directorySegmentName="seg_0" id="B44C4493-DB02-743C-0897-357817F8BA73" name="SIEDU_DOMINIO_METO_FK">
<sourceConnName>POLICIA</sourceConnName>
<sourceObjSchema>USR_DISIGAC2</sourceObjSchema>
<sourceObjName>SIEDU_DOMINIO_METO_FK</sourceObjName>
<createdBy>Manuel</createdBy>
<createdTime>2016-01-07 04:31:47 UTC</createdTime>
<generatorID>Generado por el Usuario</generatorID>
<ownerDesignName>ERD_POLICIA</ownerDesignName>
<containerWithKeyObject>0D444E7A-1181-2B86-E815-6901F1CA4665</containerWithKeyObject>
<deleteRule>NO ACTION</deleteRule>
<localFKIndex>84527635-E922-237D-0433-A59F91423744</localFKIndex>
<keyObject>2AC38EBC-36AF-56B8-F2D4-3FBC7820063F</keyObject>
<mandatory>true</mandatory>
<transferable>true</transferable>
<columnDependencyConstraintGenerateInDDL>true</columnDependencyConstraintGenerateInDDL>
</FKIndexAssociation>