<?xml version = '1.0' encoding = 'UTF-8'?>
<FKIndexAssociation class="oracle.dbtools.crest.model.design.relational.FKIndexAssociation" directorySegmentName="seg_0" id="B726576D-13DD-83B3-0E51-8FBED415AFD5" name="SIEDU_EVENTO_ESCU_EVAL_FK">
<createdBy>Manuel</createdBy>
<createdTime>2016-06-12 18:14:29 UTC</createdTime>
<generatorID>Generado por el Usuario</generatorID>
<ownerDesignName>ERD_POLICIA</ownerDesignName>
<containerWithKeyObject>8824F59A-0063-6594-85A4-09E3AFBC3716</containerWithKeyObject>
<deleteRule>NO ACTION</deleteRule>
<localFKIndex>D204D920-15E7-0F4A-78FE-D545FB651037</localFKIndex>
<keyObject>2CA4867E-FFC8-4B2B-9132-96F753445C98</keyObject>
<mandatory>false</mandatory>
<transferable>true</transferable>
<columnDependencyConstraintGenerateInDDL>true</columnDependencyConstraintGenerateInDDL>
</FKIndexAssociation>