<?xml version = '1.0' encoding = 'UTF-8'?>
<FKIndexAssociation class="oracle.dbtools.crest.model.design.relational.FKIndexAssociation" directorySegmentName="seg_0" id="B96C3608-E7DE-F62D-21EF-893C584CF0F5" name="EMPL_UNDE_FK">
<sourceConnName>POLICIA</sourceConnName>
<sourceObjSchema>USR_REHU</sourceObjSchema>
<sourceObjName>EMPL_UNDE_FK</sourceObjName>
<createdBy>Manuel</createdBy>
<createdTime>2016-03-06 21:35:19 UTC</createdTime>
<generatorID>Generado por el Usuario</generatorID>
<ownerDesignName>ERD_POLICIA</ownerDesignName>
<importedID>F5A68DC9-DC68-EF0C-0EC6-0FEA8D9F70A2</importedID>
<containerWithKeyObject>F471C941-DC0E-C3C4-8F0D-DB00D06CFB26</containerWithKeyObject>
<deleteRule>NO ACTION</deleteRule>
<localFKIndex>124F8877-C849-2A93-4B44-C500BB2FAAFE</localFKIndex>
<keyObject>BDB3E2B6-6B9F-D3D4-4BF5-86542846252C</keyObject>
<mandatory>true</mandatory>
<transferable>true</transferable>
<columnDependencyConstraintGenerateInDDL>true</columnDependencyConstraintGenerateInDDL>
</FKIndexAssociation>