<?xml version = '1.0' encoding = 'UTF-8'?>
<FKIndexAssociation class="oracle.dbtools.crest.model.design.relational.FKIndexAssociation" directorySegmentName="seg_0" id="BBA08CA1-A4D7-C3FA-2334-5E5D6E89E7D7" name="SIEDU_EVENTO_ESCU_EVENTO_FK">
<createdBy>Manuel</createdBy>
<createdTime>2016-03-04 03:27:11 UTC</createdTime>
<generatorID>Generado por el Usuario</generatorID>
<ownerDesignName>ERD_POLICIA</ownerDesignName>
<containerWithKeyObject>8824F59A-0063-6594-85A4-09E3AFBC3716</containerWithKeyObject>
<deleteRule>NO ACTION</deleteRule>
<localFKIndex>B26853DE-0E48-CD7A-CE14-6506F2F38A92</localFKIndex>
<keyObject>4F778E84-F2E3-9573-E10B-4CCF35A53A77</keyObject>
<mandatory>true</mandatory>
<transferable>true</transferable>
<columnDependencyConstraintGenerateInDDL>true</columnDependencyConstraintGenerateInDDL>
</FKIndexAssociation>