<?xml version = '1.0' encoding = 'UTF-8'?>
<FKIndexAssociation class="oracle.dbtools.crest.model.design.relational.FKIndexAssociation" directorySegmentName="seg_0" id="BD6547FE-D3B2-7877-7C69-C61CD7A2104F" name="SIEDU_CONVO_EVENTO_ESCUELA_FK">
<createdBy>Manuel</createdBy>
<createdTime>2016-03-04 04:31:56 UTC</createdTime>
<generatorID>Generado por el Usuario</generatorID>
<ownerDesignName>ERD_POLICIA</ownerDesignName>
<containerWithKeyObject>4E9743B4-001F-0AA5-9691-66A0BDBD1F94</containerWithKeyObject>
<deleteRule>NO ACTION</deleteRule>
<localFKIndex>E8E8C179-F8AC-4460-08F5-E81EAD436DA1</localFKIndex>
<keyObject>FF0396FC-A1FD-766E-D18D-3398220A6635</keyObject>
<mandatory>true</mandatory>
<transferable>true</transferable>
<columnDependencyConstraintGenerateInDDL>true</columnDependencyConstraintGenerateInDDL>
</FKIndexAssociation>