<?xml version = '1.0' encoding = 'UTF-8'?>
<FKIndexAssociation class="oracle.dbtools.crest.model.design.relational.FKIndexAssociation" directorySegmentName="seg_0" id="BF25E832-A3D4-201E-E036-E514E76BD665" name="SIEDU_EVENTO_ESCUELA_PPTO_FK">
<createdBy>Manuel</createdBy>
<createdTime>2016-03-06 13:58:46 UTC</createdTime>
<generatorID>Generado por el Usuario</generatorID>
<ownerDesignName>ERD_POLICIA</ownerDesignName>
<containerWithKeyObject>8824F59A-0063-6594-85A4-09E3AFBC3716</containerWithKeyObject>
<deleteRule>NO ACTION</deleteRule>
<localFKIndex>9C3BCDEC-E172-84EE-97EE-D3B6BEC1E9DA</localFKIndex>
<keyObject>1D43C701-D827-0C16-D5B8-97B5199B7D37</keyObject>
<mandatory>true</mandatory>
<transferable>true</transferable>
<columnDependencyConstraintGenerateInDDL>true</columnDependencyConstraintGenerateInDDL>
</FKIndexAssociation>