<?xml version = '1.0' encoding = 'UTF-8'?>
<FKIndexAssociation class="oracle.dbtools.crest.model.design.relational.FKIndexAssociation" directorySegmentName="seg_0" id="C3AB95F2-3C12-17B0-7D84-2942375EDE79" name="SIEDU_CONSOLIDA_CAPACITA_FK">
<createdBy>Manuel</createdBy>
<createdTime>2016-01-28 03:16:38 UTC</createdTime>
<generatorID>Generado por el Usuario</generatorID>
<ownerDesignName>ERD_POLICIA</ownerDesignName>
<containerWithKeyObject>2EC4E898-66A3-A1FC-16C4-321749951060</containerWithKeyObject>
<deleteRule>NO ACTION</deleteRule>
<localFKIndex>34F2AA7C-ECF5-162A-464E-B409A3FA9870</localFKIndex>
<keyObject>2C0154D7-3984-5D01-8621-0C51863DE642</keyObject>
<mandatory>false</mandatory>
<transferable>true</transferable>
<columnDependencyConstraintGenerateInDDL>true</columnDependencyConstraintGenerateInDDL>
</FKIndexAssociation>