<?xml version = '1.0' encoding = 'UTF-8'?>
<FKIndexAssociation class="oracle.dbtools.crest.model.design.relational.FKIndexAssociation" directorySegmentName="seg_0" id="C5307105-8F94-0749-C391-ED74AF2A63E1" name="SIEDU_COMPE_PROGR_COMPETE_FK">
<createdBy>Manuel</createdBy>
<createdTime>2016-01-17 04:36:37 UTC</createdTime>
<generatorID>Generado por el Usuario</generatorID>
<ownerDesignName>ERD_POLICIA</ownerDesignName>
<containerWithKeyObject>A0D9EC58-3ED9-E19F-2261-536C745E966C</containerWithKeyObject>
<deleteRule>NO ACTION</deleteRule>
<localFKIndex>E2586B32-6801-5860-1AD2-E8E06ED27AA2</localFKIndex>
<keyObject>A1F0AB71-2652-1C4A-61DD-B832069D985C</keyObject>
<mandatory>true</mandatory>
<transferable>true</transferable>
<columnDependencyConstraintGenerateInDDL>true</columnDependencyConstraintGenerateInDDL>
</FKIndexAssociation>