<?xml version = '1.0' encoding = 'UTF-8'?>
<FKIndexAssociation class="oracle.dbtools.crest.model.design.relational.FKIndexAssociation" directorySegmentName="seg_0" id="C7EC6D55-3E49-564A-2BC0-78E5675A5D2A" name="EMPL_UNDE_LABORANDO_FK">
<sourceConnName>POLICIA</sourceConnName>
<sourceObjSchema>USR_REHU</sourceObjSchema>
<sourceObjName>EMPL_UNDE_LABORANDO_FK</sourceObjName>
<createdBy>Manuel</createdBy>
<createdTime>2016-03-06 21:35:19 UTC</createdTime>
<generatorID>Generado por el Usuario</generatorID>
<ownerDesignName>ERD_POLICIA</ownerDesignName>
<importedID>BE6D467D-E4E5-A52F-4E3A-75793C49F3C3</importedID>
<containerWithKeyObject>F471C941-DC0E-C3C4-8F0D-DB00D06CFB26</containerWithKeyObject>
<deleteRule>NO ACTION</deleteRule>
<localFKIndex>83E1D139-F503-F8BC-3E6B-32A65271A998</localFKIndex>
<keyObject>BDB3E2B6-6B9F-D3D4-4BF5-86542846252C</keyObject>
<mandatory>true</mandatory>
<transferable>true</transferable>
<columnDependencyConstraintGenerateInDDL>true</columnDependencyConstraintGenerateInDDL>
</FKIndexAssociation>