<?xml version = '1.0' encoding = 'UTF-8'?>
<FKIndexAssociation class="oracle.dbtools.crest.model.design.relational.FKIndexAssociation" directorySegmentName="seg_0" id="C9DD5365-1983-4843-2D7B-44EB9C3E7256" name="SIEDU_TIPODOM_DOMINIO_FK">
<sourceConnName>POLICIA</sourceConnName>
<sourceObjSchema>USR_DISIGAC2</sourceObjSchema>
<sourceObjName>SIEDU_TIPODOM_DOMINIO_FK</sourceObjName>
<createdBy>Manuel</createdBy>
<createdTime>2016-01-07 04:31:46 UTC</createdTime>
<generatorID>Generado por el Usuario</generatorID>
<ownerDesignName>ERD_POLICIA</ownerDesignName>
<containerWithKeyObject>411A6245-A193-92B0-E3BA-C96F26912EC1</containerWithKeyObject>
<deleteRule>NO ACTION</deleteRule>
<localFKIndex>D87932FA-60B2-DA96-183C-D89A094CC986</localFKIndex>
<keyObject>2790D1D4-1FC0-B3A9-68FA-15A5ABDB00A8</keyObject>
<mandatory>true</mandatory>
<transferable>true</transferable>
<columnDependencyConstraintGenerateInDDL>true</columnDependencyConstraintGenerateInDDL>
</FKIndexAssociation>