<?xml version = '1.0' encoding = 'UTF-8'?>
<FKIndexAssociation class="oracle.dbtools.crest.model.design.relational.FKIndexAssociation" directorySegmentName="seg_0" id="D006D57C-891D-E4BC-DE87-41FF6DEB560E" name="SIEDU_COBER_UDE_ESCU_FK">
<createdBy>Manuel</createdBy>
<createdTime>2016-01-11 04:53:51 UTC</createdTime>
<generatorID>Generado por el Usuario</generatorID>
<ownerDesignName>ERD_POLICIA</ownerDesignName>
<containerWithKeyObject>4CBD3A8F-E4C4-98BA-F9CD-BEE59944EFA0</containerWithKeyObject>
<deleteRule>NO ACTION</deleteRule>
<localFKIndex>2301C34D-734E-758E-47A7-069A63D1AB4C</localFKIndex>
<keyObject>BDB3E2B6-6B9F-D3D4-4BF5-86542846252C</keyObject>
<mandatory>true</mandatory>
<transferable>true</transferable>
<columnDependencyConstraintGenerateInDDL>true</columnDependencyConstraintGenerateInDDL>
</FKIndexAssociation>