<?xml version = '1.0' encoding = 'UTF-8'?>
<FKIndexAssociation class="oracle.dbtools.crest.model.design.relational.FKIndexAssociation" directorySegmentName="seg_0" id="D2413F1C-4CD3-4A35-6291-9F739F61124F" name="SIEDU_FORM_ESCUELAS_FORM_FK">
<createdBy>Manuel</createdBy>
<createdTime>2016-01-11 03:29:49 UTC</createdTime>
<generatorID>Generado por el Usuario</generatorID>
<ownerDesignName>ERD_POLICIA</ownerDesignName>
<containerWithKeyObject>0B9D9759-23CB-1067-F3B9-E72B45EAC175</containerWithKeyObject>
<deleteRule>NO ACTION</deleteRule>
<localFKIndex>57C4DCD7-D3FA-1ED0-95DF-58547E0FD50A</localFKIndex>
<keyObject>3A157A4B-CA40-928C-891D-3FDE1F55FD72</keyObject>
<mandatory>true</mandatory>
<transferable>true</transferable>
<columnDependencyConstraintGenerateInDDL>true</columnDependencyConstraintGenerateInDDL>
</FKIndexAssociation>