<?xml version = '1.0' encoding = 'UTF-8'?>
<FKIndexAssociation class="oracle.dbtools.crest.model.design.relational.FKIndexAssociation" directorySegmentName="seg_0" id="D25C1B42-73F8-039D-D5C5-70FABFF1021F" name="CARGOS_PADRE_CARGOS_FK">
<sourceConnName>POLICIA</sourceConnName>
<sourceObjSchema>USR_REHU</sourceObjSchema>
<sourceObjName>CARGOS_PADRE_CARGOS_FK</sourceObjName>
<createdBy>Manuel</createdBy>
<createdTime>2016-03-08 04:14:44 UTC</createdTime>
<generatorID>Generado por el Usuario</generatorID>
<ownerDesignName>ERD_POLICIA</ownerDesignName>
<importedID>8D6AD64E-BA47-5E02-BC34-BB932C87F1F3</importedID>
<containerWithKeyObject>F455CCA3-6D7F-640B-E179-E2F327DFD1FC</containerWithKeyObject>
<deleteRule>NO ACTION</deleteRule>
<localFKIndex>76E8173B-1B95-C3DB-47C4-CDE19F7FD609</localFKIndex>
<keyObject>9DB00145-B86D-2A62-6249-8402E9FC3367</keyObject>
<mandatory>false</mandatory>
<transferable>true</transferable>
<columnDependencyConstraintGenerateInDDL>true</columnDependencyConstraintGenerateInDDL>
</FKIndexAssociation>