<?xml version = '1.0' encoding = 'UTF-8'?>
<FKIndexAssociation class="oracle.dbtools.crest.model.design.relational.FKIndexAssociation" directorySegmentName="seg_0" id="D3FE0287-0068-F5B7-0A68-68B783A1F755" name="SIEDU_TEM_CAP_ID_TEM">
<sourceConnName>POLICIA</sourceConnName>
<sourceObjSchema>USR_DISIGAC2</sourceObjSchema>
<sourceObjName>SIEDU_TEM_CAP_ID_TEM</sourceObjName>
<createdBy>Manuel</createdBy>
<createdTime>2016-01-07 04:31:47 UTC</createdTime>
<generatorID>Generado por el Usuario</generatorID>
<ownerDesignName>ERD_POLICIA</ownerDesignName>
<containerWithKeyObject>B570207E-25B4-B7DE-9DC0-81640438E077</containerWithKeyObject>
<deleteRule>NO ACTION</deleteRule>
<localFKIndex>12A44025-59A3-EAD1-2C2C-250BA4349C14</localFKIndex>
<keyObject>27626B7F-E549-9103-6761-FCD8961FF9EC</keyObject>
<mandatory>true</mandatory>
<transferable>true</transferable>
<columnDependencyConstraintGenerateInDDL>true</columnDependencyConstraintGenerateInDDL>
</FKIndexAssociation>