<?xml version = '1.0' encoding = 'UTF-8'?>
<FKIndexAssociation class="oracle.dbtools.crest.model.design.relational.FKIndexAssociation" directorySegmentName="seg_0" id="DFA10965-C1A3-1334-0DF1-2AA877189A4B" name="DOMINIOENTI_ENTIDAD_TIPOENTI">
<sourceConnName>POLICIA</sourceConnName>
<sourceObjSchema>USR_DISIGAC2</sourceObjSchema>
<sourceObjName>DOMINIOENTI_ENTIDAD_TIPOENTI</sourceObjName>
<createdBy>Manuel</createdBy>
<createdTime>2016-01-07 04:31:46 UTC</createdTime>
<generatorID>Generado por el Usuario</generatorID>
<ownerDesignName>ERD_POLICIA</ownerDesignName>
<containerWithKeyObject>21328AD3-3B44-8AD1-CAEF-C442FD7D6DDB</containerWithKeyObject>
<deleteRule>NO ACTION</deleteRule>
<localFKIndex>94E361B5-8650-A5E8-AFD3-E7EEABBBE31C</localFKIndex>
<keyObject>2AC38EBC-36AF-56B8-F2D4-3FBC7820063F</keyObject>
<mandatory>true</mandatory>
<transferable>true</transferable>
<columnDependencyConstraintGenerateInDDL>true</columnDependencyConstraintGenerateInDDL>
</FKIndexAssociation>