<?xml version = '1.0' encoding = 'UTF-8'?>
<FKIndexAssociation class="oracle.dbtools.crest.model.design.relational.FKIndexAssociation" directorySegmentName="seg_0" id="E34B36EA-D1E3-7A2A-3E5D-0234BA21EA5F" name="SIEDU_CIERRE_NOVEDAD_PAE_FK">
<createdBy>Manuel</createdBy>
<createdTime>2016-01-28 02:53:52 UTC</createdTime>
<generatorID>Generado por el Usuario</generatorID>
<ownerDesignName>ERD_POLICIA</ownerDesignName>
<containerWithKeyObject>6EC3976B-6963-2D11-1AE2-ED18918DA9CD</containerWithKeyObject>
<deleteRule>NO ACTION</deleteRule>
<localFKIndex>B32754B3-0C32-98C1-2CEF-25F6409A59D3</localFKIndex>
<keyObject>142B4041-DAF5-0DC6-8E4A-77E91386C4FB</keyObject>
<mandatory>true</mandatory>
<transferable>true</transferable>
<columnDependencyConstraintGenerateInDDL>true</columnDependencyConstraintGenerateInDDL>
</FKIndexAssociation>