<?xml version = '1.0' encoding = 'UTF-8'?>
<FKIndexAssociation class="oracle.dbtools.crest.model.design.relational.FKIndexAssociation" directorySegmentName="seg_0" id="EAD27ECF-D7C6-4220-64B9-C796478BA7BC" name="SIEDUENTID_ID_SIEDEVESC_ESTEDU">
<sourceConnName>POLICIA</sourceConnName>
<sourceObjSchema>USR_DISIGAC2</sourceObjSchema>
<sourceObjName>SIEDUENTID_ID_SIEDEVESC_ESTEDU</sourceObjName>
<createdBy>Manuel</createdBy>
<createdTime>2016-01-07 04:31:46 UTC</createdTime>
<generatorID>Generado por el Usuario</generatorID>
<ownerDesignName>ERD_POLICIA</ownerDesignName>
<containerWithKeyObject>150AC99D-D4F2-615D-6FE7-1B8D943D9AF3</containerWithKeyObject>
<deleteRule>NO ACTION</deleteRule>
<localFKIndex>524834DD-CABC-A9B1-955D-CA941847E66B</localFKIndex>
<keyObject>CB6E1819-0261-0D64-B08E-B6668A92153E</keyObject>
<mandatory>false</mandatory>
<transferable>true</transferable>
<columnDependencyConstraintGenerateInDDL>true</columnDependencyConstraintGenerateInDDL>
</FKIndexAssociation>