<?xml version = '1.0' encoding = 'UTF-8'?>
<FKIndexAssociation class="oracle.dbtools.crest.model.design.relational.FKIndexAssociation" directorySegmentName="seg_0" id="F2C9B92C-9B2E-EA18-E0FB-D15E01B6BE76" name="SIEDU_DOCENTE_EVEN_SUBTEMA_FK">
<createdBy>Manuel</createdBy>
<createdTime>2016-03-04 04:09:14 UTC</createdTime>
<generatorID>Generado por el Usuario</generatorID>
<ownerDesignName>ERD_POLICIA</ownerDesignName>
<containerWithKeyObject>81A771D7-0C98-FF22-D16B-D7C51566DF46</containerWithKeyObject>
<deleteRule>NO ACTION</deleteRule>
<localFKIndex>8EAFF616-F0E2-C3A7-CD36-F63C8C109E05</localFKIndex>
<keyObject>947ADF82-4E22-4910-31A6-9154E5267AF4</keyObject>
<mandatory>true</mandatory>
<transferable>true</transferable>
<columnDependencyConstraintGenerateInDDL>true</columnDependencyConstraintGenerateInDDL>
</FKIndexAssociation>