<?xml version = '1.0' encoding = 'UTF-8'?>
<FKIndexAssociation class="oracle.dbtools.crest.model.design.relational.FKIndexAssociation" directorySegmentName="seg_0" id="FAFFBC6E-B726-A86B-54F9-8809A8FC87AC" name="SIEDU_CIERRE_CAPACITA_FK">
<createdBy>Manuel</createdBy>
<createdTime>2016-01-28 02:54:12 UTC</createdTime>
<generatorID>Generado por el Usuario</generatorID>
<ownerDesignName>ERD_POLICIA</ownerDesignName>
<containerWithKeyObject>6EC3976B-6963-2D11-1AE2-ED18918DA9CD</containerWithKeyObject>
<deleteRule>NO ACTION</deleteRule>
<localFKIndex>81F7428A-3116-AB8B-0A2F-C1CA26908D84</localFKIndex>
<keyObject>2C0154D7-3984-5D01-8621-0C51863DE642</keyObject>
<mandatory>true</mandatory>
<transferable>true</transferable>
<columnDependencyConstraintGenerateInDDL>true</columnDependencyConstraintGenerateInDDL>
</FKIndexAssociation>