<?xml version = '1.0' encoding = 'UTF-8'?>
<FKIndexAssociation class="oracle.dbtools.crest.model.design.relational.FKIndexAssociation" directorySegmentName="seg_0" id="FD4CF42D-40AB-3D75-55AE-FBCECBF597BB" name="SIEDU_CONVOC_EVENTO_UDEPE_FK">
<createdBy>Manuel</createdBy>
<createdTime>2016-03-04 04:22:44 UTC</createdTime>
<generatorID>Generado por el Usuario</generatorID>
<ownerDesignName>ERD_POLICIA</ownerDesignName>
<containerWithKeyObject>4E9743B4-001F-0AA5-9691-66A0BDBD1F94</containerWithKeyObject>
<deleteRule>NO ACTION</deleteRule>
<localFKIndex>C04461A0-E4AA-368C-B4A1-EC0D080A9FDB</localFKIndex>
<keyObject>BDB3E2B6-6B9F-D3D4-4BF5-86542846252C</keyObject>
<mandatory>true</mandatory>
<transferable>true</transferable>
<columnDependencyConstraintGenerateInDDL>true</columnDependencyConstraintGenerateInDDL>
</FKIndexAssociation>