<?xml version = '1.0' encoding = 'UTF-8'?>
<FKIndexAssociation class="oracle.dbtools.crest.model.design.relational.FKIndexAssociation" directorySegmentName="seg_0" id="FF05FAC9-D7FF-A705-B3B4-60CBBA63FE59" name="CARR_NIAC_FK">
<sourceConnName>POLICIA</sourceConnName>
<sourceObjSchema>USR_EDUC</sourceObjSchema>
<sourceObjName>CARR_NIAC_FK</sourceObjName>
<createdBy>Manuel</createdBy>
<createdTime>2016-01-11 03:03:31 UTC</createdTime>
<generatorID>Generado por el Usuario</generatorID>
<ownerDesignName>ERD_POLICIA</ownerDesignName>
<importedID>57F8134F-DD82-06BB-2F4B-9BD6EBEB4E84</importedID>
<containerWithKeyObject>4968681B-0E1F-3FE3-0BE3-DDA0C2FC49D9</containerWithKeyObject>
<deleteRule>NO ACTION</deleteRule>
<localFKIndex>71CE8682-1FB6-BBBF-C78D-8B6FDEC5BD92</localFKIndex>
<keyObject>E5143A5E-1679-7D70-5C46-0821B1B8D020</keyObject>
<mandatory>true</mandatory>
<transferable>true</transferable>
<columnDependencyConstraintGenerateInDDL>true</columnDependencyConstraintGenerateInDDL>
</FKIndexAssociation>