<?xml version = '1.0' encoding = 'UTF-8'?>
<relationalModel class="oracle.dbtools.crest.model.design.relational.RelationalDesign" name="POLICIA" id="2B60A1E1-BB72-A149-02DE-D14A285D0F16" mainViewID="CE6A9A4D-9F07-D39A-184D-283291E382E0">
<createdBy>Manuel</createdBy>
<createdTime>2016-01-07 04:30:50 UTC</createdTime>
<generatorID>Generado por el Usuario</generatorID>
<ownerDesignName>ERD_POLICIA</ownerDesignName>
<shouldBeOpen>true</shouldBeOpen>
<selectedRDBMSSite>3FD120B5-9F4E-6278-D5E2-746D192C8319</selectedRDBMSSite>
<redirectConnectionStamp class="oracle.dbtools.crest.imports.DBConnectionStamp">
<connName>POLILOCALDESA</connName>
<connUrl>jdbc:oracle:thin:@localhost:1521:local</connUrl>
<connUser>polilocaldesa</connUser>
<connType>1</connType>
<syncSelected>-1</syncSelected>
</redirectConnectionStamp>
<importConnectionStamps>
<importConnectionStamp class="oracle.dbtools.crest.imports.DBConnectionStamp">
<connName>POLICIA</connName>
<connUrl>jdbc:oracle:thin:@scan-racdb.policia.gov.co:1538/TELEPOL_WLGENERAL</connUrl>
<connUser>USR_DISIGAC2</connUser>
<connType>1</connType>
</importConnectionStamp>
<importConnectionStamp class="oracle.dbtools.crest.imports.DBConnectionStamp">
<connName>Policia</connName>
<connUrl>jdbc:oracle:thin:@scan-racdb.policia.gov.co:1538/TELEPOL_WLGENERAL</connUrl>
<connUser>USR_DISIGAC2</connUser>
<connType>1</connType>
</importConnectionStamp>
<importConnectionStamp class="oracle.dbtools.crest.imports.DBConnectionStamp">
<connName>POLILOCALDESA</connName>
<connUrl>jdbc:oracle:thin:@localhost:1521:local</connUrl>
<connUser>polilocaldesa</connUser>
<connType>1</connType>
<syncSelected>1</syncSelected>
</importConnectionStamp>
</importConnectionStamps>
<importDDLFileStamps>
<importDDLFileStamp class="oracle.dbtools.crest.imports.DDLFileStamp">
<fileName>siedu_foema_Escuela_cohorte.sql</fileName>
<pathName>C:\TEMP</pathName>
<dbType>9</dbType>
</importDDLFileStamp>
<importDDLFileStamp class="oracle.dbtools.crest.imports.DDLFileStamp">
<fileName>SIEDU_ACTA_EVENTO.sql</fileName>
<pathName>D:\Repositorio\SIGAC\sigac\DinaWebMaven\db\scripts</pathName>
<dbType>11</dbType>
</importDDLFileStamp>
<importDDLFileStamp class="oracle.dbtools.crest.imports.DDLFileStamp">
<fileName>SIEDU_CERTIFICADO_EVENTO.sql</fileName>
<pathName>D:\Repositorio\SIGAC\sigac\DinaWebMaven\db\scripts</pathName>
<dbType>11</dbType>
</importDDLFileStamp>
</importDDLFileStamps>
</relationalModel>