<?xml version = '1.0' encoding = 'UTF-8'?>
<TableProxyOraclev11g class="oracle.dbtools.crest.model.design.storage.oracle.v11g.TableProxyOraclev11g" name="SIEDU_TEMA_EVENTO" directorySegmentName="seg_0" id="0DBB9C77-6EED-1EF2-7AB2-686300D29F8B">
<createdBy>Manuel</createdBy>
<createdTime>2016-01-24 16:31:35 UTC</createdTime>
<generatorID>Generado por el Usuario</generatorID>
<ownerDesignName>ERD_POLICIA</ownerDesignName>
<schemaObject>ED8B0381-61E9-98DB-D254-F5EC1AB94C4F</schemaObject>
<logging>YES</logging>
<partitionedRowMovement>DISABLE</partitionedRowMovement>
<temporaryChanged>false</temporaryChanged>
<indexProxies>
<IndexProxy class="oracle.dbtools.crest.model.design.storage.oracle.v10g.IndexProxyOraclev10g" name="SIEDU_TEMA_EVEN_UK" id="47BE0D9F-7723-CF5C-1B8A-92D928EA8F21">
<createdBy>Manuel</createdBy>
<createdTime>2016-01-24 16:31:35 UTC</createdTime>
<generatorID>Generado por el Usuario</generatorID>
<ownerDesignName>ERD_POLICIA</ownerDesignName>
<schemaObject>ED8B0381-61E9-98DB-D254-F5EC1AB94C4F</schemaObject>
</IndexProxy>
<IndexProxy class="oracle.dbtools.crest.model.design.storage.oracle.v10g.IndexProxyOraclev10g" name="SIEDU_TEMA_EVENTO_PK" id="D714D218-77AD-AF5E-146F-8483BA927661">
<createdBy>Manuel</createdBy>
<createdTime>2016-01-24 16:31:35 UTC</createdTime>
<generatorID>Generado por el Usuario</generatorID>
<ownerDesignName>ERD_POLICIA</ownerDesignName>
<schemaObject>ED8B0381-61E9-98DB-D254-F5EC1AB94C4F</schemaObject>
</IndexProxy>
</indexProxies>
<columnProxies itemClass="oracle.dbtools.crest.model.design.storage.oracle.v12c.ColumnProxyOraclev12c">
<ColumnProxy name="ID_TEMA_EVENTO" id="3C2B1A87-CF6F-1774-8DE3-BD2D8AF42465">
<createdBy>Manuel</createdBy>
<createdTime>2016-01-24 16:31:35 UTC</createdTime>
<generatorID>Generado por el Usuario</generatorID>
<ownerDesignName>ERD_POLICIA</ownerDesignName>
</ColumnProxy>
<ColumnProxy name="FECHA_CREACION" id="48C79893-0091-74FE-5C6C-173FD64B17C6">
<createdBy>Manuel</createdBy>
<createdTime>2016-01-24 16:31:35 UTC</createdTime>
<generatorID>Generado por el Usuario</generatorID>
<ownerDesignName>ERD_POLICIA</ownerDesignName>
</ColumnProxy>
<ColumnProxy name="SIEDU_DETAL_EVEN_ID_DETAL" id="4AD674D8-C56E-A0D3-86DC-F1448099DC72">
<createdBy>Manuel</createdBy>
<createdTime>2016-01-24 16:31:35 UTC</createdTime>
<generatorID>Generado por el Usuario</generatorID>
<ownerDesignName>ERD_POLICIA</ownerDesignName>
</ColumnProxy>
<ColumnProxy name="USUARIO_CREACION" id="5974BE77-D6C5-93D4-36D8-789D4FE07C1C">
<createdBy>Manuel</createdBy>
<createdTime>2016-01-24 16:31:35 UTC</createdTime>
<generatorID>Generado por el Usuario</generatorID>
<ownerDesignName>ERD_POLICIA</ownerDesignName>
</ColumnProxy>
<ColumnProxy name="TEMA" id="88FB3E3A-2E08-B631-713A-578C2B90C248">
<createdBy>Manuel</createdBy>
<createdTime>2016-01-24 16:31:35 UTC</createdTime>
<generatorID>Generado por el Usuario</generatorID>
<ownerDesignName>ERD_POLICIA</ownerDesignName>
</ColumnProxy>
<ColumnProxy name="MAQUINA_CREACION" id="E26792C8-F84D-0F2B-349A-70FDF79BDFC6">
<createdBy>Manuel</createdBy>
<createdTime>2016-01-24 16:31:35 UTC</createdTime>
<generatorID>Generado por el Usuario</generatorID>
<ownerDesignName>ERD_POLICIA</ownerDesignName>
</ColumnProxy>
<ColumnProxy name="HORAS_TEMA" id="F7E0E4E0-C2CE-3098-A875-D64F6869675E">
<createdBy>Manuel</createdBy>
<createdTime>2016-01-24 16:31:35 UTC</createdTime>
<generatorID>Generado por el Usuario</generatorID>
<ownerDesignName>ERD_POLICIA</ownerDesignName>
</ColumnProxy>
</columnProxies>
<primaryKeys>
<PrimaryKey class="oracle.dbtools.crest.model.design.storage.oracle.v10g.PKProxyOraclev10g" name="SIEDU_TEMA_EVENTO_PK" id="27626B7F-E549-9103-6761-FCD8961FF9EC">
<createdBy>Manuel</createdBy>
<createdTime>2016-01-24 16:31:35 UTC</createdTime>
<generatorID>Generado por el Usuario</generatorID>
<ownerDesignName>ERD_POLICIA</ownerDesignName>
<indexSort>SORTED</indexSort>
</PrimaryKey>
</primaryKeys>
<uniqueKeys>
<UniqueKey class="oracle.dbtools.crest.model.design.storage.oracle.v10g.UniqueOraclev10g" name="SIEDU_TEMA_EVEN_UK" id="300E8569-34C5-AF02-743A-008A60E8BC11">
<createdBy>Manuel</createdBy>
<createdTime>2016-01-24 16:31:35 UTC</createdTime>
<generatorID>Generado por el Usuario</generatorID>
<ownerDesignName>ERD_POLICIA</ownerDesignName>
<indexSort>SORTED</indexSort>
</UniqueKey>
</uniqueKeys>
</TableProxyOraclev11g>