<?xml version = '1.0' encoding = 'UTF-8'?>
<TableProxyOraclev11g class="oracle.dbtools.crest.model.design.storage.oracle.v11g.TableProxyOraclev11g" name="SIEDU_EVENTO_ESCUELA" directorySegmentName="seg_0" id="150AC99D-D4F2-615D-6FE7-1B8D943D9AF3">
<createdBy>Manuel</createdBy>
<createdTime>2016-01-24 16:31:35 UTC</createdTime>
<generatorID>Generado por el Usuario</generatorID>
<ownerDesignName>ERD_POLICIA</ownerDesignName>
<schemaObject>ED8B0381-61E9-98DB-D254-F5EC1AB94C4F</schemaObject>
<logging>YES</logging>
<partitionedRowMovement>DISABLE</partitionedRowMovement>
<temporaryChanged>false</temporaryChanged>
<indexProxies>
<IndexProxy class="oracle.dbtools.crest.model.design.storage.oracle.v10g.IndexProxyOraclev10g" name="SIEDU_EVENTO_ESCUELA_FK" id="A981A790-B3E7-2314-FB09-31BE4A431E5A">
<createdBy>Manuel</createdBy>
<createdTime>2016-01-24 16:31:35 UTC</createdTime>
<generatorID>Generado por el Usuario</generatorID>
<ownerDesignName>ERD_POLICIA</ownerDesignName>
<schemaObject>ED8B0381-61E9-98DB-D254-F5EC1AB94C4F</schemaObject>
</IndexProxy>
<IndexProxy class="oracle.dbtools.crest.model.design.storage.oracle.v10g.IndexProxyOraclev10g" name="SIEDU_EVENTO_ESCUELA_UK" id="DDD88705-149E-B1D9-9A08-80048B930A76">
<createdBy>Manuel</createdBy>
<createdTime>2016-01-24 16:31:35 UTC</createdTime>
<generatorID>Generado por el Usuario</generatorID>
<ownerDesignName>ERD_POLICIA</ownerDesignName>
<schemaObject>ED8B0381-61E9-98DB-D254-F5EC1AB94C4F</schemaObject>
</IndexProxy>
</indexProxies>
<columnProxies itemClass="oracle.dbtools.crest.model.design.storage.oracle.v12c.ColumnProxyOraclev12c">
<ColumnProxy name="ID_EVENTO_ESCUELA" id="15D0AB76-8BF3-CC65-B37C-5206D4ED777A">
<createdBy>Manuel</createdBy>
<createdTime>2016-01-24 16:31:35 UTC</createdTime>
<generatorID>Generado por el Usuario</generatorID>
<ownerDesignName>ERD_POLICIA</ownerDesignName>
</ColumnProxy>
<ColumnProxy name="SIEDU_EVENESCU_DETAEVEN" id="245AABFA-1EB9-8D7D-604A-E597A629E57E">
<createdBy>Manuel</createdBy>
<createdTime>2016-01-24 16:31:35 UTC</createdTime>
<generatorID>Generado por el Usuario</generatorID>
<ownerDesignName>ERD_POLICIA</ownerDesignName>
</ColumnProxy>
<ColumnProxy name="PAE_NRO_EVENTO" id="3886D178-73C5-E2E8-0F96-8C0C0E41D865">
<createdBy>Manuel</createdBy>
<createdTime>2016-01-24 16:31:35 UTC</createdTime>
<generatorID>Generado por el Usuario</generatorID>
<ownerDesignName>ERD_POLICIA</ownerDesignName>
</ColumnProxy>
<ColumnProxy name="PRESUPUESTO_ID_PRESU" id="3D414205-E404-4833-1965-FA9C781B6AAE">
<createdBy>Manuel</createdBy>
<createdTime>2016-01-24 16:31:35 UTC</createdTime>
<generatorID>Generado por el Usuario</generatorID>
<ownerDesignName>ERD_POLICIA</ownerDesignName>
</ColumnProxy>
<ColumnProxy name="TOTAL_APROBADOS" id="4AEA4CAB-8827-5C48-CE11-C1B9486DC7AE">
<createdBy>Manuel</createdBy>
<createdTime>2016-01-24 16:31:35 UTC</createdTime>
<generatorID>Generado por el Usuario</generatorID>
<ownerDesignName>ERD_POLICIA</ownerDesignName>
</ColumnProxy>
<ColumnProxy name="FECHA_FIN" id="4CF3C0DF-7152-F6C2-4DF5-347C7943E944">
<createdBy>Manuel</createdBy>
<createdTime>2016-01-24 16:31:35 UTC</createdTime>
<generatorID>Generado por el Usuario</generatorID>
<ownerDesignName>ERD_POLICIA</ownerDesignName>
</ColumnProxy>
<ColumnProxy name="ESTABLE_EDUCA_ID_ESTAB" id="5CB95C73-F07C-64B0-78EB-081DDDE3B00F">
<createdBy>Manuel</createdBy>
<createdTime>2016-01-24 16:31:35 UTC</createdTime>
<generatorID>Generado por el Usuario</generatorID>
<ownerDesignName>ERD_POLICIA</ownerDesignName>
</ColumnProxy>
<ColumnProxy name="FECHA_INICIO" id="5F7F2348-F18F-7ECC-D051-6AEDA12F4989">
<createdBy>Manuel</createdBy>
<createdTime>2016-01-24 16:31:35 UTC</createdTime>
<generatorID>Generado por el Usuario</generatorID>
<ownerDesignName>ERD_POLICIA</ownerDesignName>
</ColumnProxy>
<ColumnProxy name="PAE_ID_PAE" id="62D28DD0-B558-70D1-C363-1920F4AF1F23">
<createdBy>Manuel</createdBy>
<createdTime>2016-01-24 16:31:35 UTC</createdTime>
<generatorID>Generado por el Usuario</generatorID>
<ownerDesignName>ERD_POLICIA</ownerDesignName>
</ColumnProxy>
<ColumnProxy name="COSTO_CAPACITACION" id="664BD96B-7DAC-144F-C20A-BE8282DF9E39">
<createdBy>Manuel</createdBy>
<createdTime>2016-01-24 16:31:35 UTC</createdTime>
<generatorID>Generado por el Usuario</generatorID>
<ownerDesignName>ERD_POLICIA</ownerDesignName>
</ColumnProxy>
<ColumnProxy name="TOTAL_DESERTADO" id="761BC715-B79E-5E99-FA74-34C0334359B0">
<createdBy>Manuel</createdBy>
<createdTime>2016-01-24 16:31:35 UTC</createdTime>
<generatorID>Generado por el Usuario</generatorID>
<ownerDesignName>ERD_POLICIA</ownerDesignName>
</ColumnProxy>
<ColumnProxy name="CERRADO" id="8FB3FE9C-FD35-BE9E-9EF5-E3D006FBBF19">
<createdBy>Manuel</createdBy>
<createdTime>2016-01-24 16:31:35 UTC</createdTime>
<generatorID>Generado por el Usuario</generatorID>
<ownerDesignName>ERD_POLICIA</ownerDesignName>
</ColumnProxy>
<ColumnProxy name="PAE_TRIM_NRO_EVENTO" id="94CA888D-CB7A-0497-6500-09C656F91B97">
<createdBy>Manuel</createdBy>
<createdTime>2016-01-24 16:31:35 UTC</createdTime>
<generatorID>Generado por el Usuario</generatorID>
<ownerDesignName>ERD_POLICIA</ownerDesignName>
</ColumnProxy>
<ColumnProxy name="TOTAL_NO_APROBA" id="97FAAE0B-572C-7002-CEF2-9F54F2F4FDB2">
<createdBy>Manuel</createdBy>
<createdTime>2016-01-24 16:31:35 UTC</createdTime>
<generatorID>Generado por el Usuario</generatorID>
<ownerDesignName>ERD_POLICIA</ownerDesignName>
</ColumnProxy>
<ColumnProxy name="TOTAL_PRESENTADOS" id="9FC0015B-62ED-D60D-C875-1743AF7AE73E">
<createdBy>Manuel</createdBy>
<createdTime>2016-01-24 16:31:35 UTC</createdTime>
<generatorID>Generado por el Usuario</generatorID>
<ownerDesignName>ERD_POLICIA</ownerDesignName>
</ColumnProxy>
<ColumnProxy name="LUG_GEOG_ID_LUG_CAPA" id="BD0DCC81-31D0-9A51-B916-F0A6C9649C4A">
<createdBy>Manuel</createdBy>
<createdTime>2016-01-24 16:31:35 UTC</createdTime>
<generatorID>Generado por el Usuario</generatorID>
<ownerDesignName>ERD_POLICIA</ownerDesignName>
</ColumnProxy>
<ColumnProxy name="MAQUINA_CREACION" id="C22ACEBD-DB99-C3A0-C3D3-54718634089A">
<createdBy>Manuel</createdBy>
<createdTime>2016-01-24 16:31:35 UTC</createdTime>
<generatorID>Generado por el Usuario</generatorID>
<ownerDesignName>ERD_POLICIA</ownerDesignName>
</ColumnProxy>
<ColumnProxy name="CANTIDAD_DIAS" id="C7657FBD-BC72-E286-A43C-DEC29F9AA4CB">
<createdBy>Manuel</createdBy>
<createdTime>2016-01-24 16:31:35 UTC</createdTime>
<generatorID>Generado por el Usuario</generatorID>
<ownerDesignName>ERD_POLICIA</ownerDesignName>
</ColumnProxy>
<ColumnProxy name="UNID_DEPE_ID_REGISTRO" id="CFAF3EB6-789C-A87D-2805-E3BDD7A0C734">
<createdBy>Manuel</createdBy>
<createdTime>2016-01-24 16:31:35 UTC</createdTime>
<generatorID>Generado por el Usuario</generatorID>
<ownerDesignName>ERD_POLICIA</ownerDesignName>
</ColumnProxy>
<ColumnProxy name="USUARIO_CREACION" id="D0551E01-E003-7CEB-673A-368E3FB2AA6A">
<createdBy>Manuel</createdBy>
<createdTime>2016-01-24 16:31:35 UTC</createdTime>
<generatorID>Generado por el Usuario</generatorID>
<ownerDesignName>ERD_POLICIA</ownerDesignName>
</ColumnProxy>
<ColumnProxy name="TOTAL_CONVOCADOS" id="D4979CC6-F5E6-C6C4-29F6-84AA4E510A8F">
<createdBy>Manuel</createdBy>
<createdTime>2016-01-24 16:31:35 UTC</createdTime>
<generatorID>Generado por el Usuario</generatorID>
<ownerDesignName>ERD_POLICIA</ownerDesignName>
</ColumnProxy>
<ColumnProxy name="UNID_DEPE_ID_DESARRO" id="D654E5C0-CD24-48F8-7F81-CC33E2ADEE03">
<createdBy>Manuel</createdBy>
<createdTime>2016-01-24 16:31:35 UTC</createdTime>
<generatorID>Generado por el Usuario</generatorID>
<ownerDesignName>ERD_POLICIA</ownerDesignName>
</ColumnProxy>
<ColumnProxy name="DOMINIO_FINANCIA" id="EA9A8DF8-B685-5CC4-AED3-387AC78401F4">
<createdBy>Manuel</createdBy>
<createdTime>2016-01-24 16:31:35 UTC</createdTime>
<generatorID>Generado por el Usuario</generatorID>
<ownerDesignName>ERD_POLICIA</ownerDesignName>
</ColumnProxy>
<ColumnProxy name="DOMINIO_CONVENIO" id="F6298DBF-88CB-D2FA-8EF4-628E0F395A5C">
<createdBy>Manuel</createdBy>
<createdTime>2016-01-24 16:31:35 UTC</createdTime>
<generatorID>Generado por el Usuario</generatorID>
<ownerDesignName>ERD_POLICIA</ownerDesignName>
</ColumnProxy>
<ColumnProxy name="FECHA_CREACION" id="FD30F935-5B6F-BDCD-6E32-718B444DA8A9">
<createdBy>Manuel</createdBy>
<createdTime>2016-01-24 16:31:35 UTC</createdTime>
<generatorID>Generado por el Usuario</generatorID>
<ownerDesignName>ERD_POLICIA</ownerDesignName>
</ColumnProxy>
</columnProxies>
<foreignKeys>
<ForeignKey class="oracle.dbtools.crest.model.design.storage.oracle.v10g.FKProxyOraclev10g" name="SIEDUENTID_ID_SIEDEVESC_ESTEDU" id="524834DD-CABC-A9B1-955D-CA941847E66B">
<createdBy>Manuel</createdBy>
<createdTime>2016-01-24 16:31:35 UTC</createdTime>
<generatorID>Generado por el Usuario</generatorID>
<ownerDesignName>ERD_POLICIA</ownerDesignName>
</ForeignKey>
<ForeignKey class="oracle.dbtools.crest.model.design.storage.oracle.v10g.FKProxyOraclev10g" name="SIEDU_EVEN_ESCU_CONVE" id="5D49CFEB-7C65-1DD6-1D58-50D7A5047B44">
<createdBy>Manuel</createdBy>
<createdTime>2016-01-24 16:31:35 UTC</createdTime>
<generatorID>Generado por el Usuario</generatorID>
<ownerDesignName>ERD_POLICIA</ownerDesignName>
</ForeignKey>
<ForeignKey class="oracle.dbtools.crest.model.design.storage.oracle.v10g.FKProxyOraclev10g" name="SIEDU_EVEN_ESCU_FINANC" id="62939DDE-9D6A-6C2A-BB7B-E3F8F31D4517">
<createdBy>Manuel</createdBy>
<createdTime>2016-01-24 16:31:35 UTC</createdTime>
<generatorID>Generado por el Usuario</generatorID>
<ownerDesignName>ERD_POLICIA</ownerDesignName>
</ForeignKey>
<ForeignKey class="oracle.dbtools.crest.model.design.storage.oracle.v10g.FKProxyOraclev10g" name="SIEDU_EVEN_ESCU_PRESU" id="67176B1E-75BD-D2D3-E1A1-C55BFAFD848E">
<createdBy>Manuel</createdBy>
<createdTime>2016-01-24 16:31:35 UTC</createdTime>
<generatorID>Generado por el Usuario</generatorID>
<ownerDesignName>ERD_POLICIA</ownerDesignName>
</ForeignKey>
<ForeignKey class="oracle.dbtools.crest.model.design.storage.oracle.v10g.FKProxyOraclev10g" name="SIEDU_EVEN_ESCU_PAE" id="8047E7E0-F474-512B-A31B-9AAAEA20EC9F">
<createdBy>Manuel</createdBy>
<createdTime>2016-01-24 16:31:35 UTC</createdTime>
<generatorID>Generado por el Usuario</generatorID>
<ownerDesignName>ERD_POLICIA</ownerDesignName>
</ForeignKey>
<ForeignKey class="oracle.dbtools.crest.model.design.storage.oracle.v10g.FKProxyOraclev10g" name="SIEDU_EVEN_ESCU_DETEVEN" id="C209B9E0-1738-18D6-1781-1BCB0CD98A63">
<createdBy>Manuel</createdBy>
<createdTime>2016-01-24 16:31:35 UTC</createdTime>
<generatorID>Generado por el Usuario</generatorID>
<ownerDesignName>ERD_POLICIA</ownerDesignName>
</ForeignKey>
</foreignKeys>
<primaryKeys>
<PrimaryKey class="oracle.dbtools.crest.model.design.storage.oracle.v10g.PKProxyOraclev10g" name="SIEDU_EVENTO_ESCUELA_PK" id="245942C0-4A26-B180-C487-6465A8C9841A">
<createdBy>Manuel</createdBy>
<createdTime>2016-01-24 16:31:35 UTC</createdTime>
<generatorID>Generado por el Usuario</generatorID>
<ownerDesignName>ERD_POLICIA</ownerDesignName>
<indexSort>SORTED</indexSort>
</PrimaryKey>
</primaryKeys>
<uniqueKeys>
<UniqueKey class="oracle.dbtools.crest.model.design.storage.oracle.v10g.UniqueOraclev10g" name="SIEDU_EVENTO_ESCUELA_UK" id="8690C5DF-E2A1-497F-51DC-6549E3E5105E">
<createdBy>Manuel</createdBy>
<createdTime>2016-01-24 16:31:35 UTC</createdTime>
<generatorID>Generado por el Usuario</generatorID>
<ownerDesignName>ERD_POLICIA</ownerDesignName>
<indexSort>SORTED</indexSort>
</UniqueKey>
</uniqueKeys>
</TableProxyOraclev11g>