<?xml version = '1.0' encoding = 'UTF-8'?>
<TableProxyOraclev11g class="oracle.dbtools.crest.model.design.storage.oracle.v11g.TableProxyOraclev11g" name="SIEDU_PRESUPUESTOv2" directorySegmentName="seg_0" id="8204DC4B-F8EB-B8DF-DE22-D375E8FFCC2B">
<createdBy>Manuel</createdBy>
<createdTime>2016-01-24 16:31:35 UTC</createdTime>
<generatorID>Generado por el Usuario</generatorID>
<ownerDesignName>ERD_POLICIA</ownerDesignName>
<schemaObject>ED8B0381-61E9-98DB-D254-F5EC1AB94C4F</schemaObject>
<logging>YES</logging>
<partitionedRowMovement>DISABLE</partitionedRowMovement>
<temporaryChanged>false</temporaryChanged>
<indexProxies>
<IndexProxy class="oracle.dbtools.crest.model.design.storage.oracle.v10g.IndexProxyOraclev10g" name="SIEDU_PRESUPUESTO_PK" id="30A43E80-4319-4934-5EC0-2F835DB42A03">
<createdBy>Manuel</createdBy>
<createdTime>2016-01-24 16:31:35 UTC</createdTime>
<generatorID>Generado por el Usuario</generatorID>
<ownerDesignName>ERD_POLICIA</ownerDesignName>
<schemaObject>ED8B0381-61E9-98DB-D254-F5EC1AB94C4F</schemaObject>
</IndexProxy>
<IndexProxy class="oracle.dbtools.crest.model.design.storage.oracle.v10g.IndexProxyOraclev10g" name="SIEDU_PRESUPUESTO_UK" id="317CA7A7-7D56-040C-114D-6AB246684F4D">
<createdBy>Manuel</createdBy>
<createdTime>2016-01-24 16:31:35 UTC</createdTime>
<generatorID>Generado por el Usuario</generatorID>
<ownerDesignName>ERD_POLICIA</ownerDesignName>
<schemaObject>ED8B0381-61E9-98DB-D254-F5EC1AB94C4F</schemaObject>
</IndexProxy>
</indexProxies>
<columnProxies itemClass="oracle.dbtools.crest.model.design.storage.oracle.v12c.ColumnProxyOraclev12c">
<ColumnProxy name="ORIGEN" id="00A818B7-B1D2-4ED4-1625-4BA8F5E8E1FA">
<createdBy>Manuel</createdBy>
<createdTime>2016-01-24 16:31:35 UTC</createdTime>
<generatorID>Generado por el Usuario</generatorID>
<ownerDesignName>ERD_POLICIA</ownerDesignName>
</ColumnProxy>
<ColumnProxy name="NRO_CONTRATO" id="10E28379-3F3E-DEBB-F320-EEF6A4093813">
<createdBy>Manuel</createdBy>
<createdTime>2016-01-24 16:31:35 UTC</createdTime>
<generatorID>Generado por el Usuario</generatorID>
<ownerDesignName>ERD_POLICIA</ownerDesignName>
</ColumnProxy>
<ColumnProxy name="ID_PRESUPUESTO" id="1BB691EA-F4B7-184F-34CE-D0B30C3EA69E">
<createdBy>Manuel</createdBy>
<createdTime>2016-01-24 16:31:35 UTC</createdTime>
<generatorID>Generado por el Usuario</generatorID>
<ownerDesignName>ERD_POLICIA</ownerDesignName>
</ColumnProxy>
<ColumnProxy name="FECHA_CONTRATO" id="25EBFC81-EC8B-5D8F-82D0-EC4F03E4AA59">
<createdBy>Manuel</createdBy>
<createdTime>2016-01-24 16:31:35 UTC</createdTime>
<generatorID>Generado por el Usuario</generatorID>
<ownerDesignName>ERD_POLICIA</ownerDesignName>
</ColumnProxy>
<ColumnProxy name="PAE_ID_PAE" id="7B8DF935-F9A5-491C-C8F6-0BF46547F4DD">
<createdBy>Manuel</createdBy>
<createdTime>2016-01-24 16:31:35 UTC</createdTime>
<generatorID>Generado por el Usuario</generatorID>
<ownerDesignName>ERD_POLICIA</ownerDesignName>
</ColumnProxy>
<ColumnProxy name="VALOR_CONTRATO" id="A17BBDA4-17BF-F461-8A00-8F1FE38129D2">
<createdBy>Manuel</createdBy>
<createdTime>2016-01-24 16:31:35 UTC</createdTime>
<generatorID>Generado por el Usuario</generatorID>
<ownerDesignName>ERD_POLICIA</ownerDesignName>
</ColumnProxy>
</columnProxies>
<foreignKeys>
<ForeignKey class="oracle.dbtools.crest.model.design.storage.oracle.v10g.FKProxyOraclev10g" name="SIEDU_PRESUPU_PAE_FK" id="7BE8E19B-13A4-66E0-F3FA-5C48981195D3">
<createdBy>Manuel</createdBy>
<createdTime>2016-01-24 16:31:35 UTC</createdTime>
<generatorID>Generado por el Usuario</generatorID>
<ownerDesignName>ERD_POLICIA</ownerDesignName>
</ForeignKey>
</foreignKeys>
<primaryKeys>
<PrimaryKey class="oracle.dbtools.crest.model.design.storage.oracle.v10g.PKProxyOraclev10g" name="SIEDU_PRESUPUESTO_PK" id="1D43C701-D827-0C16-D5B8-97B5199B7D37">
<createdBy>Manuel</createdBy>
<createdTime>2016-01-24 16:31:35 UTC</createdTime>
<generatorID>Generado por el Usuario</generatorID>
<ownerDesignName>ERD_POLICIA</ownerDesignName>
<indexSort>SORTED</indexSort>
</PrimaryKey>
</primaryKeys>
<uniqueKeys>
<UniqueKey class="oracle.dbtools.crest.model.design.storage.oracle.v10g.UniqueOraclev10g" name="SIEDU_PRESUPUESTO_UK" id="0DAE8982-2922-F020-1A47-DA8D73C37A79">
<createdBy>Manuel</createdBy>
<createdTime>2016-01-24 16:31:35 UTC</createdTime>
<generatorID>Generado por el Usuario</generatorID>
<ownerDesignName>ERD_POLICIA</ownerDesignName>
<indexSort>SORTED</indexSort>
</UniqueKey>
</uniqueKeys>
</TableProxyOraclev11g>