<?xml version = '1.0' encoding = 'UTF-8'?>
<TableProxyOraclev11g class="oracle.dbtools.crest.model.design.storage.oracle.v11g.TableProxyOraclev11g" name="PROGRAMAS" directorySegmentName="seg_0" id="8FF895D3-EFD9-AFE7-2730-802EA0ED9464">
<createdBy>Manuel</createdBy>
<createdTime>2016-01-24 16:31:35 UTC</createdTime>
<generatorID>Generado por el Usuario</generatorID>
<ownerDesignName>ERD_POLICIA</ownerDesignName>
<schemaObject>07BEDC8C-B2C6-5B3A-9A42-997570BDB1E9</schemaObject>
<logging>YES</logging>
<partitionedRowMovement>DISABLE</partitionedRowMovement>
<temporaryChanged>false</temporaryChanged>
<indexProxies>
<IndexProxy class="oracle.dbtools.crest.model.design.storage.oracle.v10g.IndexProxyOraclev10g" name="PRGR_PK" id="87C4668C-4426-E86A-BA2F-27C190A27B41">
<createdBy>Manuel</createdBy>
<createdTime>2016-01-24 16:31:35 UTC</createdTime>
<generatorID>Generado por el Usuario</generatorID>
<ownerDesignName>ERD_POLICIA</ownerDesignName>
<schemaObject>07BEDC8C-B2C6-5B3A-9A42-997570BDB1E9</schemaObject>
</IndexProxy>
<IndexProxy class="oracle.dbtools.crest.model.design.storage.oracle.v10g.IndexProxyOraclev10g" name="PRGR_UK" id="FEEAB591-2002-9509-E97F-2F50EE3DBA4D">
<createdBy>Manuel</createdBy>
<createdTime>2016-01-24 16:31:35 UTC</createdTime>
<generatorID>Generado por el Usuario</generatorID>
<ownerDesignName>ERD_POLICIA</ownerDesignName>
<schemaObject>07BEDC8C-B2C6-5B3A-9A42-997570BDB1E9</schemaObject>
</IndexProxy>
</indexProxies>
<columnProxies itemClass="oracle.dbtools.crest.model.design.storage.oracle.v12c.ColumnProxyOraclev12c">
<ColumnProxy name="FECHA_CREACION" id="0EDD767D-129C-3661-6695-7DC957A3638E">
<createdBy>Manuel</createdBy>
<createdTime>2016-01-24 16:31:35 UTC</createdTime>
<generatorID>Generado por el Usuario</generatorID>
<ownerDesignName>ERD_POLICIA</ownerDesignName>
</ColumnProxy>
<ColumnProxy name="CREADO_POR" id="1B006806-10E3-A3AB-D50D-C6B8CC05A06C">
<createdBy>Manuel</createdBy>
<createdTime>2016-01-24 16:31:35 UTC</createdTime>
<generatorID>Generado por el Usuario</generatorID>
<ownerDesignName>ERD_POLICIA</ownerDesignName>
</ColumnProxy>
<ColumnProxy name="FUERZA" id="517E5A9C-B791-6750-26CC-CA1D4EB37453">
<createdBy>Manuel</createdBy>
<createdTime>2016-01-24 16:31:35 UTC</createdTime>
<generatorID>Generado por el Usuario</generatorID>
<ownerDesignName>ERD_POLICIA</ownerDesignName>
<defaultValue>6</defaultValue>
</ColumnProxy>
<ColumnProxy name="ABIERTO" id="60017076-360A-1A48-AC61-DC8642CACCEA">
<createdBy>Manuel</createdBy>
<createdTime>2016-01-24 16:31:35 UTC</createdTime>
<generatorID>Generado por el Usuario</generatorID>
<ownerDesignName>ERD_POLICIA</ownerDesignName>
<defaultValue>&apos;NO&apos;</defaultValue>
</ColumnProxy>
<ColumnProxy name="DESCRIPCION" id="88213E6A-EB2F-84DD-AF58-C81BF5BE8C6E">
<createdBy>Manuel</createdBy>
<createdTime>2016-01-24 16:31:35 UTC</createdTime>
<generatorID>Generado por el Usuario</generatorID>
<ownerDesignName>ERD_POLICIA</ownerDesignName>
</ColumnProxy>
<ColumnProxy name="MAQUINA_CREACION" id="AA913145-9B23-63CD-9B61-8E8AA3C4CFEF">
<createdBy>Manuel</createdBy>
<createdTime>2016-01-24 16:31:35 UTC</createdTime>
<generatorID>Generado por el Usuario</generatorID>
<ownerDesignName>ERD_POLICIA</ownerDesignName>
</ColumnProxy>
<ColumnProxy name="REGI_CALIFICADO" id="BD003F7E-2137-9776-94F6-C73D5908B0B7">
<createdBy>Manuel</createdBy>
<createdTime>2016-01-24 16:31:35 UTC</createdTime>
<generatorID>Generado por el Usuario</generatorID>
<ownerDesignName>ERD_POLICIA</ownerDesignName>
<defaultValue>&apos;NO&apos;</defaultValue>
</ColumnProxy>
<ColumnProxy name="ID_PROGRAMA" id="F342DF23-8CEF-C1AD-1C45-8E5C5E7AA1C5">
<createdBy>Manuel</createdBy>
<createdTime>2016-01-24 16:31:35 UTC</createdTime>
<generatorID>Generado por el Usuario</generatorID>
<ownerDesignName>ERD_POLICIA</ownerDesignName>
</ColumnProxy>
</columnProxies>
<foreignKeys>
<ForeignKey class="oracle.dbtools.crest.model.design.storage.oracle.v10g.FKProxyOraclev10g" name="PRGR_CARR_FK" id="BC68132A-3A3A-411A-9CD2-23A17873F6F1">
<createdBy>Manuel</createdBy>
<createdTime>2016-01-24 16:31:35 UTC</createdTime>
<generatorID>Generado por el Usuario</generatorID>
<ownerDesignName>ERD_POLICIA</ownerDesignName>
</ForeignKey>
</foreignKeys>
<primaryKeys>
<PrimaryKey class="oracle.dbtools.crest.model.design.storage.oracle.v10g.PKProxyOraclev10g" name="PRGR_PK" id="C35314A8-BFA3-EF95-44BD-6548D65595EC">
<createdBy>Manuel</createdBy>
<createdTime>2016-01-24 16:31:35 UTC</createdTime>
<generatorID>Generado por el Usuario</generatorID>
<ownerDesignName>ERD_POLICIA</ownerDesignName>
<indexSort>SORTED</indexSort>
</PrimaryKey>
</primaryKeys>
<uniqueKeys>
<UniqueKey class="oracle.dbtools.crest.model.design.storage.oracle.v10g.UniqueOraclev10g" name="PRGR_UK" id="58EC5482-F374-287E-23BC-0924CC6A2105">
<createdBy>Manuel</createdBy>
<createdTime>2016-01-24 16:31:35 UTC</createdTime>
<generatorID>Generado por el Usuario</generatorID>
<ownerDesignName>ERD_POLICIA</ownerDesignName>
<indexSort>SORTED</indexSort>
</UniqueKey>
</uniqueKeys>
</TableProxyOraclev11g>