<?xml version = '1.0' encoding = 'UTF-8'?>
<TableProxyOraclev11g class="oracle.dbtools.crest.model.design.storage.oracle.v11g.TableProxyOraclev11g" name="SIEDU_NECESIDAD_E" directorySegmentName="seg_0" id="AEAC5186-1205-444E-51AD-3BA12F1E675F">
<createdBy>Manuel</createdBy>
<createdTime>2016-05-21 01:53:07 UTC</createdTime>
<generatorID>Generado por el Usuario</generatorID>
<ownerDesignName>ERD_POLICIA</ownerDesignName>
<schemaObject>27F9A1FA-A0B8-DE97-1C86-E0DC544252C3</schemaObject>
<logging>YES</logging>
<partitionedRowMovement>DISABLE</partitionedRowMovement>
<segment>76BC0A60-73F5-E02C-2257-82FB3E7A3B61</segment>
<tableSpace>78155BB3-F85E-BAFC-8BA9-98F3D5923B96</tableSpace>
<temporaryChanged>false</temporaryChanged>
<indexProxies>
<IndexProxy class="oracle.dbtools.crest.model.design.storage.oracle.v10g.IndexProxyOraclev10g" name="SIEDU_NECESIDE_PK" id="DEAA62A5-C224-7829-B852-A51E28566000">
<createdBy>Manuel</createdBy>
<createdTime>2016-05-21 01:53:07 UTC</createdTime>
<generatorID>Generado por el Usuario</generatorID>
<ownerDesignName>ERD_POLICIA</ownerDesignName>
<schemaObject>27F9A1FA-A0B8-DE97-1C86-E0DC544252C3</schemaObject>
<segment>BF0DF6F1-0E58-2677-844D-EE7E0805C388</segment>
<tableSpace>78155BB3-F85E-BAFC-8BA9-98F3D5923B96</tableSpace>
</IndexProxy>
</indexProxies>
<columnProxies itemClass="oracle.dbtools.crest.model.design.storage.oracle.v12c.ColumnProxyOraclev12c">
<ColumnProxy name="ENEC_ORIGEN" id="0CCC5023-2C1C-EB93-5218-7AF685446501">
<createdBy>Manuel</createdBy>
<createdTime>2016-05-21 01:53:07 UTC</createdTime>
<generatorID>Generado por el Usuario</generatorID>
<ownerDesignName>ERD_POLICIA</ownerDesignName>
</ColumnProxy>
<ColumnProxy name="ENEC_ID_CARRERA" id="1C5FBC91-FD6D-4021-76B4-AAC3D19E9408">
<createdBy>Manuel</createdBy>
<createdTime>2016-05-21 01:53:07 UTC</createdTime>
<generatorID>Generado por el Usuario</generatorID>
<ownerDesignName>ERD_POLICIA</ownerDesignName>
</ColumnProxy>
<ColumnProxy name="ENEC_ENVIADO" id="3DD687E9-4EC7-B755-049A-857060CD656F">
<createdBy>Manuel</createdBy>
<createdTime>2016-05-21 01:53:07 UTC</createdTime>
<generatorID>Generado por el Usuario</generatorID>
<ownerDesignName>ERD_POLICIA</ownerDesignName>
<defaultValue>&apos;N&apos;</defaultValue>
</ColumnProxy>
<ColumnProxy name="ENEC_FUERZA_CARRERA" id="501C8D49-A1B1-0AC0-6AC8-B0A2C2F7B37D">
<createdBy>Manuel</createdBy>
<createdTime>2016-05-21 01:53:07 UTC</createdTime>
<generatorID>Generado por el Usuario</generatorID>
<ownerDesignName>ERD_POLICIA</ownerDesignName>
</ColumnProxy>
<ColumnProxy name="ENEC_UDE_UDEPE" id="790063B6-6C34-6289-E355-C464D8AB912F">
<createdBy>Manuel</createdBy>
<createdTime>2016-05-21 01:53:07 UTC</createdTime>
<generatorID>Generado por el Usuario</generatorID>
<ownerDesignName>ERD_POLICIA</ownerDesignName>
</ColumnProxy>
<ColumnProxy name="ENEC_UDE_REGION" id="7ECBB168-F299-59E1-C3CB-B1CA76322EBD">
<createdBy>Manuel</createdBy>
<createdTime>2016-05-21 01:53:07 UTC</createdTime>
<generatorID>Generado por el Usuario</generatorID>
<ownerDesignName>ERD_POLICIA</ownerDesignName>
</ColumnProxy>
<ColumnProxy name="ENEC_UDE_FUERZA_UFISI" id="A6440132-E0A0-2603-869D-121B6DB81C67">
<createdBy>Manuel</createdBy>
<createdTime>2016-05-21 01:53:07 UTC</createdTime>
<generatorID>Generado por el Usuario</generatorID>
<ownerDesignName>ERD_POLICIA</ownerDesignName>
</ColumnProxy>
<ColumnProxy name="ENEC_ENEC" id="AAE52AB8-2B94-CBE3-FF45-FBFC70CE1EB1">
<createdBy>Manuel</createdBy>
<createdTime>2016-05-21 01:53:07 UTC</createdTime>
<generatorID>Generado por el Usuario</generatorID>
<ownerDesignName>ERD_POLICIA</ownerDesignName>
</ColumnProxy>
<ColumnProxy name="ENEC_UDE_FUERZA_UDEPE" id="AC21BA95-8924-CAB0-B88C-14D4C16B7FE4">
<createdBy>Manuel</createdBy>
<createdTime>2016-05-21 01:53:07 UTC</createdTime>
<generatorID>Generado por el Usuario</generatorID>
<ownerDesignName>ERD_POLICIA</ownerDesignName>
</ColumnProxy>
<ColumnProxy name="ENEC_UDE_UFISI" id="C3E5EC18-B88C-5805-9A28-6BB43F3EBC3D">
<createdBy>Manuel</createdBy>
<createdTime>2016-05-21 01:53:07 UTC</createdTime>
<generatorID>Generado por el Usuario</generatorID>
<ownerDesignName>ERD_POLICIA</ownerDesignName>
</ColumnProxy>
<ColumnProxy name="ENEC_VIGENCIA" id="C8096DAE-8096-B9EF-DDA4-6239ED67D745">
<createdBy>Manuel</createdBy>
<createdTime>2016-05-21 01:53:07 UTC</createdTime>
<generatorID>Generado por el Usuario</generatorID>
<ownerDesignName>ERD_POLICIA</ownerDesignName>
</ColumnProxy>
<ColumnProxy name="ENEC_UDE_FUERZA_REGION" id="DAA07B7F-47BC-27C8-4964-9B5DAAB5FA28">
<createdBy>Manuel</createdBy>
<createdTime>2016-05-21 01:53:07 UTC</createdTime>
<generatorID>Generado por el Usuario</generatorID>
<ownerDesignName>ERD_POLICIA</ownerDesignName>
</ColumnProxy>
<ColumnProxy name="ENEC_NRO" id="EB58A3BE-117E-CC76-8F5A-A688FA7DEC98">
<createdBy>Manuel</createdBy>
<createdTime>2016-05-21 01:53:07 UTC</createdTime>
<generatorID>Generado por el Usuario</generatorID>
<ownerDesignName>ERD_POLICIA</ownerDesignName>
</ColumnProxy>
</columnProxies>
<primaryKeys>
<PrimaryKey class="oracle.dbtools.crest.model.design.storage.oracle.v10g.PKProxyOraclev10g" name="SIEDU_NECESIDE_PK" id="8DAA0983-2E36-5BAB-5BCC-8F2DC6573BBC">
<createdBy>Manuel</createdBy>
<createdTime>2016-05-21 01:53:07 UTC</createdTime>
<generatorID>Generado por el Usuario</generatorID>
<ownerDesignName>ERD_POLICIA</ownerDesignName>
<segment>BF0DF6F1-0E58-2677-844D-EE7E0805C388</segment>
<tableSpace>78155BB3-F85E-BAFC-8BA9-98F3D5923B96</tableSpace>
<existingIndex>DEAA62A5-C224-7829-B852-A51E28566000</existingIndex>
<indexSegment>BF0DF6F1-0E58-2677-844D-EE7E0805C388</indexSegment>
<indexSort>SORTED</indexSort>
<usingIndex>BY INDEX NAME</usingIndex>
</PrimaryKey>
</primaryKeys>
</TableProxyOraclev11g>