<?xml version = '1.0' encoding = 'UTF-8'?>
<DomainFile class="oracle.dbtools.crest.model.design.DomainFileWrapper" fileName="SIEDU_ACTA_EVENTO_Domains">
   <domains>
      <Domain class="oracle.dbtools.crest.model.design.Domain" name="NUMERIC_6_0_0" id="195A7AA5-6CED-2F13-8643-80CAB573C38E">
         <createdBy>Manuel</createdBy>
         <createdTime>2016-07-24 16:13:26 UTC</createdTime>
         <generatorID>Generado por el Usuario</generatorID>
         <ownerDesignName>ERD_POLICIA</ownerDesignName>
         <avTSortOrder>0</avTSortOrder>
         <dataTypePrecision>6</dataTypePrecision>
         <dataTypeScale>0</dataTypeScale>
         <dataTypeSize>0</dataTypeSize>
         <fileName>SIEDU_ACTA_EVENTO_Domains</fileName>
         <logicalDatatype>LOGDT019</logicalDatatype>
      </Domain>
      <Domain class="oracle.dbtools.crest.model.design.Domain" name="VARCHAR_0_0_30" id="62AC5C6E-DF9A-2CE8-05B7-F0C9E3338787">
         <createdBy>Manuel</createdBy>
         <createdTime>2016-07-24 16:13:26 UTC</createdTime>
         <generatorID>Generado por el Usuario</generatorID>
         <ownerDesignName>ERD_POLICIA</ownerDesignName>
         <avTSortOrder>0</avTSortOrder>
         <dataTypePrecision>0</dataTypePrecision>
         <dataTypeScale>0</dataTypeScale>
         <dataTypeSize>30</dataTypeSize>
         <fileName>SIEDU_ACTA_EVENTO_Domains</fileName>
         <logicalDatatype>LOGDT024</logicalDatatype>
      </Domain>
      <Domain class="oracle.dbtools.crest.model.design.Domain" name="VARCHAR_0_0_10" id="A12B0FE9-328D-0437-D421-D22F6E244046">
         <createdBy>Manuel</createdBy>
         <createdTime>2016-07-24 16:13:26 UTC</createdTime>
         <generatorID>Generado por el Usuario</generatorID>
         <ownerDesignName>ERD_POLICIA</ownerDesignName>
         <avTSortOrder>0</avTSortOrder>
         <dataTypePrecision>0</dataTypePrecision>
         <dataTypeScale>0</dataTypeScale>
         <dataTypeSize>10</dataTypeSize>
         <fileName>SIEDU_ACTA_EVENTO_Domains</fileName>
         <logicalDatatype>LOGDT024</logicalDatatype>
      </Domain>
   </domains>
</DomainFile>