<?xml version = '1.0' encoding = 'UTF-8'?>
<DomainFile class="oracle.dbtools.crest.model.design.DomainFileWrapper" fileName="siedu_foema_Escuela_cohorte_Domains">
   <domains>
      <Domain class="oracle.dbtools.crest.model.design.Domain" name="Date_0_0_0" id="34D6D752-0BC4-AA45-ED17-A754ADAE39D9">
         <createdBy>Manuel</createdBy>
         <createdTime>2016-01-24 16:31:39 UTC</createdTime>
         <generatorID>Generado por el Usuario</generatorID>
         <ownerDesignName>ERD_POLICIA</ownerDesignName>
         <avTSortOrder>0</avTSortOrder>
         <fileName>siedu_foema_Escuela_cohorte_Domains</fileName>
         <logicalDatatype>LOGDT007</logicalDatatype>
      </Domain>
      <Domain class="oracle.dbtools.crest.model.design.Domain" name="NUMERIC_0_0_0" id="39F3C705-D4BC-2081-9BBE-E18E40AB9255">
         <createdBy>Manuel</createdBy>
         <createdTime>2016-01-24 16:31:39 UTC</createdTime>
         <generatorID>Generado por el Usuario</generatorID>
         <ownerDesignName>ERD_POLICIA</ownerDesignName>
         <avTSortOrder>0</avTSortOrder>
         <fileName>siedu_foema_Escuela_cohorte_Domains</fileName>
         <logicalDatatype>LOGDT019</logicalDatatype>
      </Domain>
      <Domain class="oracle.dbtools.crest.model.design.Domain" name="NUMERIC_2_0_0" id="B3081A11-5EF0-8FD9-2119-916A08354268">
         <createdBy>Manuel</createdBy>
         <createdTime>2016-01-24 16:31:39 UTC</createdTime>
         <generatorID>Generado por el Usuario</generatorID>
         <ownerDesignName>ERD_POLICIA</ownerDesignName>
         <avTSortOrder>0</avTSortOrder>
         <dataTypePrecision>2</dataTypePrecision>
         <dataTypeScale>0</dataTypeScale>
         <dataTypeSize>0</dataTypeSize>
         <fileName>siedu_foema_Escuela_cohorte_Domains</fileName>
         <logicalDatatype>LOGDT019</logicalDatatype>
      </Domain>
      <Domain class="oracle.dbtools.crest.model.design.Domain" name="NUMERIC_4_0_0" id="CAD0AB6A-8127-C16C-37C9-FEA934DFD56F">
         <createdBy>Manuel</createdBy>
         <createdTime>2016-01-24 16:31:39 UTC</createdTime>
         <generatorID>Generado por el Usuario</generatorID>
         <ownerDesignName>ERD_POLICIA</ownerDesignName>
         <avTSortOrder>0</avTSortOrder>
         <dataTypePrecision>4</dataTypePrecision>
         <dataTypeScale>0</dataTypeScale>
         <dataTypeSize>0</dataTypeSize>
         <fileName>siedu_foema_Escuela_cohorte_Domains</fileName>
         <logicalDatatype>LOGDT019</logicalDatatype>
      </Domain>
      <Domain class="oracle.dbtools.crest.model.design.Domain" name="VARCHAR_0_0_100" id="E6016132-F594-A604-9B12-E4A4183779F5">
         <createdBy>Manuel</createdBy>
         <createdTime>2016-01-24 16:31:39 UTC</createdTime>
         <generatorID>Generado por el Usuario</generatorID>
         <ownerDesignName>ERD_POLICIA</ownerDesignName>
         <avTSortOrder>0</avTSortOrder>
         <dataTypePrecision>0</dataTypePrecision>
         <dataTypeScale>0</dataTypeScale>
         <dataTypeSize>100</dataTypeSize>
         <fileName>siedu_foema_Escuela_cohorte_Domains</fileName>
         <logicalDatatype>LOGDT024</logicalDatatype>
      </Domain>
   </domains>
</DomainFile>