<?xml version = '1.0' encoding = 'UTF-8'?>
<SequenceOraclev10g class="oracle.dbtools.crest.model.design.storage.oracle.v10g.SequenceOraclev10g" name="siedu_acta_evento_seq" directorySegmentName="seg_0" id="374F0E11-94FD-D857-ACF1-D76949776E38">
<sourceDDLFile>SIEDU_ACTA_EVENTO.sql</sourceDDLFile>
<createdBy>Manuel</createdBy>
<createdTime>2016-07-24 16:13:26 UTC</createdTime>
<generatorID>Generado por el Usuario</generatorID>
<ownerDesignName>ERD_POLICIA</ownerDesignName>
<noCache>YES</noCache>
</SequenceOraclev10g>