<?xml version = '1.0' encoding = 'UTF-8'?>
<StorageDesignOraclev11g class="oracle.dbtools.crest.model.design.storage.oracle.v11g.StorageDesignOraclev11g" name="Oracle Database 11g" id="176757AE-EAF9-CAC4-3046-0C3FDA06895F">
<createdBy>Manuel</createdBy>
<createdTime>2016-01-24 16:31:35 UTC</createdTime>
<generatorID>Generado por el Usuario</generatorID>
<ownerDesignName>ERD_POLICIA</ownerDesignName>
<siteID>32076570-2523-435C-2E92-BF29817DFF70</siteID>
<siteName>Oracle Database 11g</siteName>
<siteType>9</siteType>
</StorageDesignOraclev11g>