<?xml version = '1.0' encoding = 'UTF-8'?>
<TableSpaceOraclev10g class="oracle.dbtools.crest.model.design.storage.oracle.v10g.TableSpaceOraclev10g" name="USERS" directorySegmentName="seg_0" id="78155BB3-F85E-BAFC-8BA9-98F3D5923B96">
<sourceConnName>POLILOCALDESA</sourceConnName>
<sourceObjSchema>POLILOCALDESA</sourceObjSchema>
<sourceObjName>USERS</sourceObjName>
<createdBy>Manuel</createdBy>
<createdTime>2016-05-21 01:52:43 UTC</createdTime>
<generatorID>Generado por el Usuario</generatorID>
<ownerDesignName>ERD_POLICIA</ownerDesignName>
<emUniformSize>0</emUniformSize>
<extentManagement>LOCAL</extentManagement>
</TableSpaceOraclev10g>